customer_id,predicted_purchases_holdout,p_alive,expected_avg_value,clv_12m,p_churn,fold,value_at_risk,expected_save,selected_uniform_cost,variable_cost,expected_save_variable_cost,selected_variable_cost_knapsack
12346,0.8342888600004149,0.9203460333809544,34878.644692172435,16112.955544241075,0.4420757949352264,train,7123.147630976337,1419.6295261952673,True,5.606656864158529,1419.0228693311087,True
12347,2.130916830958465,0.9296092075125948,595.962654769152,696.4415464924662,0.11969987973570824,train,83.36396935809886,11.67279387161977,False,6.14132587889931,10.531467992720462,False
12348,1.917943670190097,0.9348060765281961,392.16133131177793,413.22942210988515,0.15188405513763428,test,62.76296033223055,7.55259206644611,False,6.070879145661385,6.481712920784725,False
12349,0.5523966706459442,0.8717018728501956,1023.231617344829,312.9901904174407,0.42228121161460874,train,132.16987683296398,21.433975366592797,True,5.439799975860704,20.994175390732092,True
12350,0.6081799783207076,1.0,434.4814601229518,145.0014322984572,0.7030795097351075,train,101.94753593128766,15.389507186257532,True,5.475103091309796,14.914404094947736,True
12351,0.4551400754513938,1.0,434.4814601229518,108.9797460452973,0.7030795097351075,train,76.62142642058414,10.32428528411683,False,5.375102167777524,9.949183116339306,False
12352,3.2047731781130784,0.8675168159238618,179.50758523365334,314.77324886864176,0.26168313920497893,train,82.37085190169626,11.474170380339253,False,6.436220350974343,10.037950029364909,False
12353,0.9697986911911958,0.9460520023961294,151.1862073138564,80.675441937158,0.5302907645702362,train,42.78144178689721,3.556288357379442,False,5.677931350315837,2.878357007063605,False
12354,1.021755769579074,1.0,434.4814601229518,241.42631614662875,0.4163025259971619,train,100.50638525403095,15.101277050806189,True,5.703966326744673,14.397310724061516,True
12355,0.6288992682646452,0.9463925638468363,454.87137671220773,158.31897331419813,0.5385205388069153,train,85.25801881251962,12.051603762503927,False,5.487904491160771,11.563699271343156,False
12356,2.5429661646030084,0.931792017533387,1149.4403140983945,1603.3911572124427,0.11895914003252983,test,190.73803319775504,33.14760663955101,True,6.264964275909145,31.882642363641864,True
12357,0.4333496426884885,1.0,434.4814601229518,103.83155531188956,0.597990345954895,train,62.09026768199165,7.418053536398331,False,5.360014112586546,7.058039423811785,False
12358,0.7104524810699363,0.9071699978713708,533.6658180795193,210.28152163371684,0.4572018444538116,train,96.14109954548942,14.228219909097888,True,5.536757944324659,13.691461964773229,True
12359,2.497520243725523,0.9836712320551401,656.2015108478016,906.6841675300908,0.018114506825804712,train,16.424136541572892,-1.7151726916854213,False,6.252054215596652,-2.967226907282073,False
12360,1.1891036940114783,0.9672138620386113,686.9572016938888,452.01502407913756,0.17688405364751816,train,79.95424976869839,10.990849953739678,False,5.783492187912831,10.207357765826847,False
12361,1.100944680124828,0.9401252501009071,140.53025761066752,85.66227738113635,0.44865222573280333,train,38.432571408387595,2.6865142816775194,False,5.7423870912567345,1.9441271904207849,False
12362,1.5479673570726973,0.9263672287674454,447.36123591391015,377.93246156641857,0.28706775307655336,train,108.49222255656264,16.69844451131253,True,5.935295926431894,15.763148584880636,True
12363,0.9396163524808873,1.0,434.4814601229518,222.36301006701999,0.4572018444538116,train,101.66477834094302,15.332955668188603,True,5.662490197065701,14.670465471122903,True
12365,0.6745711989468633,1.0,434.4814601229518,160.5625284226788,0.6708616375923157,test,107.71524075360104,16.54304815072021,True,5.5155571318745364,16.027491018845673,True
12366,0.22793668066365866,1.0,434.4814601229518,55.01050910441071,0.8397114157676697,train,46.192952482165,4.238590496433,False,5.205335265418059,4.033255231014941,False
12368,0.2301618121264588,1.0,434.4814601229518,55.542577693392765,0.8843242883682251,train,49.11765049284641,4.823530098569282,False,5.2071457153061385,4.616384383263144,False
12369,0.7790960109448892,0.8497890686821765,584.8656380224871,252.28553059982434,0.4572018444538116,train,115.34540991924823,18.069081983849646,True,5.576105376280197,17.49297660756945,True
12370,1.4440340587985945,0.9445552316819845,689.5519685258192,550.8228552470757,0.2360052913427353,test,129.9971084308234,20.99942168616468,True,5.893649976890888,20.105771709273792,True
12371,0.5027067106297335,0.8869282906709407,1170.0893050949157,326.1156610179449,0.5568538665771484,train,181.59876678920526,31.31975335784105,True,5.407267955754441,30.91248540208661,True
12372,1.5560674397617837,0.9364184989738982,471.5150293547192,400.4625246384187,0.28706775307655336,train,114.95987713931474,17.99197542786295,True,5.93846992105054,17.05350550681241,True
12373,0.8035814316279384,0.929689450325142,299.66034097458464,133.4111970592567,0.5204034864902496,train,69.42765208647492,8.885530417294985,False,5.589774372339884,8.295756044955102,False
12374,0.5461067571352131,0.8599601268565188,617.4954408325164,186.72701992873039,0.4655351758003235,train,86.927996049192,12.3855992098384,False,5.435740001555523,11.949859208282877,False
12376,0.7310229597941229,0.7350447067332062,103.30496030288575,41.572720138114896,0.6675609827041626,train,27.752325909085112,0.5504651818170228,False,5.548712539996416,0.0017526418206070815,False
12377,1.2714423405822808,0.9081906688148198,667.9961221329806,469.21481877622995,0.28706775307655336,train,134.6964437363145,21.939288747262903,True,5.82041502204407,21.118873725218833,True
12378,0.26421204424989764,1.0,434.4814601229518,63.67485642857345,0.7488255381584168,train,47.68135863228644,4.536271726457288,False,5.234449038181931,4.301822688275357,False
12379,0.5927373769626094,0.8268953646717407,381.9836565191364,125.19326924653612,0.6167334914207458,test,77.2108820447937,10.442176408958742,False,5.465454156673125,9.976722252285617,False
12380,1.1777734455946,0.9703743927665436,1221.262099335471,796.0504477243248,0.1834057942032814,train,146.00026459075755,24.200052918151513,True,5.778302999630488,23.421749918521027,True
12383,3.4655086122214365,0.9749605606345,276.8558425208738,523.8238349966824,0.05441379956901073,train,28.503245166980026,0.7006490333960054,False,6.496383118752963,-0.7957340853569574,False
12385,0.4482049505026783,1.0,434.4814601229518,107.34182317443612,0.6173507690429687,train,66.2675570872125,8.2535114174425,False,5.370324824350029,7.8831865930924705,False
12386,0.9504835063222081,0.7941340973461002,195.45996311167227,101.97941233602462,0.5581755399703979,train,56.9224135465244,6.384482709304882,False,5.668077293800755,5.716405415504127,False
12387,0.3941674930227116,1.0,434.4814601229518,94.56093864391492,0.7456257104873657,train,70.50706706072125,9.101413412144252,False,5.3322974579345574,8.769115954209695,False
12388,1.6891908170299073,0.9337433435194731,360.32971728485745,335.97305455350164,0.2360052913427353,train,79.29141862320785,10.85828372464157,False,5.989240336847843,9.869043387793727,False
12389,0.7750572432464764,0.8678304051893035,614.4412489266301,263.74818007725514,0.4572018444538116,train,120.5861544026571,19.117230880531423,True,5.573832672123693,18.54339820840773,True
12391,0.8440563162347646,0.695411749478862,518.1181833335088,242.0378879101921,0.5234670341014862,test,126.69885532453623,20.339771064907247,True,5.611967664925523,19.727803399981724,True
12392,0.24808444562836,1.0,434.4814601229518,59.825321100652275,0.8850211501121521,train,52.94667448632808,5.589334897265616,False,5.221609932424393,5.367724964841223,False
12393,2.5132719643126338,0.9327813397104906,395.65634262856327,545.5860410749148,0.10591566115617752,train,57.786106258031026,6.557221251606206,False,6.256547786829351,5.300673464776855,False
12394,1.1762519163755984,1.0,434.4814601229518,277.1869118215254,0.4314875602722168,test,119.60270432126009,18.92054086425202,True,5.777604092686019,18.142936771566,True
12395,3.142250616401284,0.9750083409535204,244.31939353863515,423.3939066687484,0.018114506825804712,train,7.669571812355166,-3.466085637528967,False,6.421239267275584,-4.887324904804551,False
12396,0.2111952399072099,1.0,434.4814601229518,51.00473734161836,0.8533052325248718,train,43.522609257159665,3.7045218514319327,False,5.191607673629925,3.512914177802008,False
12399,1.5466195591982823,0.9679303086082541,340.5513571105387,291.2018242009439,0.15188405513763428,train,44.228913923115854,3.8457827846231716,False,5.934766816642226,2.911015967980946,False
12400,0.39549167078187303,1.0,434.4814601229518,94.87453510031064,0.7309745192527771,train,69.3508676842803,8.870173536856061,False,5.333246805350038,8.536926731506023,False
12401,0.6310562879520729,1.0,434.4814601229518,150.36742648397322,0.7758354663848877,train,116.66038245528867,18.332076491057734,True,5.489227834356725,17.84284865670101,True
12402,1.6603186952139861,0.8973887568091108,202.2365580077502,185.6718519393454,0.3883395612239838,train,72.10372551376987,9.420745102753976,False,5.978445925847757,8.442299176906218,False
12403,0.2909577710460798,1.0,434.4814601229518,70.05028716022218,0.7239949345588684,train,50.716053068395,5.143210613679001,False,5.2553844010631146,4.887826212615886,False
12406,0.7330456248719057,0.8844726897814595,986.2785334363258,400.7432458925316,0.42228121161460874,train,169.22634342186933,28.84526868437387,True,5.549880337491305,28.295388346882564,True
12407,1.8269136946121864,0.903715920895703,274.70998598976115,272.90893829387005,0.31706775426864625,train,86.53062418467793,12.306124836935588,False,6.039185549279106,11.266939287656482,False
12408,1.6188768112363419,0.9350651136812219,610.647009259569,544.5361614539864,0.1834057942032814,train,99.87108716387465,14.974217432774932,True,5.96274552785435,14.011471904920581,False
12409,0.9892660790517054,0.6709652858212757,1751.5511614533375,956.6508610584508,0.42228121161460874,train,403.9756846999213,75.79513693998427,True,5.687765766214667,75.10737117376961,True
12410,0.7075036417346796,0.9116479250333414,515.485427936881,201.45585176760258,0.597990345954895,train,120.4686544931467,19.093730898629342,True,5.5350324452480475,18.558698453381297,True
12411,0.40224855814563326,1.0,434.4814601229518,96.4744016209081,0.7030795097351075,test,67.82917499361592,8.565834998723185,False,5.3380770611623385,8.227757937560845,False
12412,0.8955356074151484,0.7877800154937838,325.5283010372783,160.97608731782907,0.4420757949352264,train,71.1636317665917,9.232726353318341,False,5.6395014410339765,8.593224912284365,False
12413,1.5749776803224322,0.9385383438270869,272.69765532929904,235.80026611156458,0.28706775307655336,train,67.6906525675002,8.53813051350004,False,5.945840866242184,7.592289647257855,False
12414,1.8242030986703053,0.9576955468654159,167.041604888623,167.6078726146449,0.4039283812046051,train,67.70157666238117,8.540315332476235,False,6.0382262358375645,7.50208909663867,False
12415,4.150350115549469,0.9778728368764924,7350.65541914732,16779.827009479824,0.018114506825804712,train,303.9582908990445,55.791658179808906,True,6.639064695966703,54.1525934838422,True
12416,0.21823199699167486,1.0,434.4814601229518,52.689004741508604,0.9585925817489624,train,50.50728908494606,5.101457816989212,False,5.197400624870476,4.904057192118736,False
12417,4.5513036630564745,0.9900734278020912,279.43322034641005,702.9861216599478,0.005940594151616097,train,4.176155243000368,-4.164768951399926,False,6.7140327944194205,-5.878801745819347,False
12418,0.7901146041797611,0.8438273621055633,497.4002175039902,217.53779255369076,0.4420757949352264,train,96.16819257162722,14.233638514325445,True,5.582279642484602,13.651358871840843,False
12419,0.7452126989967274,0.7393808081254498,202.92091084797082,83.2294909554327,0.6675609827041626,train,55.56076077217587,6.112152154435174,False,5.556876438768878,5.555275715666296,False
12421,1.1033341797035174,0.8929195356484805,184.9889624591147,112.57624574011915,0.4572018444538116,test,51.47006719406803,5.294013438813607,False,5.74352379027963,4.550489648533977,False
12422,2.4418415502899857,0.8441980982988995,348.67662169739816,470.83949863469064,0.20747986882925035,test,97.6897174163556,14.537943483271121,True,6.236006662531597,13.301936820739524,False
12423,3.8805422570132593,0.9801536587795321,247.4315646225179,527.0093980826513,0.018114506825804712,test,9.54651533883142,-3.0906969322337163,False,6.585256331932303,-4.6759532641660195,False
12424,0.5806540345980457,0.8370885685121894,1006.760140419311,323.36315320355794,0.4504091262817383,train,145.6457153061224,24.129143061224482,True,5.457838707335018,23.671304353889465,True
12425,0.3549560698998087,1.0,434.4814601229518,85.26508208192008,0.6173507690429687,test,52.638463995785216,5.527692799157045,False,5.303769033067952,5.223923766089093,False
12426,0.5220344415104791,0.9505391994580815,496.9560412511303,143.8785042400584,0.5247887074947357,train,75.50581427641609,10.101162855283219,False,5.420047888296784,9.681114966986435,False
12427,0.46229371700938304,1.0,434.4814601229518,110.66873390612491,0.7379132986068726,train,81.66393048931488,11.332786097862975,False,5.380006241976929,10.952779855886046,False
12428,3.3991820735940674,0.8626194780618099,247.45459602891677,456.62739133101456,0.18848782628774643,train,86.06870441542709,12.213740883085418,False,6.481418631279103,10.732322251806314,False
12429,1.4729783004718269,0.9570235559910777,826.6324957173447,671.8257995184782,0.17785023897886276,train,119.4843789965269,18.89687579930538,True,5.9054232139240845,17.991452585381296,True
12431,5.153552251659044,0.9860546199489904,364.58333938713423,1037.5947641699772,0.0,train,0.0,-5.0,False,6.817029516966437,-6.817029516966437,False
12433,1.3448893859890942,0.5753088574070665,1694.032461217893,1252.9731342024056,0.4026041984558105,train,504.45224438222425,95.89044887644485,True,5.852238230631793,95.03821064581305,True
12434,1.0361676880684543,0.9175499668645954,312.90839863087706,178.13586637790817,0.4572018444538116,train,81.44404667135734,11.28880933427147,False,5.711069456823497,10.577739877447971,False
12435,1.295347962534234,0.9525766385137934,2171.319886637087,1558.0335574591738,0.2360052913427353,train,367.70416364991064,68.54083272998213,True,5.8308844496816885,67.70994828030044,True
12437,7.402217219784535,0.9893232986480912,323.76301027908096,1324.18911274324,0.0,test,0.0,-5.0,False,7.128495625755599,-7.128495625755599,False
12439,0.25914759559162126,0.5261802190469128,140.95405041836156,20.28131718590643,0.8059141635894775,train,16.34500077637268,-1.730999844725464,False,5.230434980591046,-1.9614348253165104,False
12440,0.436893468858159,0.8754238147670472,283.753310553649,68.82030471165933,0.622990345954895,train,42.87438544103794,3.5748770882075878,False,5.3624834699425055,3.2123936182650823,False
12441,0.47155914159509343,1.0,434.4814601229518,112.85550666994108,0.7456257104873657,train,84.14796734318645,11.829593468637292,False,5.386322479249755,11.443270989387536,False
12443,0.19131914382366463,1.0,434.4814601229518,46.24281635011668,0.8850211501121521,train,40.92587051060529,3.1851741021210582,False,5.175061217385713,3.010112884735345,False
12445,0.387677659530811,1.0,434.4814601229518,93.02369052685779,0.7110795021057129,train,66.14723954387397,8.229447908774794,False,5.327631601346749,7.901816307428046,False
12447,0.9321275501741145,1.0,434.4814601229518,220.62306989185166,0.4655351758003235,train,102.70779962771022,15.541559925542046,True,5.658621753369976,14.88293817217207,True
12449,0.8844083929072851,0.9511415505102064,708.6501847140207,345.3436915344596,0.36535983085632323,train,126.17471272632842,20.234942545265685,True,5.6336139217222225,19.601328623543463,True
12450,0.9163443045373078,0.6827633117016512,197.01292369341178,99.46010658897308,0.5484078168869019,train,54.54469992179729,5.908939984359458,False,5.650419363058747,5.258520621300711,False
12451,1.537810630213204,0.9598738418635695,2138.7764712675057,1813.7343138835633,0.09874695762991906,test,179.10074544499054,30.820149088998107,True,5.931301752723266,29.888847336274843,True
12454,0.7935952628876833,0.5041660258811983,3736.1841464681984,1629.622895164573,0.5400744855403901,train,880.1177467308478,171.02354934616957,True,5.584222132212558,170.43932721395703,True
12455,1.65716654831191,0.9776160541486145,720.7958495284471,661.1963173564226,0.0718051042407751,train,47.47727049139454,4.495454098278909,False,5.977260347655458,3.5181937506234506,False
12456,0.8570347707827123,1.0,434.4814601229518,203.15745771346107,0.4655351758003235,train,94.57694279178288,13.915388558356579,True,5.618981006364747,13.296407551991832,False
12457,1.959544488347338,0.9462418368514431,311.41291075418985,335.20979168846407,0.2500264525413513,train,83.81131507299202,11.762263014598403,False,6.085035367421986,10.677227647176418,False
12458,1.1899340559421738,0.9186547529532165,372.4843699563761,244.30681719875807,0.28706775307655336,train,70.13260907453174,9.02652181490635,False,5.783871431933121,8.242650382973228,False
12459,0.24098377389438685,1.0,434.4814601229518,58.12917103252999,0.8666336059570312,train,50.376693103214464,5.075338620642894,False,5.215904431112324,4.85943418953057,False
12460,0.346599191335169,1.0,434.4814601229518,83.28142942991195,0.7379132986068726,train,61.45447430332181,7.290894860664363,False,5.297582296605448,6.993312564058915,False
12462,0.6310562879520729,1.0,434.4814601229518,150.36742648397322,0.5818538665771484,train,87.49186850695493,12.498373701390985,False,5.489227834356725,12.00914586703426,False
12463,2.2351357573454558,0.9331503830476823,292.5178744328833,354.33126393849915,0.23755615055561066,train,84.17357108273393,11.834714216546786,False,6.1740708922486895,10.660643324298096,False
12464,2.3679105167251837,0.9538586436603476,165.04963970789896,213.08988319064267,0.3208343505859375,train,68.36655428990312,8.673310857980624,False,6.2142925273588325,7.459018330621792,False
12467,0.38388551649578073,1.0,434.4814601229518,92.12521053115658,0.7758354663848877,train,71.47400567824583,9.294801135649166,False,5.324895134479092,8.969906001170074,False
12468,1.453378879015746,0.9746400218296148,694.0996168812632,558.2101129144459,0.17736756056547165,train,99.00836601061174,14.801673202122348,True,5.897466208716552,13.904206993405797,False
12469,0.3894915694384718,0.5459552831666347,991.3217177957376,213.5147370209292,0.6325830459594727,test,135.06580270193518,22.013160540387037,True,5.328937902847342,21.684222637539698,True
12470,0.2056690639722207,1.0,434.4814601229518,49.68145078936468,0.9082238912582398,test,45.12188055927154,4.024376111854307,False,5.187034652665002,3.8373414591893056,False
12471,9.695496436966149,0.9800846631719763,723.0805658126911,3872.4875464272454,0.0,train,0.0,-5.0,False,7.369822759125746,-7.369822759125746,False
12472,4.013229620714454,0.9205156322530669,749.1690637918365,1661.7999350983357,0.049891219660639766,train,82.90922559402797,11.581845118805596,False,6.612080342282108,9.969764776523487,False
12473,1.5963350301184476,1.0,434.4814601229518,373.9032733885142,0.4109009027481079,train,153.6371925758131,25.727438515162618,True,5.954100846800793,24.773337668361826,True
12474,5.728161678237978,0.9860022547608116,408.74629080485204,1292.063029802144,0.005940594151616097,train,7.675622078361991,-3.4648755843276016,False,6.906301953035598,-5.3711775373632,False
12475,0.40224855814563326,1.0,434.4814601229518,96.4744016209081,0.6813801646232605,train,65.7357436583849,8.147148731676982,False,5.3380770611623385,7.809071670514643,False
12476,4.823647813265059,0.965477487468482,731.7457763587536,1939.014110893,0.018114506825804712,test,35.1242843471029,2.0248568694205806,False,6.7619268374424575,0.26293003197812315,False
12477,1.5940589562608345,0.9581771856366892,2300.554621090263,2026.4800333566263,0.1316616103053093,train,266.8096244432903,48.361924888658066,True,5.953223813569991,47.408701075088075,True
12480,1.995918872593563,0.9268168919143699,719.475447308606,790.6898175552859,0.09874695762991906,train,78.07821391254025,10.61564278250805,False,6.097250986714765,9.518391795793285,False
12481,3.1204847474648543,0.9781367612130751,719.6752364383597,1238.70032397119,0.018114506825804712,train,22.43844547370263,-0.5123109052594739,False,6.415970813592039,-1.9282817188515127,False
12482,0.11149776755992384,0.07095711305281116,3696.744281040132,227.96179611441644,0.7656313896179199,train,174.5347067388776,29.906941347775522,True,5.105708445927001,29.801232901848522,True
12483,4.330211016565612,0.9825381759592701,207.76385389146105,496.76361211133667,0.018114506825804712,train,8.998627842402213,-3.2002744315195573,False,6.673390827744097,-4.873665259263654,False
12484,1.6035049755340167,0.883778058336762,416.92036524521956,369.7641444624658,0.2754639804363251,train,101.85670305626317,15.371340611252634,True,5.956858604713293,14.414482006539341,False
12485,0.28532166407194176,1.0,434.4814601229518,68.70766559995629,0.7319949269294739,train,50.293662660334725,5.058732532066946,False,5.251009009256774,4.807723522810172,False
12486,0.37412721253297265,1.0,434.4814601229518,89.8123524369471,0.7030795097351075,train,63.145224719525444,7.62904494390509,False,5.317818775055118,7.311226168849972,False
12487,0.19194201005280262,1.0,434.4814601229518,46.392146106814806,0.8297021389007568,train,38.491662853020664,2.6983325706041335,False,5.175583918175182,2.5227486524289517,False
12489,0.5360451019710034,1.0,434.4814601229518,128.05077734324456,0.7229745268821717,train,92.57745016662655,13.51549003332531,False,5.42921099755676,13.08627903576855,False
12490,3.3246452495928467,0.9789579579928848,404.4572638409318,743.6377672505483,0.018114506825804712,train,13.470631410786233,-2.3058737178427533,False,6.464330113804229,-3.770203831646982,False
12492,0.4106685908275494,1.0,434.4814601229518,98.46731041664057,0.6813801646232605,train,67.09367218170024,8.41873443634005,False,5.344063769895145,8.074670666444904,False
12493,1.4744964672971808,1.0,434.4814601229518,345.9206343047218,0.48365222811698916,train,167.30528553312087,28.461057106624175,True,5.906036927765697,27.555020178858477,True
12494,2.17011583013106,0.9751463862648584,174.216163891606,208.54415357522427,0.22835978865623474,train,47.62309883593158,4.524619767186316,False,6.15376812669516,3.370851640491156,False
12495,0.2248928638928582,1.0,434.4814601229518,54.282548437215624,0.9135925769805908,train,49.59213331182956,4.918426662365913,False,5.202853382125366,4.715573280240547,False
12496,0.23381389219965285,1.0,434.4814601229518,56.41568242197528,0.9335925817489624,train,52.66926260346146,5.533852520692292,False,5.210110097415255,5.323742423277038,False
12497,0.5062741228227248,0.8915381381081677,3352.5395006172325,940.9979655469892,0.4870166540145874,train,458.28168061522865,86.65633612304573,True,5.409639133280604,86.24669698976513,True
12499,0.2654020095250402,1.0,434.4814601229518,63.958735515500564,0.8071539163589477,train,51.6245438567024,5.324908771340482,False,5.235389865784578,5.089518905555904,False
12500,3.2304928481004813,0.9324494828134882,236.95147865422098,422.78886065238856,0.072985365614295,test,30.8573995723658,1.17147991447316,False,6.442318498824432,-0.2708385843512717,False
12501,0.5360451019710034,1.0,434.4814601229518,128.05077734324456,0.597990345954895,train,76.57312864328004,10.31462572865601,False,5.42921099755676,9.88541473109925,False
12502,2.333287922726694,0.9399109640653209,481.50642386045257,612.5681147400182,0.13992232456803322,train,85.71195457068104,12.142390914136211,False,6.2039591810511485,10.938431733085062,False
12503,0.2517941896703412,1.0,434.4814601229518,60.71116202110275,0.7705349326133728,train,46.780071136809966,4.356014227361994,False,5.2245778739178395,4.131436353444155,False
12504,0.5411798119524552,0.8666037033086516,196.77177809827432,58.97698326320265,0.6577932596206665,train,38.79466206329556,2.758932412659113,False,5.4325482347692375,2.3263841778898753,False
12505,0.40362779048933134,1.0,434.4814601229518,96.80090415991123,0.7030795097351075,train,68.05873223866551,8.611746447733104,False,5.339060163967602,8.272686283765502,False
12506,1.021755769579074,1.0,434.4814601229518,241.42631614662875,0.6173507690429687,train,149.04472194033215,24.808944388066433,True,5.703966326744673,24.10497806132176,True
12507,0.5927212700606157,0.9254735373548624,375.1458209014748,123.11217903271806,0.597990345954895,train,73.61989453103604,9.723978906207208,False,5.465444043905214,9.258534862301993,False
12509,0.7028556480641771,1.0,434.4814601229518,167.1811939738532,0.7257306933403015,train,121.32852381610391,19.265704763220782,True,5.532306634766844,18.73339812845394,True
12510,1.5122614710130224,0.9126431057402978,496.7763811035033,415.9681743948366,0.2754639804363251,train,114.58424905363313,17.916849810726628,True,5.921183331968161,16.995666478758466,True
12511,0.37772777646945105,1.0,434.4814601229518,90.66587328634806,0.6224157929420471,train,56.43187141430549,6.2863742828610985,False,5.3204356033440545,5.965938679517044,False
12514,0.5351206411060906,0.9369939676874168,912.5964209122908,270.72672589278926,0.597990345954895,train,161.89196847586507,27.378393695173017,True,5.428608971505305,26.94978472366771,True
12515,0.4974879847469844,1.0,434.4814601229518,118.97032443709911,0.7110795021057129,train,84.59735906608756,11.919471813217513,False,5.4037890274340326,11.51568278578348,False
12516,0.5318983421574189,0.857049837912537,564.4899165301306,166.30061936864544,0.49019125699996946,train,81.51910964818978,11.303821929637959,False,5.426507712822611,10.877314216815348,False
12517,1.6186524260324557,1.0,434.4814601229518,379.02352763175935,0.28706775307655336,train,108.80543244039809,16.76108648807962,True,5.962659844245206,15.798426643834414,True
12519,0.32733507927621663,1.0,434.4814601229518,78.70529279208232,0.77534259557724,train,61.023565999079736,7.204713199815949,False,5.2831732323493865,6.921539967466562,False
12520,2.8886330054110303,0.9470809952849261,322.3612554218018,505.6660478306939,0.09635044410824775,train,48.721148278949805,4.744229655789962,False,6.358057683379778,3.3861719724101835,False
12523,4.347283799604068,0.9441557012306323,184.867505830683,444.23131008740216,0.031157984957098962,train,13.841352477175642,-2.2317295045648713,False,6.676588730975535,-3.9083182355404062,False
12524,4.070256043315732,0.9823479885495706,648.9724333399951,1458.4167049081595,0.018114506825804712,train,26.41849935592647,0.28369987118529494,False,6.62339131796811,-1.3396914467828154,False
12525,0.6367390159810825,0.7024177332222842,226.47590850881045,79.85305124847741,0.6423507690429687,train,51.29366887988706,5.2587337759774115,False,5.492705857445052,4.76602791853236,False
12527,1.461561218480116,0.9122764944086136,138.93696787852193,111.9806670247222,0.3648482322692871,train,40.855948412305544,3.17118968246111,False,5.900795790303002,2.2703938921581077,False
12528,1.3247361862668245,0.8680524355780345,276.7351003753286,200.40361572483098,0.4240933358669281,train,84.98983791253754,11.99796758250751,False,5.843606564328975,11.154361018178534,False
12529,0.2860141939930224,1.0,434.4814601229518,68.87266325947064,0.8020402789115906,train,55.23865005000989,6.0477300100019775,False,5.251547663074129,5.796182346927848,False
12530,2.209835562005209,0.9641816242541449,381.1086608829578,465.2182030540396,0.031157984957098962,train,14.495261772526376,-2.1009476454947245,False,6.166219709040133,-3.2671673545348576,False
12531,0.20675102673928691,1.0,434.4814601229518,49.94057589716189,0.8297070980072021,test,41.436050300442616,3.2872100600885243,False,5.1879316463882565,3.099278413700268,False
12533,0.3423252673099696,0.709851490972208,407.7854175368625,77.52128874448643,0.7380239605903626,test,57.21256854927497,6.442513709854994,False,5.294403384226091,6.148110325628903,False
12535,1.7146249558426925,1.0,434.4814601229518,401.0245178721225,0.4420757949352264,test,177.28323252683447,30.456646505366898,True,5.99865380603283,29.457992699334067,True
12537,0.40362779048933134,1.0,434.4814601229518,96.80090415991123,0.6173507690429687,train,59.76011262717591,6.952022525435183,False,5.339060163967602,6.612962361467581,False
12538,0.4499187965169717,1.0,434.4814601229518,107.74664422810109,0.7030795097351075,train,75.75445779949636,10.150891559899273,False,5.371507552462202,9.779384007437072,False
12539,1.341644451475366,0.9534390383688662,1204.4410283669924,894.7857409720528,0.2259523779153824,train,202.17896589741275,35.43579317948255,True,5.850853439592264,34.58493973989029,True
12540,6.026577012399365,0.992293488809226,638.1671356463233,2125.210185919601,0.018114506825804712,train,38.49713441911031,2.6994268838220625,False,6.949699675777453,0.7497272080446091,False
12541,0.7201143776516326,1.0,434.4814601229518,171.216784299875,0.5882226228713989,train,100.71358594047904,15.142717188095808,True,5.542390787249095,14.600326400846713,True
12542,0.47283761546659275,0.8263712990971112,174.2167591723862,45.66663974902218,0.7120999097824097,train,32.5192100453445,1.5038420090689009,False,5.387190890715553,1.1166511183533476,False
12543,0.3549560698998087,1.0,434.4814601229518,85.26508208192008,0.6173507690429687,train,52.638463995785216,5.527692799157045,False,5.303769033067952,5.223923766089093,False
12545,0.8267807557690233,1.0,434.4814601229518,196.1107819807631,0.5204034864902496,test,102.05673468111834,15.41134693622367,True,5.60255526787921,14.808791668344458,True
12547,1.2017412343624725,0.9601213733774852,111.37204581256569,73.80738596624136,0.4106145441532135,train,30.306386143668483,1.0612772287336973,False,5.789248517481687,0.2720287112520108,False
12549,0.386913287340056,0.3390974509062396,344.02720993012866,73.72570690741328,0.6935813903808594,train,51.13477830365544,5.226955660731088,False,5.327080621238524,4.899875039492564,False
12551,0.4892104461432443,1.0,434.4814601229518,117.01897832709106,0.7456257104873657,train,87.25235885564292,12.450471771128587,False,5.398246077592443,12.052225693536144,False
12553,3.793450959090787,0.9702260921060355,311.6720513996077,647.7831143839528,0.018114506825804712,train,11.734271647149148,-2.6531456705701704,False,6.567250602772408,-4.220396273342578,False
12554,0.3549560698998087,1.0,434.4814601229518,85.26508208192008,0.6608692884445191,train,56.34907412464204,6.2698148249284085,False,5.303769033067952,5.966045791860457,False
12557,1.6194736386892141,0.956946651312099,1743.8678354373667,1563.3249117771045,0.2259523779153824,train,353.23698127039216,65.64739625407843,True,5.962973396325984,64.68442285775245,True
12559,1.1549481078002481,0.7838064888401889,140.19975680106498,88.57215511935487,0.5765088677406311,test,51.06263286120682,5.212526572241366,False,5.7677666433587085,4.444759928882657,False
12561,0.6344661253061431,1.0,434.4814601229518,151.16687806974448,0.7030795097351075,train,106.28233452146272,16.256466904292544,True,5.491316222162315,15.76515068213023,True
12562,1.4435379174601046,0.9589533357206218,512.4740932214702,406.85027971198775,0.2360052913427353,test,96.01881879630102,14.203763759260205,True,5.893446955291369,13.310316803968837,False
12563,0.40362779048933134,1.0,434.4814601229518,96.80090415991123,0.7229745268821717,train,69.98458788677826,8.996917577355653,False,5.339060163967602,8.65785741338805,False
12564,0.815272065058757,1.0,434.4814601229518,193.42863990050122,0.597990345954895,train,115.66845929168552,18.133691858337105,True,5.596235354587215,17.53745650374989,True
12565,0.6864082463966843,1.0,434.4814601229518,163.33319891937472,0.7030795097351075,train,114.83622541970077,17.967245083940156,True,5.522600969294058,17.4446441146461,True
12567,3.1350719583225053,0.9860655462387403,627.3849817933715,1086.3484363586401,0.018114506825804712,train,19.67866616562086,-1.0642667668758277,False,6.419504730578773,-2.483771497454601,False
12568,0.22318978889345878,1.0,434.4814601229518,53.8751744516938,0.9414406776428222,train,50.72028074392788,5.144056148785577,False,5.201462027734447,4.94259412105113,False
12569,4.417490347930265,0.9135436088193929,221.46502784452977,528.8173096259974,0.3188842058181763,train,168.6314878029908,28.726297560598162,True,6.6896326727803235,27.03666488781784,True
12573,2.301124207250728,0.9545384137807548,156.60028452353134,198.07196738957484,0.3204639792442322,train,63.47493084639695,7.694986169279391,False,6.19426307932183,6.50072308995756,False
12574,0.5928329719815298,1.0,434.4814601229518,141.39902744287764,0.7379132986068726,test,104.34022276017754,15.86804455203551,True,5.4655141741949365,15.402530377840574,True
12575,0.5519148658049395,0.7552552789527035,293.8624847941508,89.65831307550754,0.6528692960739135,test,58.53515974478116,6.707031948956233,False,5.439489565749337,6.267542383206896,False
12576,1.9785256552800805,0.9630739360989146,229.6849511633586,250.39221757712863,0.13505636006593705,train,33.81706149480514,1.7634122989610281,False,6.091428431539549,0.6719838674214795,False
12577,0.96953953453477,0.9064930055969364,332.71578458027983,178.78838048026364,0.3422629237174988,train,61.19263382989162,7.238526765978325,False,5.6777997766138855,6.560726989364439,False
12578,1.2343097994686443,0.8404174783719801,1005.5961601776758,682.893282238812,0.3508343517780304,test,239.5824220078252,42.91648440156504,True,5.803932365817081,42.11255203574796,True
12580,0.6121902541349972,0.9395787852079193,389.5265926920958,132.00398434228356,0.597990345954895,train,78.93710826426668,10.787421652853338,False,5.477593660777139,10.309827992076197,False
12582,1.3701945645169418,0.9540404396483918,335.02962639401926,253.52375999695198,0.2716831386089325,train,68.87813082790964,8.77562616558193,False,5.862972046510339,7.912654119071591,False
12583,4.824308265682776,0.9865067161562268,491.0412252859062,1309.3501844157265,0.0032953400164842605,train,4.31475405829619,-4.137049188340762,False,6.7620402397276225,-5.899089428068384,False
12584,1.7348439309032735,0.9511409605626807,208.66830025802076,197.24168233005807,0.3016831398010254,train,59.50449002496835,6.900898004993671,False,6.006074370590642,5.894823634403029,False
12585,1.1830584452400195,0.9292577124633535,626.9241110487184,406.709060424455,0.3508343517780304,train,142.68750957626548,23.5375019152531,True,5.780726850109108,22.75677506514399,True
12586,0.7191211548943406,0.9063412650248819,693.2344606118478,276.45185562455066,0.4572018444538116,train,126.3942982942234,20.27885965884468,True,5.541813203785849,19.73704645505883,True
12588,0.5484406473762397,0.8800542412923009,320.0659891515247,97.22026936152822,0.5882226228713989,train,57.187161840102036,6.437432368020408,False,5.437248390588527,6.000183977431881,False
12589,0.7253338648196647,0.8631661062079984,970.4523154460394,390.1065361858962,0.42228121161460874,train,164.73466075935843,27.946932151871685,True,5.545420576578934,27.40151157529275,True
12590,1.252115170500745,1.0,434.4814601229518,294.70532881099507,0.3084963262081146,train,90.91551125214642,13.183102250429283,False,5.811869850399937,12.371232400029346,False
12591,1.3697429485899681,0.8332732926280839,287.1588451240136,216.023542253822,0.4189199924468994,train,90.49658068932357,13.099316137864715,False,5.862781488754212,12.236534649110503,False
12592,0.7031776687019246,0.9458587888988631,253.50777626880853,98.52059616656615,0.4572018444538116,train,45.04379828404317,4.008759656808634,False,5.532495723133726,3.4762639336749075,False
12593,1.1645003189507008,1.0,434.4814601229518,274.4708930626608,0.4420757949352264,train,121.3369382372573,19.26738764745146,True,5.772189535255259,18.495198112196203,True
12594,3.2451565534478566,0.9838570211634394,357.1855007381659,639.8866168807148,0.018114506825804712,train,11.591230489226792,-2.6817539021546417,False,6.445778698576295,-4.127532600730937,False
12595,0.30370717309000816,1.0,434.4814601229518,73.08575468402702,0.8020402789115906,train,58.61771907124112,6.723543814248224,False,5.265211877773176,6.458331936475048,False
12596,0.9396163524808873,1.0,434.4814601229518,222.36301006701999,0.4655351758003235,train,103.51780298303925,15.70356059660785,True,5.662490197065701,15.04107039954215,True
12597,0.7774095758761286,1.0,434.4814601229518,184.59834691764715,0.5568538665771484,train,102.79430324484164,15.55886064896833,True,5.575157009882908,14.983703639085423,True
12598,1.5318208636781534,0.9658873816399349,485.047610797206,410.8292439651317,0.1441335380077362,test,59.21427244973784,6.84285448994757,False,5.928938752836828,5.913915737110742,False
12599,3.313759268929164,0.9757536583778414,141.36042169961567,258.14761904179636,0.04921989343129098,train,12.70599829877872,-2.458800340244256,False,6.461809744121866,-3.920610084366122,False
12600,4.533396228034376,0.9845902882528365,203.17656667885743,509.1222060447854,0.018114506825804712,test,9.222497676567018,-3.1555004646865963,False,6.710801773142027,-4.866302237828624,False
12601,3.4570178176938224,0.9761575547949232,111.59270957268409,211.2358877198772,0.26007936596870423,test,54.938095748022064,5.987619149604413,False,6.494479891644071,4.493139257960342,False
12604,0.815272065058757,1.0,434.4814601229518,193.42863990050122,0.6675609827041626,train,129.12541293510822,20.825082587021644,True,5.596235354587215,20.22884723243443,True
12605,1.032872250421759,0.7353580904380028,450.2234014509536,256.02191259689374,0.49365222454071045,train,126.38578668462394,20.277157336924788,True,5.709449694709087,19.5677076422157,True
12608,0.40924080914323396,1.0,434.4814601229518,98.1294317994375,0.6528692960739135,train,64.06569306303186,7.813138612606373,False,5.343051126151101,7.470087486455272,False
12609,2.2616858925206884,0.9827347133887887,350.78240558844607,438.8787123135347,0.018114506825804712,train,7.9500714299039075,-3.4099857140192187,False,6.18224420665025,-4.592229920669468,False
12613,1.9385091566132149,0.9783002304275901,548.2240647664066,588.1229895294297,0.031157984957098962,test,18.32472726068204,-1.3350545478635922,False,6.077902363149843,-2.412956911013435,False
12614,0.733627793086659,1.0,434.4814601229518,174.3750549167426,0.6256595611572265,train,109.09942033597646,16.819884067195293,True,5.5502162031181115,16.26966786407718,True
12615,0.7891150923608066,0.8443924246666916,995.4913474955702,434.8368489636462,0.3508343517780304,train,152.55570403536214,25.51114080707243,True,5.581721135805972,24.92941967126646,True
12616,0.9769522349809519,0.8879105743431116,258.26310559523967,138.68133010147739,0.4302881181240082,train,59.672928548299076,6.934585709659816,False,5.681556383543024,6.253029326116792,False
12619,1.0295640865061866,0.9504344806119781,311.332908812,177.1062076057685,0.3960846602916718,test,70.14905207507711,9.029810415015422,False,5.707821034283444,8.321989380731978,False
12620,1.3541435959540675,1.0,434.4814601229518,318.22701564608684,0.38540393114089966,train,122.64594282523845,19.52918856504769,True,5.856177007807714,18.673011557239974,True
12621,7.653694144969988,0.9871075239427651,695.972927482135,2938.798792915652,0.005940594151616097,train,17.45821092197117,-1.5083578156057662,False,7.157986298558528,-3.6663441141642945,False
12622,1.021755769579074,1.0,434.4814601229518,241.42631614662875,0.5882226228713989,train,142.01242091394954,23.40248418278991,True,5.703966326744673,22.698517856045235,True
12623,1.9595908271440372,0.9421402404645631,323.4120283016979,350.51755623209425,0.15188405513763428,train,53.23802783746423,5.647605567492846,False,6.0850510247077985,4.562554542785048,False
12625,1.329661730077278,0.9637578281336548,1209.599715428635,888.7163610191361,0.15188405513763428,test,134.98184477874815,21.99636895574963,True,5.845723076813596,21.150645878936036,True
12626,1.1082116721815676,0.7779958273118415,194.72206718170864,118.10895683765428,0.47849349975585936,train,56.51436810976293,6.302873621952585,False,5.745840039386366,5.55703358256622,False
12629,0.7428010167563485,0.7617355299588465,581.5107159812915,237.85388232315415,0.5698892951011658,train,135.55038133421797,22.110076266843596,True,5.5554935986648974,21.554582668178696,True
12631,0.8690062652628614,0.7564076117412785,682.7581223218435,328.5856374589929,0.4411748945713043,train,144.96373396361602,23.992746792723207,True,5.6254068806683755,23.36733991205483,True
12632,0.43634597043503814,0.6522861274256077,385.3123870476389,93.0440698208376,0.7482280373573303,train,69.61818174978373,8.923636349956746,False,5.362102368094702,8.561533981862045,False
12633,2.0007326044219025,0.9715255863106211,667.5175576822027,735.8382154232936,0.05441379956901073,test,40.039753169261644,3.00795063385233,False,6.098856460329751,1.909094173522579,False
12634,0.27277338698188236,1.0,434.4814601229518,65.71678545735517,0.8163737654685974,train,53.649459598313,5.729891919662601,False,5.241198288789124,5.488693630873477,False
12635,0.7029312336221306,0.7981098883569324,452.00178142901535,175.2103395017816,0.4572018444538116,train,80.10649038759307,11.021298077518615,False,5.532351021312798,10.488947056205816,False
12637,2.6872763192774123,0.9532948163504575,627.619235867335,928.9665153239855,0.031157984957098962,train,28.944724710113384,0.7889449420226775,False,6.304888060647089,-0.5159431186244117,False
12638,0.2253227045270594,1.0,434.4814601229518,54.38535845382184,0.9414406776428222,test,51.20058871661382,5.240117743322765,False,5.203204241571491,5.036913501751274,False
12639,0.8961222646945406,0.9514816283409248,429.8741197367094,213.2126624193517,0.43608465790748596,train,92.97877095268727,13.595754190537455,True,5.639810887352111,12.955943303185345,False
12643,2.358899063179365,0.9689842852438807,639.6261035069938,832.783305652905,0.031157984957098962,train,25.947849710056364,0.18956994201127308,False,6.211613260514877,-1.022043318503604,False
12644,0.7135095897518188,0.8564737211389054,381.15657878965766,150.73551403607814,0.4572018444538116,train,68.91655504198833,8.783311008397668,False,5.538543658903863,8.244767349493806,False
12645,1.7995958944510708,0.9691880425732444,399.7874249621134,397.8087627216815,0.1285346195101738,train,51.13219795424435,5.226439590848869,False,6.0294750833552,4.19696450749367,False
12647,8.235534711527613,0.9883827231214317,451.98932104605825,2054.781041359028,0.005940594151616097,train,12.206620237149076,-2.5586759525701845,False,7.22305851251944,-4.781734465089625,False
12648,0.7017165810075869,0.8524771980210829,283.64491115520497,110.33306669686735,0.4572018444538116,train,50.444481598053166,5.088896319610633,False,5.5316374951378675,4.557258824472766,False
12649,1.7179234942119148,0.9718304483787256,324.01204902365674,307.96317800593323,0.15188405513763428,train,46.774696308614246,4.3549392617228495,False,5.999868167507892,3.3550710942149573,False
12651,1.5155698515184948,0.8002112392282572,116.21162485687285,96.88823120174057,0.6075830459594727,train,58.86764663117915,6.773529326235831,False,5.922499359006751,5.85102996722908,False
12652,0.822421788355119,0.8735204749749981,729.1882880980056,330.39097735218655,0.4774268984794617,train,157.73753960285248,26.547507920570496,True,5.600166269497036,25.947341651073458,True
12653,0.672737822168415,0.9205858449572739,716.9884087226053,266.638771127869,0.4572018444538116,train,121.90773796255944,19.38154759251189,True,5.5144616985278,18.86708589398409,True
12654,1.5797076532043444,0.9453627452535657,203.7817894329278,175.6851009127648,0.41075886487960817,train,72.16421262718669,9.432842525437337,False,5.947676079801662,8.485166445635675,False
12655,0.38388551649578073,1.0,434.4814601229518,92.12521053115658,0.7379132986068726,train,67.98041798789835,8.596083597579671,False,5.324895134479092,8.271188463100579,False
12656,1.832385187585025,0.969707186769647,665.1287981500074,672.3350458588338,0.08939392194151878,train,60.10266660805204,7.020533321610408,False,6.041119179147937,5.979414142462471,False
12661,0.36827667701319705,1.0,434.4814601229518,88.42513036034713,0.7656313896179199,train,67.70105543493828,8.540211086987657,False,5.313552048029383,8.226659038958275,False
12662,4.8744730630513375,0.9886969616870198,297.72900630990915,800.0945163800382,0.018114506825804712,train,14.493317578255121,-2.1013364843489755,False,6.7706163646121915,-3.871952848961167,False
12663,0.3098004018943959,0.5702970100000198,133.68167608638672,22.97204667572335,0.8850211501121521,test,20.33074716937872,-0.9338505661242555,False,5.2698747606382295,-1.203725326762485,False
12664,1.0441834289551442,0.9606149537418189,570.8768825146982,330.3238213394413,0.28964142203330995,train,95.67546134423279,14.13509226884656,True,5.714998408508367,13.420093860338191,False
12665,0.804094938318472,0.9236305293595315,92.00035854861811,40.98220636903222,0.5484078168869019,train,22.474962326049447,-0.5050075347901108,False,5.590059046818049,-1.09506658160816,False
12666,0.42398246121480393,1.0,434.4814601229518,101.61685279747078,0.7030795097351075,train,71.44472704567035,9.28894540913407,False,5.353457496351297,8.935487912782774,False
12668,2.350036327701644,0.9504697663212784,1072.1994481468496,1392.632901401214,0.031157984957098962,train,43.391634992620105,3.678326998524021,False,6.2089711898682225,2.4693558086557985,False
12669,0.8446698019321223,1.0,434.4814601229518,200.27816111655963,0.4572018444538116,test,91.56754466630872,13.313508933261744,False,5.612300292333121,12.701208640928623,False
12670,1.1657992533412374,0.9675087018152084,470.98413854786463,303.9048280385122,0.2360052913427353,train,71.72314748169295,9.344629496338591,False,5.772789463462447,8.571840032876144,False
12671,0.2404921179066783,1.0,434.4814601229518,58.0116990120039,0.8110046029090882,train,47.047754921311764,4.409550984262353,False,5.2155081701647426,4.19404281409761,False
12672,0.5729165177802498,0.9155156697601707,263.42837710498617,83.58328241872265,0.6925609827041626,train,57.886520209550106,6.577304041910022,False,5.452931550690819,6.124372491219203,False
12673,0.9023112363934181,0.8591684705387459,259.3289552718547,128.70687930777297,0.4455351769924164,train,57.3434422525302,6.468688450506042,False,5.643069587115521,5.82561886339052,False
12674,1.30843021277153,1.0,434.4814601229518,307.6935247606501,0.4311171889305115,test,132.65196744693222,21.530393489386444,True,5.83656773195631,20.693825757430133,True
12675,0.3648052036844752,0.562335387046015,88.67002435860793,17.907832553912097,0.6433711767196655,train,11.52138330270916,-2.695723339458168,False,5.311011710529717,-3.0067350499878853,False
12676,2.7189504199848966,0.9764096444271851,305.003547012144,455.9143656067268,0.018114506825804712,train,8.258663887765477,-3.3482672224469043,False,6.31344148330927,-4.661708705756174,False
12677,0.4088818999094523,0.749959832818542,231.04294462325007,52.397608557773864,0.8614230155944824,train,45.13650597377682,4.027301194755365,False,5.3427964110284645,3.6845047837269007,False
12678,2.9468084278858955,0.9853742650885217,2126.103902663585,3463.142819254364,0.018114506825804712,train,62.73312423811975,7.546624847623951,False,6.372907259370515,6.173717588253436,False
12679,1.683325231026847,0.9397967726735451,140.79007354503625,129.17292686391497,0.28706775307655336,train,37.08138187314603,2.4162763746292057,False,5.987056783264704,1.429219591364502,False
12681,10.230021323362232,0.9946058664433194,634.2807669683394,3583.641748380877,0.012173912674188613,train,43.6269417003654,3.7253883400730796,False,7.4185906675341435,1.306797672538936,False
12682,8.857650185419102,0.9924558592212389,468.52823872679687,2292.8036475661593,0.012173912674188613,train,27.91239138453155,0.5824782769063104,False,7.288247822303505,-1.705769545397195,False
12683,3.7175580969019224,0.9889387720078143,595.034493444191,1222.888070058652,0.018114506825804712,train,22.1520142922726,-0.5695971415454801,False,6.551291313373274,-2.120888454918754,False
12684,2.901856820234072,0.9378767073216879,375.0146394028131,586.6219011512169,0.2616302251815796,test,153.4780200946392,25.69560401892784,True,6.361452547584593,24.334151471343247,True
12686,0.46229371700938304,1.0,434.4814601229518,110.66873390612491,0.7656313896179199,train,84.73145652780222,11.946291305560447,False,5.380006241976929,11.566285063583518,False
12687,0.3237367451057934,1.0,434.4814601229518,77.84997357838746,0.7239949345588684,train,56.362986526294264,6.272597305258854,False,5.280458604743248,5.992138700515606,False
12690,1.3385513807628637,1.0,434.4814601229518,314.6351274158192,0.4420757949352264,train,139.09257406689454,22.81851481337891,True,5.849531669617805,21.968983143761108,True
12691,1.328808583570811,0.8414252509744237,201.65311854965944,147.25970713542097,0.5204034864902496,test,76.63446501280616,10.326893002561233,False,5.845356799276738,9.481536203284495,False
12692,0.22618733777490535,1.0,434.4814601229518,54.59215380834304,0.9864406824111939,train,53.85192145699877,5.770384291399754,False,5.2039096298985035,5.566474661501251,False
12693,2.4396191463128836,0.9684425353096296,159.38600726278932,214.1014946215915,0.031157984957098962,train,6.670971148711953,-3.6658057702576095,False,6.235360751975001,-4.901166522232611,False
12694,0.38640529964851567,1.0,434.4814601229518,92.72224712068062,0.6173507690429687,train,57.242150567344375,6.448430113468875,False,5.326714282008979,6.1217158314598965,False
12695,1.1648787810985284,0.9649959844626141,149.08991940753347,96.1230084428323,0.3244778633117676,train,31.189788394629222,1.237957678925845,False,5.7723643696322195,0.4655933092936255,False
12696,0.5958135424824988,0.7796331030185077,451.06711325105977,148.483920006193,0.597990345954895,train,88.7919506932423,12.758390138648462,False,5.467383664184208,12.291006474464254,False
12698,0.248607696417765,1.0,434.4814601229518,59.950279822264115,0.8850211501121521,train,53.05726559784553,5.611453119569106,False,5.222029087664444,5.389424031904662,False
12699,0.39154561098883217,1.0,434.4814601229518,93.93995362856248,0.6173507690429687,train,57.993902616453866,6.598780523290774,False,5.330415079735388,6.2683654435553855,False
12700,1.2004879095446936,1.0,434.4814601229518,282.78630990852145,0.31679592132568357,train,89.58554958576033,12.917109917152068,False,5.788679112841142,12.128430804310927,False
12701,1.5621401731968532,0.957396954015798,333.6410170352538,288.07991393180373,0.25007936656475066,train,72.04284239609336,9.408568479218673,False,5.940842914388823,8.467725564829848,False
12703,0.23113275677662232,0.2726635260379417,101.3032734788628,12.97593006391161,0.767123532295227,test,9.954141305443706,-3.0091717389112587,False,5.207934686047631,-3.2171064249588897,False
12705,2.814070152082285,0.9750832849468353,998.8256652165696,1547.6097000229968,0.018114506825804712,test,28.034186474748157,0.6068372949496315,False,6.338696900318533,-0.7318596053689017,False
12707,0.6745711989468633,1.0,434.4814601229518,160.5625284226788,0.5882226228713989,train,94.44651160365167,13.889302320730334,True,5.5155571318745364,13.373745188855796,False
12708,3.7311558025998774,0.984481229751621,264.88873583008007,546.3224238006667,0.018114506825804712,train,9.89636127502735,-3.02072774499453,False,6.554169528383205,-4.574897273377735,False
12709,6.333114231881053,0.9914479806031119,1127.6523364639922,3945.954562070524,0.012173912674188613,train,48.03770625496273,4.607541250992547,False,6.9924002867731,2.6151409642194468,False
12710,1.4032036326583965,1.0,434.4814601229518,329.52249136135396,0.33108163475990293,train,109.09884513007306,16.81976902601461,True,5.876802694178745,15.942966331835866,True
12711,0.34058543199537095,0.6360265983193087,681.4464214293605,128.75502293143018,0.7744983673095703,train,99.72055504329896,14.944111008659792,True,5.293106408103153,14.65100460055664,True
12712,4.555002019041786,0.9860968385784081,254.27518044557686,640.1755720037742,0.005940594151616097,train,3.80302325905311,-4.239395348189378,False,6.714698786555395,-5.954094134744773,False
12714,2.4822409265753427,0.9792233663790575,1177.349338859431,1616.8436281586003,0.018114506825804712,train,29.28832493853782,0.8576649877075644,False,6.247676030961342,-0.3900110432537778,False
12717,0.5945871359172963,0.9402542574970072,496.14435572816933,163.35645392466412,0.5765088677406311,train,94.1764442902327,13.835288858046539,True,5.466614853774962,13.368674004271577,False
12720,5.771185924408145,0.9854309853904493,251.9081468141758,798.5466468152649,0.018114506825804712,train,14.46527868445858,-2.106944263108284,False,6.912676245055502,-4.019620508163786,False
12721,2.2288252595543017,0.9403243177635526,390.2223886530415,478.1848514064307,0.05441379956901073,train,26.0198546613667,0.2039709322733403,False,6.172118374348454,-0.9681474420751135,False
12724,1.3686718106757425,0.8666307241875306,271.770122954774,205.1630619627915,0.3593839704990387,train,73.7323158079283,9.74646316158566,False,5.862329380618099,8.884133780967563,False
12725,0.8941510735390841,0.8698358108116313,447.4527996678559,221.2102142015299,0.38081254363059996,train,84.23962434715448,11.847924869430894,False,5.638770755859065,11.20915411357183,False
12726,3.0371925646639184,0.9847273180549508,290.6272076007932,487.1016320942282,0.018114506825804712,train,8.823605839431512,-3.2352788321136976,False,6.395549540674718,-4.630828372788416,False
12727,2.197314007982649,0.9804389816073561,535.604634650754,650.2945658117782,0.031157984957098962,test,20.261868299246586,-0.9476263401506824,False,6.162311084829907,-2.10993742498059,False
12728,2.243456595471249,0.907782428212614,193.41008408143534,237.64974389394482,0.26168313920497893,train,62.18893101342675,7.437786202685352,False,6.17663961157781,6.261146591107542,False
12730,0.2909577710460798,1.0,434.4814601229518,70.05028716022218,0.7319949269294739,train,51.2764548312355,5.255290966247101,False,5.2553844010631146,4.999906565183986,False
12731,3.2150342724222654,0.9765472058111588,1457.1845321175222,2586.33993552187,0.018114506825804712,train,46.85027241586223,4.370054483172446,False,6.438657722481798,2.9313967606906477,False
12733,1.1097001697328153,0.959262719928235,431.46868969390124,265.1367185242606,0.30544973611831666,train,80.98594070851179,11.197188141702359,False,5.746545837738168,10.450642303964191,False
12734,1.1541130624063687,0.6638093566807448,256.2091959371958,162.25457675473032,0.6173507690429687,train,100.16798774027416,15.033597548054832,True,5.7673790668675196,14.266218481187313,True
12735,1.091106310910471,0.8060554216726529,410.9255746610412,245.61436343145877,0.4572018444538116,train,112.29533998521177,17.459067997042354,True,5.737693261292037,16.721374735750317,True
12736,0.5460048598333355,1.0,434.4814601229518,130.39402369262493,0.7456257104873657,train,97.22513655911986,14.445027311823974,True,5.4356740936488634,14.00935321817511,True
12738,0.46048425696745904,1.0,434.4814601229518,110.24156892184914,0.7379132986068726,train,81.34871976671859,11.269743953343717,False,5.378768063580072,10.890975889763645,False
12739,0.42398246121480393,1.0,434.4814601229518,101.61685279747078,0.6458616375923156,train,65.63042695475175,8.126085390950351,False,5.353457496351297,7.772627894599054,False
12741,0.282584795485485,1.0,434.4814601229518,68.05552925054121,0.8533002734184265,train,58.07180171712254,6.614360343424508,False,5.248877413214743,6.365482930209765,False
12742,0.2315178832190167,1.0,434.4814601229518,55.86679932311869,0.8161182403564453,train,45.593913957930276,4.118782791586055,False,5.208247459966334,3.9105353316197204,False
12744,1.3253432791879305,0.9506756777970091,2190.246251854462,1603.7765155040784,0.17688405364751816,train,283.68249120705315,51.73649824141063,True,5.84386767510313,50.8926305663075,True
12745,0.49899361405246306,0.7625346721627356,297.06823266765855,82.0544022947425,0.6925609827041626,train,56.82767748844956,6.365535497689912,False,5.4047939589729355,5.960741538716976,False
12746,0.2779196617848293,1.0,434.4814601229518,66.94367809761401,0.8071539163589477,test,54.033851951961864,5.806770390392373,False,5.245233491526231,5.561536898866142,False
12747,6.002983533289287,0.9884071375474694,321.8952871804531,1067.773536076026,0.018114506825804712,train,19.342191007662805,-1.1315617984674389,False,6.946336277291105,-3.077898075758544,False
12748,36.976450202861685,0.9985028874712273,212.3756162958873,4335.853710467513,0.03550581149756908,train,153.948004524895,25.789600904979,True,8.636966236109803,22.152634668869197,True
12749,1.5706471784371983,0.9614920116049697,909.4183394022001,787.4594438800157,0.15188405513763428,train,119.60253359292312,18.920506718584626,True,5.944157687609271,17.976349030975356,True
12751,0.35928772221968536,1.0,434.4814601229518,86.29292552257814,0.6608692884445191,train,57.0283442879021,6.405668857580421,False,5.3069608288895855,6.098708028690836,False
12753,2.447670404935494,0.9129962577159965,2933.5609464052814,3927.0056480038966,0.11404669582843781,test,447.8620186544577,84.57240373089155,True,6.237698758016487,83.33470497287506,True
12754,2.290295692406053,0.9178282115094144,1378.8074829700474,1721.6227993357595,0.23755615055561066,train,408.9820849189776,76.79641698379552,True,6.190977436849927,75.6054395469456,True
12755,2.797866205199659,0.9228550222457096,577.9684058881529,893.7084643237266,0.15188405513763428,train,135.74006567231535,22.14801313446307,True,6.334439384070706,20.813573750392365,True
12757,3.0032890881706913,0.950369518289554,277.6123766476184,449.23535347675926,0.09635044410824775,train,43.28402581661142,3.656805163322284,False,6.387116295282115,2.269688868040169,False
12758,1.5638494115567696,0.9483274519741978,1211.2772731313032,1048.896756059462,0.22039682269096375,train,231.1735123663643,41.23470247327286,True,5.941509805491508,40.293192667781355,True
12759,1.57186352747352,0.9486171750902868,625.1747698672235,544.1093707938065,0.17688405364751816,train,96.24427113360903,14.248854226721807,True,5.944630744109711,13.304223482612096,False
12760,0.3476221851387585,1.0,434.4814601229518,83.52430326685902,0.7162139534950256,train,59.821271455674584,6.9642542911349175,False,5.298341695117897,6.66591259601702,False
12761,0.33862732055884864,1.0,434.4814601229518,81.38832447949376,0.7389337062835694,train,60.14057625584208,7.0281152511684155,False,5.291644701276552,6.736470549891863,False
12763,0.46595574128542644,1.0,434.4814601229518,111.53313279958854,0.6813801646232605,train,75.99646438793161,10.199292877586323,False,5.382507412889648,9.816785464696675,False
12764,0.5898563669604517,1.0,434.4814601229518,140.70008929006144,0.6458616375923156,train,90.87279007826412,13.174558015652824,False,5.463643676906668,12.710914338746157,False
12765,0.6236881680261939,0.31954050785629584,241.9662813210702,83.400141661774,0.72016841173172,train,60.06214755876023,7.012429511752046,False,5.4847002085400955,6.5277293032119506,False
12766,3.256916762828035,0.9291434454483084,877.0766952842628,1564.4397636385543,0.031157984957098962,train,48.74479062173753,4.7489581243475065,False,6.44854513364288,3.3004129907046265,False
12767,0.4551400754513938,1.0,434.4814601229518,108.9797460452973,0.6173507690429687,test,67.27873003117172,8.455746006234344,False,5.375102167777524,8.080643838456819,False
12768,0.3528292375393002,1.0,434.4814601229518,84.76032574152529,0.7850553154945373,train,66.5415442664329,8.30830885328658,False,5.302198130979048,8.006110722307533,False
12769,0.9708235112346709,1.0,434.4814601229518,229.610162622949,0.4572018444538116,train,104.97818985655192,15.995637971310387,True,5.678451481408815,15.317186489901573,True
12770,0.8326356544325453,0.9453746695664053,1186.249225961119,544.6645346776237,0.4314875602722168,train,235.01597123485007,42.00319424697002,True,5.605755179014276,41.397439067955744,True
12771,0.3193487160987143,1.0,434.4814601229518,76.8067090433085,0.8204822897911072,train,63.0185445071731,7.60370890143462,False,5.277138217943066,7.326570683491554,False
12773,0.26303271234321135,1.0,434.4814601229518,63.39349302169842,0.8473928213119507,train,53.719190904476484,5.743838180895297,False,5.233515743542214,5.510322437353083,False
12774,0.28123597786472987,1.0,434.4814601229518,67.73409531413765,0.8850211501121521,test,59.946106936724235,6.989221387344848,False,5.247825219739117,6.741396167605731,False
12775,3.398689451843525,0.9762073039539161,245.8093628605885,457.58370210241526,0.031157984957098962,test,14.257386106720707,-2.1485227786558583,False,6.481306644703798,-3.629829423359656,False
12776,0.21387711195198775,1.0,434.4814601229518,51.64674805560269,0.9430591344833374,train,48.70593752019567,4.741187504039134,False,5.193819461773922,4.547368042265212,False
12777,0.34558220997348,1.0,434.4814601229518,83.03996963417188,0.6737847208976746,train,55.951062763311874,6.190212552662375,False,5.296826789261427,5.893385763400948,False
12778,1.993110757237371,0.9458615932424762,183.59780412042886,202.00139924553557,0.22039682269096375,train,44.52046657284488,3.9040933145689767,False,6.096313233610994,2.8077800809579827,False
12779,3.653657948160434,0.9877506817308783,426.83021734364456,862.3005869834932,0.012173912674188613,train,10.497572044838629,-2.900485591032274,False,6.537653565866358,-4.438139156898632,False
12780,0.24448251918276226,1.0,434.4814601229518,58.96502112620831,0.8850211501121521,train,52.185290813504224,5.437058162700845,False,5.21871979626865,5.218338366432195,False
12781,0.7028556480641771,1.0,434.4814601229518,167.1811939738532,0.5882226228713989,test,98.33976041407205,14.66795208281441,True,5.532306634766844,14.135645448047566,True
12782,3.587904374596132,0.924608587357633,376.8472866886241,743.6324536653866,0.05441379956901073,test,40.463867286760006,3.092773457352001,False,6.5234233565468935,1.5693501008051074,False
12784,0.28532166407194176,1.0,434.4814601229518,68.70766559995629,0.7319949269294739,train,50.293662660334725,5.058732532066946,False,5.251009009256774,4.807723522810172,False
12785,0.7148669458961381,0.9128068058206268,310.3598194052534,123.05157955921057,0.4655351758003235,test,57.28483872260458,6.456967744520917,False,5.539335495040371,5.917632249480546,False
12786,0.2390291234826878,1.0,434.4814601229518,57.662121235618876,0.8530447483062744,train,49.188369696244386,4.837673939248878,False,5.214328108006497,4.623345831242381,False
12787,0.9571852700945355,0.9496942945609549,195.54195154833522,103.01325288962974,0.4572018444538116,train,47.09784922432566,4.419569844865132,False,5.671507354395179,3.7480624904699527,False
12788,0.5117806388414036,0.3186657355637733,103.80384224494318,29.297304263838036,0.7656313896179199,train,22.430935775581325,-0.5138128448837351,False,5.4132881871008545,-0.9271010319845896,False
12789,0.43093793334937797,0.8291023451771933,139.09291290611978,33.2619583969812,0.8430354714393615,train,28.041010778195474,0.6082021556390949,False,5.358330126712213,0.2498720289268821,False
12790,0.966900163920355,0.9496681500369657,320.01679608952696,170.2730938300029,0.5698892951011658,train,97.03681341747502,14.407362683495005,True,5.676458782613151,13.730903900881854,False
12791,1.3509064329400944,0.8135987262405695,147.06420480373046,109.78874737089103,0.6342149376869202,train,69.62966357255468,8.925932714510935,False,5.854800969931439,8.071131744579496,False
12792,0.6703588566427003,0.9351763796795025,360.6994583615193,133.69678396202588,0.5932810783386231,train,79.31977215939663,10.863954431879328,False,5.513038487561543,10.350915944317785,False
12793,1.300162637090293,0.7720748562828491,250.88423446138466,179.07916360053136,0.49690393209457395,train,88.98514054931154,12.797028109862307,False,5.832979832213532,11.964048277648775,False
12796,0.2301618121264588,1.0,434.4814601229518,55.542577693392765,0.8850211501121521,train,49.15635599040003,4.831271198080007,False,5.2071457153061385,4.624125482773868,False
12797,0.7906829064048403,0.8134715721234983,263.53496207264664,114.74609999833966,0.6775200963020325,train,77.74278872115774,10.548557744231548,False,5.582597059053493,9.965960685178056,False
12798,0.38640529964851567,1.0,434.4814601229518,92.72224712068062,0.6710197448730468,train,62.218458606974714,7.443691721394943,False,5.326714282008979,7.116977439385964,False
12799,0.28532166407194176,1.0,434.4814601229518,68.70766559995629,0.8607261538505554,train,59.138484751900485,6.827696950380098,False,5.251009009256774,6.576687941123324,False
12800,0.4589053969870247,0.8569640060979843,203.59321602860442,51.830145991550054,0.7457363724708557,train,38.6516250563734,2.7303250112746795,False,5.3776864264425095,2.35263858483217,False
12801,0.3068713102917642,1.0,434.4814601229518,73.83874120549096,0.7319949269294739,train,54.04958397327769,5.809916794655539,False,5.267635967890617,5.542280826764922,False
12802,1.837686063994152,0.9746792524178259,371.4891107740575,376.61162207169934,0.10591566115617752,test,39.889068950824495,2.977813790164899,False,6.04298895387149,1.9348248362934095,False
12803,0.4255153748576937,1.0,434.4814601229518,101.97935050384328,0.6173507690429687,train,62.957030460050106,7.591406092010022,False,5.354533414901828,7.2368726771081935,False
12804,0.5278367669905839,0.6766310962037619,198.81329017117378,57.964781932624746,0.7758354663848877,test,44.97113362459623,3.994226724919246,False,5.423852857152081,3.570373867767165,False
12805,1.0310058599106253,0.8680180462264847,338.4957303727204,193.1968754395957,0.4240933358669281,train,81.93350738424553,11.386701476849108,False,5.7085311678282675,10.67817030902084,False
12806,0.3228831195560159,0.508456360929938,1299.4014673992035,232.32890599416984,0.6718820452690124,train,156.09762053447494,26.21952410689499,True,5.279813536223378,25.939710570671615,True
12807,0.4414784620731439,1.0,434.4814601229518,105.75267438277716,0.7309745192527771,train,77.302510316646,10.460502063329201,False,5.365669296654932,10.09483276667427,False
12808,1.8538121594239787,0.9704543988736658,140.4370827725299,143.1937286725057,0.4020649254322052,train,57.57317584107042,6.514635168214085,False,6.048655700288769,5.465979467925315,False
12809,0.3960275249730099,0.7013599809046133,459.4217349469808,100.87907991281533,0.7190386891365051,train,72.53596138180748,9.507192276361497,False,5.3336307211751794,9.173561555186318,False
12810,0.42441436965401264,0.792560445414091,385.9436980099402,90.86842101501627,0.7457363724708557,train,67.7638866598927,8.552777331978541,False,5.353760760585998,8.199016571392544,False
12811,1.9512798656593418,0.918767846546125,236.7798654063382,253.69614639074598,0.26007936596870423,test,65.98113290200878,8.196226580401756,False,6.082238929030708,7.1139876513710485,False
12813,0.6306291787044007,0.7556824858932778,671.7093625311202,234.78131275633166,0.5882226228713989,test,138.10367959071965,22.620735918143932,True,5.488965939545297,22.131769978598633,True
12815,1.4559950096184495,1.0,434.4814601229518,341.66688366193193,0.42191084027290343,test,144.15296197923004,23.83059239584601,True,5.89853197836852,22.93206041747749,True
12817,1.370393165490689,0.9075204122829111,230.11598369701343,173.42368120637565,0.381608259677887,test,66.17990917209768,8.235981834419537,False,5.863055834000487,7.37292600041905,False
12818,0.815272065058757,1.0,434.4814601229518,193.42863990050122,0.5882226228713989,train,113.77910190072016,17.755820380144034,True,5.596235354587215,17.15958502555682,True
12819,0.3445711881341804,1.0,434.4814601229518,82.79991152726852,0.68178471326828,test,56.45171393925772,6.290342787851545,False,5.296075142989054,5.994267644862491,False
12820,1.9889590577976044,0.8855665090503608,258.2864708858354,284.2755513835341,0.26007936596870423,train,73.93420516423335,9.78684103284667,False,6.094925185582563,8.691915847264108,False
12821,0.5734879779448472,0.9469500723502311,154.23617715770635,49.00426002512684,0.6925609827041626,train,33.93843847969215,1.7876876959384305,False,5.453294797165745,1.3343928987726859,False
12823,3.8349522722213316,0.9421449538307687,443.16929440148937,938.5825657832527,0.0718051042407751,train,67.3950189746406,8.479003794928122,False,6.5758712575476075,6.903132537380515,False
12825,0.44482223587604086,0.778892175230078,327.29736926516756,80.71183245801235,0.7559404492378234,train,61.0133388871178,7.20266777742356,False,5.367986293841806,6.834681483581754,False
12826,2.056968334054507,0.8967110804854532,229.9739611335735,261.70129166960123,0.2770677536725998,test,72.50898901611427,9.501797803222855,False,6.117423684351452,8.384374118871403,False
12829,0.9884109723814786,0.8919861000949696,174.9832607351088,95.53545884297914,0.4572018444538116,train,43.67898799375127,3.7357975987502545,False,5.687335813419433,3.0484617853308213,False
12831,0.8008934025339376,0.9280022026370307,254.53263172709154,112.44466692128381,0.6173507690429687,train,69.41780159863502,8.883560319727005,False,5.58828287650985,8.295277443217156,False
12834,0.7113798771745475,1.0,434.4814601229518,169.17468669809557,0.6173507690429687,train,104.44012293567259,15.88802458713452,True,5.537299990825028,15.350724596309492,True
12835,2.3356053804807467e-05,2.1811338603658756e-06,160.3315604831908,0.002069470312738095,0.7110795021057129,train,0.0014715579196043584,-4.999705688416079,False,5.000023355781057,-4.999729044197136,False
12836,3.3173101304388193,0.9767974803584516,472.22238620684436,866.3161159607114,0.018114506825804712,test,15.692889195874933,-1.861422160825013,False,6.462632553334881,-3.324054714159894,False
12837,0.260129977776205,1.0,434.4814601229518,62.700873079127646,0.7239949345588684,test,45.395114501706935,4.079022900341387,False,5.231214872608315,3.8478080277330724,False
12838,1.409695626599547,0.428428533122018,311.7031998983124,242.29913701515633,0.4753188967704773,train,115.16935849448282,18.033871698896565,True,5.879500443509764,17.1543712553868,True
12839,4.5436591555401895,0.9868200488342808,343.1732728097091,861.8736890843619,0.018114506825804712,train,15.612416823900162,-1.8775166352199673,False,6.712654780116719,-3.5901714153366866,False
12840,1.464249687428039,0.9681304094233871,672.6908335341745,544.9462920720617,0.1316616103053093,train,71.74850634411504,9.34970126882301,False,5.9018873747207685,8.447813894102241,False
12841,10.975346635770462,0.9200935437684266,177.60192552126222,1070.227948437918,0.06053436957299709,test,64.7855741580914,7.9571148316182825,False,7.482850089497697,5.474264742120585,False
12842,0.7258569719820166,0.9358466553655638,363.9833527779888,146.54532153668143,0.4989220082759857,train,73.11468612453116,9.622937224906233,False,5.545723722473261,9.077213502432972,False
12843,6.381556765992972,0.992578186750312,275.91060401915263,972.7865306423616,0.018114506825804712,train,17.621548249371944,-1.475690350125611,False,6.998984560268331,-3.4746749103939423,False
12844,0.5295097293813668,0.8426331834883695,241.87361710638214,70.92691723451672,0.6173507690429687,train,43.78678690057589,3.757357380115179,False,5.424947245740186,3.3324101343749932,False
12845,2.7457517163278533,0.7258817562586035,119.3950984932251,178.1215647405344,0.5204034864902496,train,92.69508331007282,13.539016662014564,True,6.32062232214774,12.218394339866824,False
12847,0.4349513177684019,1.0,434.4814601229518,104.21014420454426,0.6173507690429687,train,64.33421266675407,7.866842533350814,False,5.361130923736054,7.50571160961476,False
12848,0.21081759955767948,1.0,434.4814601229518,50.914324726462645,0.9616471052169799,test,48.961612987280105,4.792322597456021,False,5.191295833538545,4.601026763917476,False
12849,1.6686740552357817,0.9401023132188006,548.375806212772,505.2267252115275,0.2360052913427353,train,119.23618047768261,18.847236095536523,True,5.98158174053538,17.865654355001144,True
12850,0.3581949119940015,1.0,434.4814601229518,86.03363863407448,0.689380156993866,test,59.3098833083118,6.861976661662361,False,5.306156547551531,6.55582011411083,False
12851,0.32642800699748753,1.0,434.4814601229518,78.48969928985036,0.8020402789115906,train,62.95190031011846,7.5903800620236925,False,5.28248962022233,7.307890441801362,False
12852,0.6631371145710413,1.0,434.4814601229518,157.88512543767618,0.6423507690429687,train,101.41763174533688,15.283526349067376,True,5.5087056469448825,14.774820702122494,True
12853,1.7732116397460729,0.9618533060225908,482.363867433617,472.98251648723755,0.129265096783638,train,61.14013077069142,7.228026154138284,False,6.020006085303004,6.20802006883528,False
12854,1.6142253850824648,0.9632332156478467,390.4536795680319,348.93553356460677,0.15188405513763428,train,52.99774381940657,5.599548763881316,False,5.960967833781377,4.6385809300999385,False
12855,0.9675568040102496,0.5765730062465696,146.38524428126328,77.76514013731814,0.6173507690429687,train,48.00836906850759,4.6016738137015185,False,5.676792572054157,3.9248812416473617,False
12857,1.757761287222856,0.9722170031586858,685.6295460691301,666.5970210211113,0.09515453986823559,test,63.42973281280042,7.685946562560083,False,6.014419222769089,6.671527339790995,False
12858,0.4414784620731439,1.0,434.4814601229518,105.75267438277716,0.7456257104873657,train,78.85191297259726,10.770382594519454,False,5.365669296654932,10.404713297864522,False
12859,0.3445711881341804,1.0,434.4814601229518,82.79991152726852,0.68178471326828,test,56.45171393925772,6.290342787851545,False,5.296075142989054,5.994267644862491,False
12860,0.2042439512323365,1.0,434.4814601229518,49.34011255372868,0.9864406824111939,train,48.671094297745235,4.734218859549047,False,5.185851943665121,4.548366915883927,False
12861,0.23427857400745963,1.0,434.4814601229518,56.526758823293534,0.9128692507743835,train,51.60153997572424,5.32030799514485,False,5.210486648796257,5.109821346348593,False
12862,0.6171137361181463,0.7808014584890658,483.14918851714435,164.65916467531247,0.6265012145042419,train,103.15916664833723,15.631833329667447,True,5.480642915856791,15.151190413810657,True
12863,1.3554616682752834,0.7604335281889258,411.0245029125849,307.5949729923221,0.4572018444538116,train,140.63298899681004,23.12659779936201,True,5.856736745739742,22.269861053622268,True
12864,0.3006076983540867,1.0,434.4814601229518,72.34802072651476,0.8430354714393615,test,60.99194776088207,7.198389552176415,False,5.262831615514349,6.935557936662066,False
12865,0.7006171663295103,0.8421375109863675,662.0479573149833,255.98333933599125,0.42228121161460874,train,108.09695468795591,16.619390937591184,True,5.530991224196811,16.088399713394374,True
12866,1.14839016036971,0.9222508833034313,394.1626395178,249.6380593813416,0.28706775307655336,test,71.66303678899294,9.332607357798588,False,5.764718799058094,8.567888558740496,False
12867,2.817747267586847,0.9773861913309784,581.169132726816,905.6086984217126,0.018114506825804712,train,16.404654949068235,-1.7190690101863528,False,6.339660528137938,-3.058729538324291,False
12868,4.907419342747238,0.982420621831534,254.5979911896234,682.9826270415223,0.04504212848842144,train,30.762991242563867,1.1525982485127741,False,6.776209076620883,-0.6236108281081085,False
12869,0.20857983564441504,1.0,434.4814601229518,50.37852223357683,0.8685419678688049,train,43.75586083907316,3.751172167814632,False,5.189445980745587,3.561726187069045,False
12870,0.8350628408953058,0.8814660791978819,704.1682013071039,325.44139243396364,0.41630094647407534,train,135.48155969210003,22.09631193842001,True,5.607078726639675,21.489233211780334,True
12871,0.8767682096331206,0.9458449930317913,186.44123507878354,90.07680408845887,0.4905886769294739,train,44.19066013979246,3.8381320279584923,False,5.629551260172336,3.208580767786156,False
12872,2.7091127018223498,0.7951243368512196,264.9046598446338,396.8852833382688,0.29007936716079713,train,115.12823182619867,18.025646365239737,True,6.310792684085804,16.714853681153933,True
12873,0.8017059098281306,0.9407858034118041,734.4646191792091,326.2775294798562,0.4572018444538116,test,149.17468828202314,24.83493765640463,True,5.588733943774078,24.246203712630553,True
12874,0.5992436453473797,0.875849436310215,417.77980796603555,138.50569623862665,0.5568538665771484,train,77.12743249343926,10.425486498687853,False,5.4695307958197406,9.955955702868113,False
12875,1.0212285006997526,0.8950440327584384,340.9151703363487,192.8217024303155,0.39574913382530214,train,76.30902171951752,10.261804343903504,False,5.703705495216742,9.558098848686763,False
12876,0.9754933915571182,0.9610795821699396,750.1241505581586,404.64008572564575,0.22913655489683152,train,92.71783521633304,13.54356704326661,True,5.680818185663571,12.862748857603037,False
12877,4.555024520485615,0.9852341136499618,132.51632498963863,333.3666260813672,0.11513987109065056,train,38.38379035293373,2.6767580705867466,False,6.714702837210675,0.9620552333760717,False
12878,1.801654530900947,0.9032964750370149,520.7982786326194,510.36431060383455,0.28706775307655336,test,146.50913589550697,24.301827179101394,True,6.0302101465593925,23.271617032542004,True
12880,0.5792563417674631,0.8851805911160471,326.60046755353494,104.7205550257746,0.5882226228713989,train,61.59899954580979,7.319799909161958,False,5.456954066471664,6.862845842690294,False
12881,0.7429234529484452,1.0,434.4814601229518,176.54679730974513,0.7030795097351075,train,124.126435697839,19.825287139567802,True,5.5555638487338355,19.269723290833966,True
12886,1.1529831783914628,1.0,434.4814601229518,271.80843727589195,0.33739742636680603,train,91.70746720166937,13.341493440333874,False,5.766854405249735,12.57463903508414,False
12887,0.4414784620731439,1.0,434.4814601229518,105.75267438277716,0.7229745268821717,train,76.45648972841268,10.291297945682537,False,5.365669296654932,9.925628649027605,False
12888,1.9973878415847552,0.9277690491388743,144.92229075283242,157.21101408750735,0.395427930355072,test,62.1656259296451,7.433125185929022,False,6.097741189899972,6.33538399602905,False
12889,1.1895000803791376,0.6941947029026202,118.47887925154335,77.64423259400716,0.6925609827041626,train,53.773366026616166,5.754673205323234,False,5.783673243970499,4.970999961352735,False
12890,0.4349513177684019,1.0,434.4814601229518,104.21014420454426,0.6925609827041626,train,72.17187987804166,9.434375975608333,False,5.361130923736054,9.073245051872279,False
12891,3.506572900455469,0.9869115847166459,89.52563752504163,173.3293530045024,0.24350471198558807,train,42.20651418200968,3.4413028364019365,False,6.5055369756183055,1.935765860783631,False
12892,0.4209495989297668,1.0,434.4814601229518,100.89957424910988,0.7110795021057129,train,71.74761901973547,9.349523803947093,False,5.351325379752483,8.99819842419461,False
12894,0.2567302367502105,1.0,434.4814601229518,61.889500116810915,0.8843242883682251,test,54.730388148264,5.9460776296528,False,5.228513297785744,5.717564331867056,False
12897,1.4955888792649121,0.9649749662468153,157.0066748212523,129.54960317456096,0.40339785218238833,train,52.260031671698606,5.452006334339721,False,5.9145247251077295,4.537481609231992,False
12898,0.47244958672577825,0.8555459228709005,203.3636484059491,53.28281293363131,0.81536865234375,train,43.4451353747791,3.6890270749558205,False,5.386927399438526,3.3020996755172947,False
12899,0.39682479243402624,1.0,434.4814601229518,95.19022863507654,0.7030795097351075,train,66.9262992803224,8.38525985606448,False,5.334201655397304,8.051058200667175,False
12900,0.38514127925286595,1.0,434.4814601229518,92.42276013992783,0.7180182814598084,train,66.36123140344306,8.272246280688613,False,5.325802141117744,7.946444139570869,False
12901,9.899829792634288,0.9840915392483824,949.8347076227689,5078.43968614588,0.05441379956901073,test,276.3371992052517,50.26743984105034,True,7.388747173758524,47.878692667291816,True
12902,0.7986005708594929,1.0,434.4814601229518,189.5417167469768,0.7030795097351075,train,133.26289728481504,21.65257945696301,True,5.58700890188925,21.065570555073762,True
12903,0.37772777646945105,1.0,434.4814601229518,90.66587328634806,0.7030795097351075,train,63.74531773987097,7.749063547974195,False,5.3204356033440545,7.428627944630141,False
12905,0.38759769591602516,0.7315470908898585,426.47058225227397,91.71048387171113,0.7120999097824097,test,65.30702729114664,8.061405458229329,False,5.32757397563069,7.733831482598639,False
12907,0.6596733518699243,0.8324524884823136,226.18922917282245,82.39909414334235,0.6458616375923156,train,53.218413879542474,5.643682775908495,False,5.506620807023545,5.13706196888495,False
12908,1.1850616770269893,0.9194451945109717,348.29461751680986,228.26722964845206,0.3161782681941986,train,72.173137355735,9.434627471147,False,5.781644055621472,8.652983415525528,False
12909,1.5261579146926758,0.9713072461726184,536.5718268180589,452.8417298303671,0.16521738916635514,train,74.81732830814921,9.963465661629844,False,5.926699537687922,9.036766123941922,False
12910,1.9781821151559322,0.9752278230695238,563.5207070034346,615.6740683945415,0.031157984957098962,train,19.18316336151304,-1.163367327697392,False,6.091313085903076,-2.254680413600468,False
12911,0.27089238061604354,1.0,434.4814601229518,65.26824834378343,0.7509801983833313,train,49.015162089347015,4.803032417869403,False,5.2397193156216035,4.5633131022477995,False
12913,2.8690897860084834,0.9240032656401559,413.2644322163021,655.8108955261542,0.1316616103053093,train,86.34511856074042,12.269023712148083,False,6.353019281964612,10.91600443018347,False
12914,0.41501246728896196,1.0,434.4814601229518,99.49512574320735,0.7030795097351075,train,69.95298422856709,8.99059684571342,False,5.3471383418613065,8.643458503852113,False
12915,0.8858733466202592,0.8709486234082098,315.45051861647687,154.52790466362265,0.4455351769924164,train,68.84761735457437,8.769523470914875,False,5.6343910274601505,8.135132443454724,False
12916,1.7591005664425794,0.9746632779670928,670.9986319528299,652.8831446535777,0.10137032233178615,train,66.18297481852333,8.236594963704668,False,6.014904744894367,7.221690218810301,False
12917,0.9386760362380245,0.8691822788955881,716.7389857904611,372.8486301722282,0.39574913382530214,train,147.55452243860972,24.510904487721945,True,5.662005284549036,23.84889920317291,True
12920,0.3866807714656516,0.7851048889006863,229.86231113530832,49.34917259773108,0.7881845712661744,train,38.89625644628311,2.7792512892566226,False,5.326912957283367,2.4523383319732552,False
12921,10.624648982026013,0.9956850938633554,677.8588308111563,3978.4754554450665,0.0,test,0.0,-5.0,False,7.453127755923003,-7.453127755923003,False
12923,0.5741863123470639,0.8793434911165469,218.74467912385717,69.52579213591433,0.5882226228713989,train,40.89664380739921,3.1793287614798427,False,5.4537385116986155,2.725590249781227,False
12924,2.8008281922821987,0.9826415227634774,224.39817960061058,347.61841787425016,0.018114506825804712,train,6.296936203358539,-3.7406127593282923,False,6.335218988323126,-5.075831747651418,False
12925,0.24756339472830116,1.0,434.4814601229518,59.70088351294342,0.8843242883682251,train,52.79494132753799,5.558988265507599,False,5.221192364769851,5.337795900737748,False
12926,0.9305328421220004,0.8546585557713434,387.68272742531855,199.90586424056445,0.3959991574287415,train,79.1625538043279,10.832510760865581,False,5.657796048813656,10.174714712051927,False
12927,0.42398246121480393,1.0,434.4814601229518,101.61685279747078,0.7314111828804016,train,74.32370250518176,9.864740501036351,False,5.353457496351297,9.511283004685055,False
12928,3.0401522455832595,0.9509228167797085,364.67480189073916,610.5762141741349,0.0718051042407751,train,43.84248870571158,3.7684977411423173,False,6.396282375813326,2.3722153653289917,False
12929,0.6050471093150221,1.0,434.4814601229518,144.2662202361191,0.7646109819412231,train,110.30753631568777,17.061507263137557,True,5.473153107749375,16.58835415538818,True
12931,10.240542146185915,0.9865848209834837,1509.0241339206862,8536.716589979775,0.018114506825804712,train,154.63841093914894,25.927682187829788,True,7.419527076948773,23.508155110881013,True
12932,0.09758763462889429,0.04458277988375453,220.14782171892853,11.876754476145155,0.7401740908622741,train,8.790865946775185,-3.2418268106449633,False,5.093114712099579,-3.3349415227445425,False
12933,1.301881797342653,0.945114457766167,255.8167481490048,184.46063350789595,0.28706775307655336,train,52.952699592189276,5.590539918437855,False,5.8337269611719,4.756812957265955,False
12934,0.19008546729945078,1.0,434.4814601229518,45.947027175229216,0.9135925769805908,train,41.9768629616149,3.39537259232298,False,5.174025125804458,3.221347466518522,False
12935,3.121742970180693,0.978531266644279,312.19348071659317,537.5619907982308,0.018114506825804712,test,9.737670351607722,-3.0524659296784558,False,6.416276124915315,-4.468742054593771,False
12937,1.9044501373380471,0.978360224310755,313.0241906182684,329.975728159172,0.1316616103053093,train,43.445135731103576,3.689027146220715,False,6.066244090920767,2.622783055299948,False
12939,3.6106211143634934,0.9135913872877549,1678.5691530105362,3348.4002214092575,0.09895913898944855,train,331.35480290273904,61.27096058054781,True,6.528362579899072,59.742598000648734,True
12941,0.19383519676945854,1.0,434.4814601229518,46.845988727448706,0.8666336059570312,test,40.59830813549131,3.119661627098262,False,5.177170979287692,2.94249064781057,False
12942,1.1385320316558567,0.9474541602473251,191.1719678742173,119.46526555389669,0.4572018444538116,train,54.619739759405974,5.923947951881196,False,5.760119627135126,5.163828324746071,False
12943,0.38588238253151547,0.6294860717669347,226.32860951514908,48.381015455333085,0.778247344493866,train,37.65239680202966,2.5304793604059332,False,5.326337036078433,2.2041423243275,False
12944,0.4953923799868944,1.0,434.4814601229518,118.47637264337068,0.7110795021057129,test,84.24612007053894,11.849224014107786,False,5.4023886339353435,11.446835380172443,False
12945,0.5179425777277268,0.9327543571495902,457.78196621373013,131.48312074477,0.6423507690429687,train,84.45828372657252,11.891656745314503,False,5.417355850674115,11.474300894640388,False
12946,0.36827667701319705,1.0,434.4814601229518,88.42513036034713,0.7110795021057129,train,62.87729767026839,7.575459534053678,False,5.313552048029383,7.261907486024295,False
12947,1.7467636363244377,0.9358421913359891,372.40778421603136,356.51051727465943,0.15188405513763428,train,54.14826306289089,5.82965261257818,False,6.010423359117134,4.819229253461046,False
12948,1.3176655015167502,0.9689901410119466,262.02562709181956,191.25580275493397,0.28706775307655336,train,54.903373559711376,5.980674711942276,False,5.840560429723238,5.140114282219038,False
12949,3.634461618688306,0.9825594377305741,974.7236780922104,1958.835205301168,0.018114506825804712,train,35.48333369705458,2.0966667394109173,False,6.533520036648428,0.5631467027624897,False
12951,3.8707464967765377,0.9827830714838763,221.08927262813881,472.8122548832836,0.018114506825804712,train,8.564760818407358,-3.2870478363185285,False,6.583247210106633,-4.870295046425161,False
12953,0.2902410967448203,1.0,434.4814601229518,69.87958781794498,0.7239949345588684,train,50.592467609253774,5.1184935218507555,False,5.25482909761198,4.863664424238776,False
12954,0.22575419265560592,1.0,434.4814601229518,54.48855949779487,0.9614406824111938,train,52.38751782716283,5.477503565432567,False,5.203556322025188,5.273947243407379,False
12955,3.0038151169974436,0.9472553022266057,143.71825849980831,234.245116476448,0.1834057942032814,train,42.96191162560311,3.5923823251206226,False,6.3872476858108325,2.20513463930979,False
12956,1.019892558886868,0.9352053840815329,175.26583726819567,99.05073360266509,0.44865222573280333,train,44.43933209130267,3.8878664182605345,False,5.703044321328679,3.184822096931856,False
12957,2.228670167415103,0.9827444430132474,746.8652893165472,920.9595928532697,0.0718051042407751,train,66.12959956637083,8.225919913274167,False,6.1720703395829695,7.053849573691197,False
12958,0.5614610570832658,0.8747986490030015,324.5507566369696,100.88917265323751,0.5882226228713989,train,59.34529375741278,6.869058751482557,False,5.445621958002059,6.423436793480498,False
12959,0.3202167669659957,1.0,434.4814601229518,77.01311089964518,0.8297021389007568,train,63.8979428368368,7.779588567367361,False,5.27779594051456,7.501792626852801,False
12960,0.9895819729280912,0.8138288677058644,311.7700809670504,170.74743110248446,0.4420757949352264,test,75.48330633777861,10.096661267555724,False,5.6879245528146685,9.408736714741057,False
12961,0.4482049505026783,1.0,434.4814601229518,107.34182317443612,0.7110795021057129,train,76.3285701779975,10.265714035599501,False,5.370324824350029,9.895389211249473,False
12963,1.457173360082697,0.6972487740073638,266.4381967832381,213.87804959543033,0.4070945978164673,test,87.06859858182216,12.413719716364433,False,5.899011648674185,11.514708067690247,False
12964,0.36712849551060683,1.0,434.4814601229518,88.1528348754679,0.7656313896179199,train,67.49257746446352,8.498515492892706,False,5.312712551503197,8.185802941389507,False
12967,1.051838858588863,0.5853544649883078,791.2281679061243,456.4279156481977,0.5087057292461395,train,232.18749567811187,41.437499135622375,True,5.718736395272169,40.71876274035021,True
12969,0.24247088807780223,1.0,434.4814601229518,58.48446603668418,0.8850211501121521,train,51.759989395481334,5.351997879096267,False,5.217102048595689,5.134895830500578,False
12970,0.9947753546406295,0.9285959886645738,288.6440861414096,159.14003682642758,0.36722918748855593,train,58.44086642066787,6.688173284133574,False,5.6905314398113385,5.997641844322236,False
12971,18.260852293802653,0.9949440419330113,153.67605385030458,1549.3614081963367,0.06613810732960701,train,102.47183110764037,15.494366221528075,True,7.958074657405564,12.53629156412251,False
12972,0.9895819729280912,0.8138288677058644,244.46368372471414,133.8856694150093,0.47852617502212524,test,64.06779727544114,7.813559455088228,False,5.6879245528146685,7.12563490227356,False
12973,0.39682479243402624,1.0,434.4814601229518,95.19022863507654,0.7379132986068726,train,70.24213560725171,9.048427121450343,False,5.334201655397304,8.71422546605304,False
12974,0.6338601401024523,0.9496400656719888,196.9357549715996,69.08097758696788,0.6173507690429687,train,42.647194639554705,3.5294389279109417,False,5.490945399201922,3.0384935287090196,False
12975,1.051851358412853,0.7685451924556713,415.6361358983564,242.16559592365894,0.5365024626255035,train,129.92243857621563,20.984487715243127,True,5.71874248726417,20.265745227978957,True
12976,2.1388592023568243,0.9737323993416214,462.1051764093132,546.273237534564,0.1140078105032444,train,62.27941574783439,7.45588314956688,False,6.143859422555273,6.312023727011606,False
12977,0.41633309949761765,0.5489388256910489,282.93342618702275,65.08917314043399,0.7220647811889649,train,46.99859956141812,4.399719912283624,False,5.3480712073652,4.051648704918424,False
12978,1.182611793101454,0.858522147254077,391.6490089292134,256.5352786654235,0.3253673493862152,test,83.46820364342292,11.693640728684585,False,5.780522229917596,10.91311849876699,False
12979,0.1922549673774247,1.0,434.4814601229518,46.467173852002496,0.7996469616889954,train,37.15733438902813,2.431466877805626,False,5.175846444576634,2.2556204332289918,False
12980,5.395015203505604,0.9913709440325301,750.3432201845924,2237.371169126119,0.018114506825804712,train,40.528875314993755,3.1057750629987506,False,6.855518812433079,1.2502562505656716,False
12982,2.704420783592434,0.9563255361800993,296.1685285994681,441.8949613618547,0.10591566115617752,train,46.803596994224364,4.360719398844873,False,6.3095269128134195,3.0511924860314537,False
12983,0.24448251918276226,1.0,434.4814601229518,58.96502112620831,0.7874671936035156,train,46.43301970702727,4.286603941405454,False,5.21871979626865,4.067884145136804,False
12986,1.1565714147817105,0.5474542109977232,405.38446357326717,259.28447555957183,0.6115463495254516,train,158.56447451707734,26.71289490341547,True,5.768519652616657,25.944375250798814,True
12987,1.121818625911589,0.9680550475307671,270.48741601641893,168.0256315352365,0.28706775307655336,train,48.23474050408921,4.646948100817843,False,5.752273563358539,3.894674537459304,False
12988,0.6707160950236595,1.0,434.4814601229518,159.65993445068338,0.5882226228713989,train,93.91558541005661,13.783117082011323,True,5.5132523339358315,13.269864748075491,False
12989,6.026870466779416,0.9875470539657443,476.65753622544867,1587.334544850286,0.018114506825804712,train,28.75378244752612,0.7507564895052248,False,6.949741438395563,-1.1989849488903381,False
12990,1.9923505691980885,0.9783495297706163,151.02740070400677,166.17790347902124,0.31706775426864625,train,52.68965466516512,5.537930933033024,False,6.096059222098126,4.441871710934898,False
12991,0.43175974579929494,1.0,434.4814601229518,103.45572209674283,0.7309745192527771,train,75.6234967236155,10.124699344723101,False,5.358904279182786,9.765795065540315,False
12992,0.19351707494041473,1.0,434.4814601229518,46.76973159704555,0.9614406824111938,train,44.966322662851844,3.99326453257037,False,5.176904473305565,3.816360059264805,False
12993,1.507077324695541,0.9698163240011224,224.19412196087796,186.86952018714697,0.28706775307655336,test,53.64421327861791,5.728842655723582,False,5.919117662216875,4.809724993506707,False
12994,0.7774095758761286,1.0,434.4814601229518,184.59834691764715,0.5882226228713989,train,108.58492380162282,16.716984760324564,True,5.575157009882908,16.141827750441657,True
12996,0.4551400754513938,1.0,434.4814601229518,108.9797460452973,0.7110795021057129,train,77.49326355749704,10.49865271149941,False,5.375102167777524,10.123550543721887,False
12997,1.9831268549087426,0.9603565277746289,303.64716529231373,332.50051290812235,0.1285346195101738,test,42.73782691358314,3.5475653827166287,False,6.092972030578373,2.4545933521382555,False
12998,0.6510086761775039,0.7262395627767252,322.2441242895075,116.18083820291486,0.6813801646232605,train,79.16331866077051,10.832663732154103,False,5.501386420028668,10.331277312125435,False
12999,3.5334481486711438,0.951902333994889,104.07387526196197,198.88616931016708,0.3204639792442322,train,63.735853233778236,7.747170646755649,False,6.511482830665928,6.235687816089721,False
13000,0.7505504016991366,0.949057757050026,249.5552466142076,103.87171413869179,0.5302907645702362,train,55.082210707827876,6.016442141565577,False,5.559930253742516,5.45651188782306,False
13001,8.616440941248271,0.9947835784173819,728.7761055124193,3469.1728411919253,0.018114506825804712,train,62.84235511166746,7.568471022333492,False,7.263474231696648,5.304996790636844,False
13002,1.2924569713693652,0.8559066857915973,148.29087770280947,105.40224903481318,0.5698892951011658,train,60.06761340452722,7.013522680905446,False,5.8296241556678075,6.183898525237638,False
13003,1.2129878007761685,1.0,434.4814601229518,285.67320134960227,0.6173507690429687,train,176.3605705481438,30.272114109628767,True,5.794343548526005,29.477770561102762,True
13004,7.185870233609689,0.9785841662318241,339.8813584419938,1349.161540360053,0.005940594151616097,test,8.014821156248296,-3.3970357687503405,False,7.102409525710223,-5.499445294460563,False
13005,1.3224241466380886,0.9387723953414583,303.33195146763444,220.8317086570881,0.3084963262081146,train,68.12577083097237,8.625154166194475,False,5.8426115309520865,7.782542635242389,False
13007,0.2545127304432247,1.0,434.4814601229518,61.360181042226294,0.9135925769805908,train,56.058205922363115,6.211641184472624,False,5.226747234595271,5.984893949877353,False
13008,0.7375328178824087,0.9295464626936513,233.46773609803046,95.48709466660834,0.5984001636505127,train,57.139493075010435,6.427898615002087,False,5.55246618626831,5.875432428733777,False
13009,0.21195459675767545,1.0,434.4814601229518,51.18653123165743,0.9076714038848877,train,46.46055066303615,4.292110132607231,False,5.192234425524367,4.099875707082864,False
13010,0.5097788103077754,0.9044907747027486,203.65880677793436,57.563611617618115,0.7110795021057129,train,40.93230428846252,3.186460857692504,False,5.411963156857231,2.7744977008352727,False
13011,0.46048425696745904,1.0,434.4814601229518,110.24156892184914,0.7850553154945373,test,86.54572967055506,12.309145934111012,False,5.378768063580072,11.93037787053094,False
13012,2.0856699703543877,0.9695645333840096,331.79974915234015,381.9029169285367,0.0720026172697544,train,27.49800956180824,0.49960191236164775,False,6.126768804072453,-0.6271668917108055,False
13013,5.151530772788492,0.9810221583387612,464.44848743083105,1322.1392222474133,0.018114506825804712,train,23.9498999660649,-0.21002000678701993,False,6.816700956990902,-2.0267209637779215,False
13014,1.9948971501812316,0.9543124817551267,442.09993872534955,484.3949187480819,0.1285346195101738,train,62.26151657394627,7.452303314789255,False,6.096909890470663,6.355393424318592,False
13015,2.7861657224729317,0.9792515513260451,604.308249972479,928.820959597491,0.031157984957098962,train,28.94018948697685,0.7880378973953697,False,6.3313538242731315,-0.5433159268777619,False
13018,4.241808739948458,0.985192011111998,444.8649053232494,1041.3213970166146,0.018114506825804712,train,18.863023554113962,-1.2273952891772075,False,6.656666618151731,-2.8840619073289386,False
13019,1.3947078916815308,0.8389887194597416,205.06235325739553,158.3543563629604,0.4655351758003235,train,73.71952312817784,9.743904625635569,False,5.873261257529458,8.870643368106112,False
13020,0.40155768126083474,0.7271789659584691,218.37573115887523,48.63139861944561,0.7120999097824097,train,34.63041456949962,1.9260829138999247,False,5.337584247579809,1.588498666320116,False
13021,3.055980435673861,0.9779231326753302,283.52683481890267,479.1930732104414,0.018114506825804712,train,8.680346195548879,-3.263930760890224,False,6.40019244272544,-4.664123203615664,False
13022,0.3765198993972306,1.0,434.4814601229518,90.37956136058428,0.7976712703704834,train,72.09317952602431,9.418635905204864,False,5.3195585020141785,9.099077403190686,False
13023,0.2860141939930224,1.0,434.4814601229518,68.87266325947064,0.7315723180770874,train,50.38533391287359,5.077066782574718,False,5.251547663074129,4.825519119500589,False
13024,0.5142070727997997,0.7994668971517487,330.7736789796637,94.16824189691015,0.7267511010169982,train,68.43687347941447,8.687374695882895,False,5.414891917657404,8.272482778225491,False
13025,0.19163007052139971,1.0,434.4814601229518,46.31736066404438,0.8850211501121521,train,40.99184380505191,3.198368761010382,False,5.175322176954325,3.0230465840560568,False
13026,1.6308936829912921,0.9700190836777884,145.77046364297186,131.61022287903177,0.24760906398296356,train,32.58788409766627,1.5175768195332537,False,5.967323591888309,0.5502532276449443,False
13027,4.772109331975632,0.962977231513979,905.5734031716044,2386.402170661887,0.018114506825804712,train,43.22849840956993,3.645699681913987,False,6.753037582515952,1.8926620993980352,False
13029,1.0168956747683495,0.8608593847413444,364.9158967927877,204.80120527092276,0.4655351758003235,train,95.34216509991717,14.068433019983434,True,5.70155953466382,13.366873485319614,False
13030,0.46780864986364196,1.0,434.4814601229518,111.97044649820967,0.6813801646232605,train,76.29444126789008,10.258888253578016,False,5.3837705741920185,9.875117679385998,False
13031,1.1000016396620071,0.5717279233325144,578.1239197124398,350.7497435259125,0.4392193853855133,train,154.0560867755777,25.811217355115545,True,5.741938125520505,25.06927922959504,True
13032,0.9571414674898381,0.49816423072360655,427.16711799990367,224.8769199933731,0.4753188967704773,train,106.88824952039299,16.3776499040786,True,5.671484973736826,15.706164930341773,True
13033,0.7977871256519738,0.8340684410657803,234.44546474474848,103.02111442705093,0.6458616375923156,train,66.53738567044044,8.307477134088089,False,5.586556533963412,7.720920600124677,False
13034,0.8041154626661778,0.7656681933464915,214.20251973274733,94.74217266877551,0.597990345954895,train,56.65490461071946,6.330980922143894,False,5.590070423287504,5.74091049885639,False
13035,0.8795655133364322,0.9254252473403648,351.2379927706521,170.17722499060082,0.4572018444538116,train,77.80534114973398,10.561068229946796,False,5.6310406402044135,9.930027589742384,False
13036,0.2074786859110228,1.0,434.4814601229518,50.114835786013764,0.9385925769805908,train,47.037412865353794,4.407482573070759,False,5.188534454969361,4.218948118101398,False
13037,2.754437343552219,0.9757396934530285,368.0610303929508,560.7926160640448,0.018114506825804712,test,10.15848167155302,-2.968303665689396,False,6.322938432058507,-4.291242097747903,False
13038,0.6784710644983474,1.0,434.4814601229518,161.4754827025583,0.5882226228713989,train,94.98353196472405,13.996706392944812,True,5.517883298384594,13.47882309456022,False
13039,0.40871931206145573,0.3735452232622993,292.9891394265395,66.35779405342196,0.7377771854400634,train,48.95726652874503,4.791453305749007,False,5.342681002327271,4.448772303421737,False
13041,0.8425098540778455,0.6017932303208007,198.27381063219354,92.29072803750645,0.6458616375923156,train,59.60704074489096,6.921408148978193,False,5.611128693277553,6.31027945570064,False
13042,0.44283219354142334,0.5663655698388744,413.9487907883239,101.67224739998088,0.6925609827041626,train,70.41423157307149,9.082846314614299,False,5.3666079830374445,8.716238331576854,False
13043,0.7524588779170472,1.0,434.4814601229518,178.77390328403865,0.613222622871399,test,109.62820187279598,16.925640374559197,True,5.561019874839349,16.364620499719848,True
13044,2.964254588419169,0.8967413412656337,466.3634107165371,764.0227569461646,0.15204760134220124,train,116.16782756451995,18.233565512903994,True,6.377317839536367,16.856247673367626,True
13045,0.6604460186948934,0.8158397589534248,224.3198928169148,81.79109755013563,0.597990345954895,train,48.91028672003617,4.782057344007235,False,5.507086252239622,4.274971091767613,False
13046,0.8151581822874225,0.9255307151141412,240.3240356534583,108.02850859117171,0.49690393209457395,train,53.67979069726569,5.735958139453139,False,5.5961726166946715,5.1397855227584675,False
13047,4.272541080809965,0.9768198324760488,467.7850829201497,1104.6160374436663,0.0,train,0.0,-5.0,False,6.662512424864378,-6.662512424864378,False
13048,2.0570883533373077,0.9636094399780221,458.85425429262926,521.8827562485463,0.05441379956901073,train,28.397623697031285,0.6795247394062578,False,6.117462944465957,-0.43793820505969894,False
13049,1.3846186142397432,0.8222277328302263,339.3182393430809,257.9338046096593,0.4572018444538116,train,117.9278112145253,18.585562242905063,True,5.869039201381295,17.716523041523768,True
13050,7.890637586680545,0.993997520158885,353.4385713931131,1540.4703175176298,0.0,train,0.0,-5.0,False,7.184998766490709,-7.184998766490709,False
13051,0.35530869795991005,0.5961600262642527,144.46315550752158,28.443316977133467,0.8614230155944824,train,24.50172788395205,-0.09965442320958928,False,5.304029249756943,-0.4036836729665323,False
13052,1.8498987171796024,0.971172323966758,508.24815192037,519.7011325433567,0.10831217467784882,test,56.289959848311916,6.257991969662385,False,6.047283455817357,5.210708513845027,False
13053,0.23335105154787095,1.0,434.4814601229518,56.30504269419775,0.9335925817489624,train,52.56597017436163,5.513194034872328,False,5.209734896998772,5.303459137873555,False
13055,0.9027252972408636,0.9437787533072695,360.96182135883976,179.47655131133422,0.32913394570350646,train,59.07182549435727,6.8143650988714555,False,5.643287225419606,6.17107787345185,False
13056,0.27089238061604354,1.0,434.4814601229518,65.26824834378343,0.8850211501121521,train,57.76378021502077,6.552756043004155,False,5.2397193156216035,6.313036727382552,False
13057,0.5265542352367749,0.5634384697403644,203.41008553406436,59.28925789814535,0.7013858437538147,test,41.5846461764282,3.31692923528564,False,5.4230130617046415,2.8939161735809984,False
13059,2.96555466449202,0.9502242273948204,215.639790535763,352.84097222284834,0.17688405364751816,train,62.41194145970877,7.482388291941755,False,6.377645735465017,6.1047425564767375,False
13060,0.8633548225355995,1.0,434.4814601229518,204.62876310916872,0.5385205388069153,train,110.19679176494218,17.039358352988437,True,5.622378531099088,16.41697982188935,True
13062,1.5963350301184476,1.0,434.4814601229518,373.9032733885142,0.4420757949352264,test,165.2935868121107,28.058717362422144,True,5.954100846800793,27.104616515621352,True
13063,0.3237367451057934,1.0,434.4814601229518,77.84997357838746,0.8297021389007568,test,64.59228959135548,7.918457918271097,False,5.280458604743248,7.637999313527849,False
13064,0.9215000889447483,0.9097894526043844,279.45522065393357,142.40738110320632,0.43352617621421813,test,61.73732739435394,7.347465478870788,False,5.653106177311987,6.694359301558801,False
13065,1.40221698805854,0.7172442152701779,228.18960665461265,176.43533473850823,0.5234670341014862,test,92.35808138626982,13.471616277253965,False,5.87639205598842,12.595224221265545,False
13067,0.6677325373287908,0.7359091676548072,194.35311921672726,71.5359298828697,0.6458616375923156,train,46.20231282083929,4.240462564167858,False,5.511464941755961,3.728997622411897,False
13068,0.5811038306955103,1.0,434.4814601229518,138.64444581804423,0.7656313896179199,train,106.1505397144756,16.23010794289512,True,5.458123230135095,15.771984712760027,True
13069,9.912129013592295,0.9913937358427996,295.72296369741935,1611.0218819268878,0.012173912674188613,train,19.61243970678493,-1.077512058643014,False,7.38987492412435,-3.4673869827673642,False
13070,1.0432845338404255,0.969183077888959,215.2098903775888,124.43196855927108,0.44221720695495603,train,55.025957592187765,6.005191518437554,False,5.714558578698131,5.290632939739423,False
13071,0.23758383557795085,1.0,434.4814601229518,57.31674112593882,0.9335925817489624,train,53.51048432520216,5.702096865040431,False,5.2131609590876336,5.488935905952798,False
13072,0.7878618654834396,1.0,434.4814601229518,187.0370114117569,0.7110795021057129,train,132.99818495001264,21.59963699000253,True,5.581020417325861,21.01861657267667,True
13073,0.6584055837043231,0.7058941799621157,172.66717771946335,62.642016291754985,0.6925609827041626,train,43.38341636158799,3.6766832723175984,False,5.505856649056295,3.170826623261304,False
13074,0.7121811074143021,0.6519670551799565,360.5440029039071,142.2850501250226,0.622990345954895,train,88.64221260159741,12.728442520319483,False,5.537768059165559,12.190674461153924,False
13076,0.34558220997348,1.0,434.4814601229518,83.03996963417188,0.8163737654685974,train,67.79165269464688,8.558330538929377,False,5.296826789261427,8.26150374966795,False
13077,2.370041145043379,0.9244499029811823,299.9851233680822,393.29603228853176,0.11107292696833611,train,43.68454147132045,3.73690829426409,False,6.2149249535014235,2.5219833407626666,False
13078,11.412512452795108,0.9886456737167273,518.1665873961406,3266.597232494011,0.012173912674188613,train,39.76726945012829,2.953453890025658,False,7.518705032617121,0.43474885740853697,False
13079,0.39154561098883217,1.0,434.4814601229518,93.93995362856248,0.7309745192527771,train,68.66771244226663,8.733542488453327,False,5.330415079735388,8.403127408717939,False
13080,0.8267541904058139,0.8470379209660183,111.6198232078021,51.05538517684621,0.5882226228713989,train,30.031932580434017,1.0063865160868035,False,5.602540725599691,0.40384579048711267,False
13081,5.946643897861556,0.9775499235575118,2016.5568995428418,6626.321195651842,0.0,test,0.0,-5.0,False,6.9382586505526,-6.9382586505526,False
13082,3.686684421054986,0.9663598464794579,457.09098021277134,931.4220549276083,0.018114506825804712,train,16.87225117169121,-1.6255497656617575,False,6.544725385983546,-3.1702751516453036,False
13083,0.3813984418325081,1.0,434.4814601229518,91.53584844835994,0.7758354663848877,train,71.01675767186973,9.203351534373946,False,5.32309634970953,8.880255184664415,False
13084,0.31423778667209096,1.0,434.4814601229518,75.59124375553978,0.8297021389007568,train,62.718216626139835,7.543643325227968,False,5.273256867672217,7.270386457555752,False
13085,1.003328734799928,0.9410982845256275,540.2969006380854,300.46220182361316,0.4003571033477783,train,120.29217678759731,19.058435357519464,True,5.694810164435404,18.36362519308406,True
13086,0.44314104230921303,1.0,434.4814601229518,106.14550910642582,0.6813801646232605,train,72.32544446895622,9.465088893791245,False,5.3668220174332815,9.098266876357965,False
13087,0.1931999961944344,1.0,434.4814601229518,46.69372275275273,0.9135925769805908,train,42.659038498504614,3.5318076997009236,False,5.176638770469078,3.355168929231845,False
13088,0.39154561098883217,1.0,434.4814601229518,93.93995362856248,0.7110795021057129,train,66.79877545403197,8.359755090806395,False,5.330415079735388,8.029340011071007,False
13089,29.566487575296833,0.9978957581610455,828.3887275618312,13524.379594752294,0.012173912674188613,train,164.6446161590928,27.928923231818565,True,8.419904231535602,24.50901900028296,True
13090,6.3578931815725515,0.9091174653878626,492.75240656865583,1719.5801799265835,0.031157984957098962,train,53.57865337867801,5.715730675735603,False,6.995773639258988,3.7199570364766155,False
13091,0.1922549673774247,1.0,434.4814601229518,46.467173852002496,0.8112601280212403,train,37.696965407960775,2.5393930815921557,False,5.175846444576634,2.3635466370155216,False
13092,3.425361708152557,0.9781425153376407,171.1956747587041,323.8371919970633,0.018114506825804712,train,5.866151024880234,-3.826769795023953,False,6.487352017074581,-5.314121812098534,False
13093,2.739592459125741,0.21950837588883637,1261.1671668390525,1909.031450500532,0.28706775307655336,test,548.0213690476612,104.60427380953224,True,6.318976637340783,103.28529717219146,True
13094,5.595876033409539,0.9805534003163104,144.59165210496207,442.0598382247622,0.15188405513763428,train,67.14184084306348,8.428368168612696,False,6.886444610313573,6.541923558299123,False
13096,0.42398246121480393,1.0,434.4814601229518,101.61685279747078,0.7379132986068726,train,74.98442704183067,9.996885408366134,False,5.353457496351297,9.643427912014838,False
13097,4.963177755612882,0.9651581328056683,555.4658697489565,1523.8435828124789,0.018114506825804712,train,27.603674982315358,0.5207349964630721,False,6.7856035194590145,-1.2648685229959424,False
13098,7.600220925414641,0.9836066873061425,873.6976246190899,3606.3948855967787,0.018114506825804712,train,65.32806477169005,8.065612954338011,False,7.151787891931207,5.913825062406804,False
13101,1.1250954170624246,0.9590605667054086,193.26721599629207,120.39045668354397,0.3505625188350677,test,42.20438173868729,3.4408763477374578,False,5.753816703515332,2.687059644222126,False
13102,9.429970892137739,0.9867149594840956,336.458950564621,1746.081465999724,0.0,train,0.0,-5.0,False,7.344683478226211,-7.344683478226211,False
13103,0.5451533895282653,0.8385102966889788,358.9121104422742,108.31444292637097,0.5762142896652221,train,62.412329791303094,7.482465958260619,False,5.4351231866697205,7.047342771590898,False
13104,1.4879146600411273,0.9469651168207792,195.05978695212187,160.49678593757392,0.28706775307655336,train,46.07345171510791,4.214690343021582,False,5.911444873662096,3.303245469359486,False
13105,0.36827667701319705,1.0,434.4814601229518,88.42513036034713,0.8109996438026428,test,71.71274922544377,9.342549845088755,False,5.313552048029383,9.028997797059372,False
13106,0.39682479243402624,1.0,434.4814601229518,95.19022863507654,0.6813801646232605,train,64.86073365789426,7.972146731578853,False,5.334201655397304,7.637945076181549,False
13107,1.628534502341741,0.8849441606510721,723.6752869930002,651.7268946158539,0.24452116936445237,train,159.3610223777318,26.872204475546365,True,5.966426467438789,25.905778008107575,True
13108,0.7627991854850547,0.8127347678405965,365.22522006529647,153.49281005655916,0.5517722427845001,train,84.69307205620292,11.938614411240586,False,5.566902991928097,11.37171141931249,False
13109,0.27089238061604354,1.0,434.4814601229518,65.26824834378343,0.8071539163589477,test,52.681522264573196,5.53630445291464,False,5.2397193156216035,5.296585137293037,False
13110,2.135564221104702,0.9569676921535614,267.8670995222228,316.57114563953365,0.09635044410824775,train,30.501770474225847,1.1003540948451693,False,6.142809132725392,-0.04245503788022287,False
13111,0.19576612375385466,1.0,434.4814601229518,47.308814422829,0.8850211501121521,test,41.86930135093449,3.373860270186899,False,5.17878708770551,3.195073182481389,False
13112,0.27726577175357986,1.0,434.4814601229518,66.78780968615501,0.8303990006446839,train,55.46053041863046,6.092106083726094,False,5.244721677364378,5.847384406361716,False
13113,9.812111831781028,0.9912485419496211,529.8393195541676,2864.1997150171305,0.018114506825804712,train,51.88356528814572,5.376713057629145,False,7.380666971662691,2.9960460859664533,False
13114,0.19194201005280262,1.0,434.4814601229518,46.392146106814806,0.9135925769805908,train,42.38352031338502,3.4767040626770047,False,5.175583918175182,3.301120144501823,False
13115,2.4473396586270706,0.9811214410290642,549.7627059462603,742.3683719823122,0.031157984957098962,train,23.13070256685093,-0.37385948662981416,False,6.237602820140943,-1.6114623067707567,False
13117,5.437338649546383,0.9735534989890696,130.70708830481257,391.80707584303303,0.12209639325737953,train,47.83823081315489,4.567646162630977,False,6.862115201527609,2.705530961103368,False
13118,3.5999368392086613,0.9682806432447812,304.08817423620735,600.3003993463777,0.018114506825804712,train,10.874145681493253,-2.825170863701349,False,6.526042572793971,-4.351213436495319,False
13119,0.21348982199910685,1.0,434.4814601229518,51.55404251259387,0.9585925817489624,test,49.41932271174312,4.8838645423486255,False,5.193500358839174,4.690364183509452,False
13120,0.9708235112346709,1.0,434.4814601229518,229.610162622949,0.6780795097351074,train,155.69394650156755,26.138789300313512,True,5.678451481408815,25.460337818904698,True
13121,0.7722872659525143,1.0,434.4814601229518,183.40296311224327,0.5568538665771484,train,102.12864915075879,15.42572983015176,True,5.572270953012527,14.853458877139232,True
13122,0.9549633347382653,1.0,434.4814601229518,225.92769429058254,0.40639519691467285,train,91.8159298096993,13.363185961939859,False,5.670371438651877,12.692814523287982,False
13123,0.5239902143685107,0.7222748973464598,202.27320219833658,58.5972019446654,0.7030795097351075,train,41.198492015104435,3.2396984030208866,False,5.421332036225802,2.8183663667950842,False
13124,1.64530430362645,0.9224417001398301,1176.6661788925333,1061.8241515905572,0.16521738916635514,train,175.43181407957198,30.0863628159144,True,5.9727861073227135,29.113576708591687,True
13125,0.28952794832793227,1.0,434.4814601229518,69.70972098100144,0.8430354714393615,train,58.7677674911249,6.753553498224981,False,5.254276219875567,6.499277278349415,False
13126,2.804442918463402,0.9500985819648952,289.93132514903914,448.9688199578602,0.031157984957098962,train,13.98896373845348,-2.2022072523093037,False,6.336169572832412,-3.5383768251417154,False
13128,0.22882154640456653,1.0,434.4814601229518,55.22210584804182,0.8850211501121521,train,48.872731629248975,4.774546325849796,False,5.206055617766467,4.568490708083329,False
13129,0.5591811431547137,0.7707808423599787,180.29210232908758,55.73677855755437,0.7370035529136658,train,41.0782038248798,3.2156407649759604,False,5.4441607752147325,2.771479989761228,False
13131,1.1645763544367547,0.9699903197990485,624.0797150910063,402.2851731857108,0.1934587076306343,train,77.8255697034735,10.565113940694701,False,5.772224663062779,9.792889277631922,False
13132,0.815272065058757,1.0,434.4814601229518,193.42863990050122,0.7646109819412231,train,147.8976622898775,24.579532457975503,True,5.596235354587215,23.98329710338829,True
13133,1.2901883629163047,0.9212330714564719,92.45086290359343,65.6712264800126,0.44082978963851926,train,28.949832954487512,0.7899665908975031,False,5.828634068732033,-0.03866747783452951,False
13134,2.0759180215176527,0.9431028412839488,319.5657090911904,364.0515724655595,0.22039682269096375,train,80.23580986705846,11.047161973411693,False,6.123603400286191,9.923558573125502,False
13135,0.7583066028496419,0.9493439382731994,2616.5784977588814,1095.591229234393,0.4420757949352264,train,484.33436358785616,91.86687271757124,True,5.564351188407647,91.3025215291636,True
13136,1.6215146694042077,0.972298634880039,725.6543015644471,651.4578587138429,0.08939392194151878,train,58.23637297005425,6.647274594010851,False,5.963752268820328,5.6835223251905225,False
13137,4.1214618639648934,0.9125050619247295,444.18323022956343,1005.9397422539394,0.031157984957098962,train,31.34305535689625,1.2686110713792509,False,6.633439918603894,-0.3648288472246435,False
13138,1.6022736970895264,0.9348698659854987,217.26309444956217,191.0564769461088,0.3084963262081146,test,58.94022123613991,6.788044247227983,False,5.9563855617566555,5.831658685471328,False
13139,1.42488730688515,0.9524683559859557,570.0845901357434,446.78260625948656,0.17688405364751816,train,79.02871849438101,10.805743698876203,False,5.885785051922051,9.919958646954152,False
13140,1.0418640158065922,0.8129684616805019,285.5415344896514,164.0046683442706,0.42688918113708496,train,70.01181857214488,9.002363714428975,False,5.713863123894556,8.288500590534419,False
13141,3.9471571182492635,0.9795270739245074,485.05655684602846,1058.417503625292,0.0,train,0.0,-5.0,False,6.598813092050353,-6.598813092050353,False
13143,0.2517941896703412,1.0,434.4814601229518,60.71116202110275,0.8020402789115906,train,48.692797320452016,4.738559464090404,False,5.2245778739178395,4.513981590172564,False
13144,0.8276143203601154,0.8707654549113757,169.18266916130213,77.12920792230008,0.6675609827041626,train,51.48844983580433,5.297689967160867,False,5.603011466285887,4.69467850087498,False
13145,1.1527822994939139,0.8407387640288346,247.97637512248463,157.97160039458504,0.4572018444538116,train,72.22490707172476,9.444981414344952,False,5.766761098311061,8.67822031603389,False
13148,4.173909759065589,0.9683038083074214,446.4535383118026,1030.1027281656347,0.018114506825804712,test,18.659802900636446,-1.2680394198727107,False,6.643628642379729,-2.9116680622524393,False
13149,0.6824164785052534,1.0,434.4814601229518,162.39897791259583,0.5882226228713989,train,95.5267527393815,14.105350547876299,True,5.520231140000121,13.585119407876178,True
13150,0.4781491366689612,0.8197510178374143,302.4138787380617,80.14435735086843,0.7267511010169982,train,58.24499994504339,6.648999989008679,False,5.39079072181234,6.25820926719634,False
13151,0.8777793860760306,0.9320051354691433,745.488460745459,362.1858885752383,0.395427930355072,train,143.21841632311921,23.643683264623846,True,5.630089901082636,23.01359336354121,True
13152,1.2852081678692204,0.6157581277732449,283.18387682714734,201.29754438618164,0.5681755363941192,train,114.37234025643778,17.874468051287558,True,5.826457122108772,17.048010929178787,True
13154,0.6956354868632291,0.8940047595644993,623.1179628034587,240.42431514129132,0.4420757949352264,train,106.28577023784375,16.25715404756875,True,5.528057589071413,15.729096458497338,True
13155,1.4946027766736596,0.8475547941631595,257.05160435704215,211.57123305926896,0.36768356561660764,test,77.7912653531343,10.558253070626861,False,5.914129508782555,9.644123561844307,False
13156,0.7644140234468327,0.8891183915266212,400.06424656797856,169.4411732422062,0.4572018444538116,train,77.4688169327545,10.493763386550903,False,5.567818637214588,9.925944749336315,False
13157,1.8725881691962514,0.9594810718457312,832.6628571333922,861.6020464387757,0.0720026172697544,train,62.037602388568324,7.407520477713666,False,6.055213424506879,6.352307053206787,False
13158,0.9475509576310082,0.8611888536960368,288.4430491307513,150.22652792226606,0.4572018444538116,train,68.68384565195207,8.736769130390414,False,5.66657266408464,8.070196466305774,False
13161,0.708812316586656,0.9086157283913836,170.65846102122904,66.8136207345963,0.597990345954895,train,39.95390017758039,2.990780035516078,False,5.535798577498081,2.454981458017997,False
13162,4.2479927861599736,0.9902595852613841,583.2629105502149,1369.723675370266,0.018114506825804712,train,24.811868866961,-0.03762622660779957,False,6.657845677052423,-1.6954719036602226,False
13163,0.23854540940695618,1.0,434.4814601229518,57.546531881074976,0.8437323331832886,test,48.55386961062589,4.710773922125178,False,5.213937634117251,4.496836288007927,False
13164,0.3942388021571264,0.7244149144831026,157.25335162689092,34.38661953296348,0.8163737654685974,train,28.07233406986142,0.6144668139722844,False,5.332348604809784,0.2821182091625003,False
13165,0.8349137817497232,0.8283792549234202,368.98029046444435,169.55449825958394,0.5302907645702362,train,89.91318451839754,12.98263690367951,False,5.60699749498019,12.37563940869932,False
13166,0.9130103570226424,0.9089065284948324,420.27225644058024,211.19694208455218,0.4687097787857056,train,98.99007200466792,14.798014400933585,True,5.648678104464705,14.149336296468881,True
13167,0.43018149742183853,1.0,434.4814601229518,103.08261445744317,0.6813801646232605,train,70.23844880880871,9.047689761761744,False,5.357801357492006,8.689888404269738,False
13168,1.5013898151148382,0.9664625833532928,325.6407085377322,269.7266303962242,0.19781758189201354,train,53.35666979686195,5.67133395937239,False,5.9168465034504525,4.754487455921938,False
13169,0.6300014707837364,0.9375712309756148,492.4220807036873,171.66662977988102,0.5698892951011658,train,97.83097463764919,14.566194927529839,True,5.488580917139575,14.077614010390263,True
13171,0.6449212671252111,1.0,434.4814601229518,153.61753001773232,0.7110795021057129,train,109.23427675971851,16.846855351943702,True,5.497692521141953,16.34916283080175,True
13172,0.41501246728896196,1.0,434.4814601229518,99.49512574320735,0.7850553154945373,train,78.1091773305023,10.621835466100462,False,5.3471383418613065,10.274697124239156,False
13173,1.9028569666017294,0.7433970943160166,242.68796282569477,255.47283622313816,0.3316831409931183,train,84.73603275691096,11.947206551382191,False,6.065695412937058,10.881511138445134,False
13174,2.250895161605887,0.8879414958122285,818.6036863146848,1019.4279924932396,0.15188405513763428,train,154.83485742069104,25.96697148413821,True,6.178930392756845,24.788041091381366,True
13175,0.3775910967827184,0.7792057237022219,498.24325970673226,104.46974499277806,0.6934968829154968,train,72.44944251146842,9.489888502293685,False,5.320336391823987,9.169552110469699,False
13177,0.3753197360068338,1.0,434.4814601229518,90.09506013842393,0.7379132986068726,train,66.48234301492896,8.296468602985792,False,5.318686239364094,7.977782363621698,False
13178,4.306031104412574,0.9844792092545563,740.4867953141155,1762.2686996311852,0.0,train,0.0,-5.0,False,6.668844117819093,-6.668844117819093,False
13179,0.234745107987159,1.0,434.4814601229518,56.63827449347764,0.7881845712661744,train,44.64141409889757,3.9282828197795148,False,5.210864558484735,3.71741826129478,False
13180,0.240002465647838,1.0,434.4814601229518,57.89470195543393,0.890517795085907,train,51.55626233250877,5.311252466501756,False,5.215113368040645,5.096139098461111,False
13181,0.44481622074729016,1.0,434.4814601229518,106.54128978952978,0.7030795097351075,train,74.90699779176862,9.981399558353724,False,5.367982130602121,9.613417427751603,False
13183,2.9501669219627153,0.9770586822996191,511.87159730539247,833.577364222139,0.018114506825804712,train,15.099842854038236,-1.9800314291923526,False,6.373757836744893,-3.353789265937246,False
13184,4.689385743090531,0.9747767004366499,190.02869916754608,483.6233195858331,0.14231883808970452,train,68.8287089165416,8.765741783308322,False,6.738602288548164,7.027139494760157,False
13185,0.782600642572578,1.0,434.4814601229518,185.80958963059481,0.7646109819412231,train,142.0720527815448,23.414410556308965,True,5.578073333183717,22.83633722312525,True
13187,0.5405064808697142,0.9158641347571571,271.7256068952426,81.39159071579458,0.7110795021057129,train,57.875891801779176,6.575178360355835,False,5.432111246036787,6.143067114319048,False
13190,0.5578992438244907,0.7135307515001466,233.80110932071318,72.34581993020431,0.7694661498069764,train,55.66765951632313,6.133531903264625,False,5.44333827515484,5.690193628109785,False
13191,0.2174270482196246,1.0,434.4814601229518,52.49637964513908,0.8666336059570312,train,45.495126791556174,4.099025358311236,False,5.196739654852576,3.90228570345866,False
13192,1.1237532394856524,0.9663508536761701,460.1168465931364,286.3040465745384,0.19500956684350967,train,55.83202810804475,6.166405621608952,False,5.7531849193639495,5.4132207022450025,False
13194,0.38640529964851567,1.0,434.4814601229518,92.72224712068062,0.689380156993866,train,63.92087727687885,7.78417545537577,False,5.326714282008979,7.4574611733667915,False
13195,0.39549167078187303,1.0,434.4814601229518,94.87453510031064,0.7309745192527771,train,69.3508676842803,8.870173536856061,False,5.333246805350038,8.536926731506023,False
13196,1.25112365519994,0.9462821345129115,521.3575618727441,360.62225755402216,0.2716831386089325,train,97.97498678451556,14.594997356903114,True,5.811429493867582,13.783567863035532,False
13197,0.2390291234826878,1.0,434.4814601229518,57.662121235618876,0.8673304677009582,test,50.01211457991867,5.002422915983736,False,5.214328108006497,4.788094807977239,False
13198,2.4573401140064135,0.9294288566867608,695.3769396866744,937.8387011468026,0.05441379956901073,train,51.031367112263474,5.206273422452696,False,6.240499540250045,3.965773882202651,False
13199,10.637747789137048,0.990555138625407,271.3832754783955,1594.6298636430708,0.018114506825804712,test,28.885933549594444,0.7771867099188894,False,7.454253934676148,-1.6770672247572582,False
13201,0.6424205651794334,0.5099927985052711,314.2267908659329,111.67637131064048,0.6925609827041626,train,77.34269745973211,10.468539491946423,False,5.496171108063724,9.9723683838827,False
13202,1.4870400775449542,0.7565537667657773,217.93873814409028,179.37370172788485,0.4870166540145874,train,87.35798003372508,12.471596006745017,False,5.911093279506446,11.560502727238571,False
13203,1.9188259847084337,0.9636246238231002,273.3266050678048,290.225254628762,0.08939392194151878,train,25.944373757740962,0.18887475154819278,False,6.071181475401026,-0.8823067238528335,False
13204,0.19163007052139971,1.0,434.4814601229518,46.31736066404438,0.8297070980072021,train,38.4298429039172,2.68596858078344,False,5.175322176954325,2.5106464038291145,False
13205,0.36038723180559806,1.0,434.4814601229518,86.55378671319536,0.7110795021057129,train,61.54662356138303,7.309324712276606,False,5.307769388489097,7.0015553237875086,False
13206,1.161683731843107,0.33873020920404645,657.3703442675758,422.3446773407757,0.4572018444538116,train,193.0967654754526,33.619353095090524,True,5.770887423522386,32.848465671568135,True
13207,0.510142827289681,0.8440564763486246,136.75624246123488,38.65243810678299,0.6173507690429687,train,23.862112390608228,-0.227577521878354,False,5.412204233962767,-0.6397817558411214,False
13208,1.6111101136846109,0.973867150301674,284.8628111073825,254.1191428550344,0.15666160881519317,train,39.81071375040759,2.962142750081518,False,5.959775461820693,2.0023672882608246,False
13209,2.3675878702007997,0.9694358240961269,667.398843349295,873.4632594780476,0.018114506825804712,train,15.822356175904725,-1.8355287648190548,False,6.214196722562781,-3.0497254873818362,False
13211,1.6480171235205936,0.8425352704543663,240.1437259549299,219.05491864013018,0.28706775307655336,train,62.883603294389374,7.576720658877875,False,5.9738111046401805,6.602909554237694,False
13213,2.60125904224917,0.9763814336964141,409.35566912628997,586.9910235716515,0.031157984957098962,train,18.289457482397637,-1.3421085035204725,False,6.281283518277502,-2.6233920217979745,False
13214,1.1585598268056758,0.5092729449594279,275.2559357008518,176.19203353117624,0.5681755363941192,train,100.10800315994669,15.02160063198934,True,5.769441252472318,14.252159379517021,True
13215,0.4121063901737345,1.0,434.4814601229518,98.80753580025645,0.7850553154945373,train,77.56938119090812,10.513876238181624,False,5.345082483381134,10.16879375480049,False
13216,0.782600642572578,1.0,434.4814601229518,185.80958963059481,0.5882226228713989,train,109.29740416716677,16.859480833433356,True,5.578073333183717,16.28140750024964,True
13217,0.21863671213733513,1.0,434.4814601229518,52.78584946358329,0.8673304677009582,train,45.78277550324207,4.156555100648415,False,5.197732784865691,3.958822315782724,False
13219,0.234745107987159,1.0,434.4814601229518,56.63827449347764,0.9335925817489624,train,52.877072910172195,5.5754145820344405,False,5.210864558484735,5.364550023549706,False
13220,1.399581389723836,0.9702994310749126,255.2719649486234,197.3007723688403,0.28706775307655336,train,56.63868940419151,6.327737880838303,False,5.875294301192396,5.452443579645907,False
13221,1.1410492994716135,0.9267131729184697,362.4704085934314,226.92306363327643,0.40060712695121764,train,90.90699656109521,13.181399312219042,False,5.761296035718722,12.42010327650032,False
13222,0.25561666996876076,1.0,434.4814601229518,61.623700973189976,0.8843242883682251,train,54.49533550973253,5.899067101946507,False,5.227626822393835,5.671440279552672,False
13223,1.8197799361100921,0.9747668091962018,162.4493608927435,163.44707308868544,0.3125546157360077,test,51.08613712240924,5.217227424481848,False,6.036658845064597,4.180568579417251,False
13225,3.43288945022614,0.9850231675484816,1088.0996904638853,2065.046413468794,0.018114506825804712,train,37.407297352384006,2.4814594704768016,False,6.489051617537714,0.9924078529390874,False
13226,0.9843170537946039,0.9110091903721136,166.93618599674653,90.34170349054891,0.48857060074806213,train,44.138300346980785,3.827660069396158,False,5.68527480143519,3.142385267960968,False
13227,1.4032036326583965,1.0,434.4814601229518,329.52249136135396,0.43814716935157777,test,144.37934682765697,23.875869365531397,True,5.876802694178745,22.99906667135265,True
13229,1.088431117051262,1.0,434.4814601229518,256.87396099781785,0.5698892951011658,train,146.38972056289077,24.277944112578155,True,5.736413122391189,23.541530990186963,True
13230,8.532891338275505,0.9857619089243573,204.44830954538054,961.4897572708409,0.018114506825804712,train,17.416912771023963,-1.516617445795207,False,7.254748064964941,-3.7713655107601483,False
13232,3.5882917518827107,0.9516642241253681,293.85784488249936,570.0926585344673,0.14231883808970452,train,81.13492476609606,11.226984953219212,False,6.523507787455185,9.703477165764028,False
13233,0.7673797944411818,0.92113813312108,306.50800717021275,130.36532386796387,0.4655351758003235,train,60.689643965138664,7.137928793027733,False,5.5694981076731604,6.568430685354572,False
13234,0.2837592911838469,0.5827551301733372,175.04484238268006,27.581353811349405,0.8666336059570312,test,23.90292811070644,-0.21941437785871187,False,5.2497927197681085,-0.46920709762682034,False
13235,1.23879263504472,1.0,434.4814601229518,291.6307183703359,0.3387290477752686,train,98.7837955356014,14.756759107120281,True,5.805936718340858,13.950822388779423,False
13237,0.4349513177684019,1.0,434.4814601229518,104.21014420454426,0.7030795097351075,test,73.26801709675583,9.653603419351166,False,5.361130923736054,9.292472495615112,False
13238,0.8965998687410969,0.8833499031529564,169.1492293381759,83.86552681756596,0.4989220082759857,test,41.84235706494355,3.3684714129887094,False,5.640062740260009,2.7284086727287002,False
13239,2.0324909888033846,0.9318148812318936,334.2334673160572,373.9746769394491,0.21428571343421937,train,80.13743045430157,11.027486090860315,False,6.109384390291137,9.918101700569178,False
13240,1.498331653966921,0.9518301980377982,278.28009299592327,230.56869860296933,0.2716831386089325,train,62.6416277014317,7.528325540286341,False,5.91562317069153,6.61270236959481,False
13241,0.39951823294149913,1.0,434.4814601229518,95.82799197200194,0.7309745192527771,train,70.0478203626931,9.009564072538621,False,5.33612805807107,8.673436014467551,False
13242,1.4803527689700797,0.968314144191122,121.19782554388264,99.24900448385887,0.4011640250682831,train,39.8151301227649,2.9630260245529803,False,5.908400795613403,2.054625228939577,False
13243,0.8970439487222686,0.9598836774550878,479.4160836533678,238.05104218844764,0.3208343505859375,train,76.37495152683621,10.274990305367243,False,5.640296858171214,9.634693447196028,False
13245,0.3729422561491189,1.0,434.4814601229518,89.53142129056626,0.7110795021057129,train,63.663958474112675,7.732791694822536,False,5.316956069200129,7.415835625622407,False
13246,3.729471587713312,0.975287868493155,359.44170935078967,737.4285487172006,0.018114506825804712,train,13.358154479280993,-2.3283691041438015,False,6.5538134811920665,-3.882182585335868,False
13248,1.6416109612261767,1.0,434.4814601229518,384.2892118072323,0.4314875602722168,train,165.81601444163582,28.163202888327163,True,5.971388943639902,27.19181394468726,True
13249,2.020125091645753,0.9512832678379555,194.28192903188315,217.01295246619134,0.19095812886953353,train,41.44038734339692,3.2880774686793846,False,6.105298251603701,2.1827792170756837,False
13250,0.5428998683666818,0.6995542598352084,176.6026226792696,52.961918691860014,0.8100104808807373,train,42.89970922796004,3.5799418455920087,False,5.433663677151318,3.1462781684406904,False
13251,0.4121063901737345,1.0,434.4814601229518,98.80753580025645,0.7030795097351075,test,69.46955382857838,8.893910765715678,False,5.345082483381134,8.548828282334544,False
13252,0.524508808806828,0.890502970151945,121.1784394953372,35.22383919641325,0.7030795097351075,test,24.76515959320249,-0.04696808135950192,False,5.42167226559073,-0.4686403469502318,False
13253,0.7554419355979524,0.9208703843863862,683.9630809864507,286.4283924199267,0.41373159289360045,train,118.50447504584955,18.700895009169912,True,5.562720640373243,18.13817436879667,True
13254,0.4533862046956033,1.0,434.4814601229518,108.56556988654933,0.7850553154945373,train,85.22997771912922,12.045995543825846,False,5.3738961474088285,11.672099396417018,False
13255,0.6574158852225852,0.868990051537082,263.2644002316588,95.63376189544462,0.5882226228713989,train,56.25394225719728,6.2507884514394565,False,5.505259693809817,5.745528757629639,False
13257,0.36827667701319705,1.0,434.4814601229518,88.42513036034713,0.7758354663848877,train,68.6033522532644,8.720670450652882,False,5.313552048029383,8.4071184026235,False
13258,1.6144017785107467,0.9553377172372766,222.85835853835795,197.50527248287892,0.41373159289360045,test,81.71417098922609,11.342834197845217,False,5.961035305958234,10.381798891886984,False
13259,1.3579487742201528,0.7708040797385386,202.88026458665345,152.4364980623305,0.46463427543640134,test,70.82722182725333,9.165444365450666,False,5.857792077629905,8.307652287820762,False
13261,1.5138818430707925,0.8553299845538324,159.3850509801187,131.54487123725946,0.4753188967704773,test,62.525763072308656,7.505152614461732,False,5.921828109489473,6.583324504972259,False
13262,0.9369518716520597,0.9424937796024757,196.62548994813372,101.90141322901809,0.40456433296203614,test,41.22567727088651,3.2451354541773014,False,5.661115537266434,2.5840199169108677,False
13263,10.549760148579235,0.9869127335443216,254.26296921919104,1465.656334283306,0.031157984957098962,train,45.66689801587606,4.133379603175213,False,7.446664670395402,1.686714932779811,False
13264,0.36149350263339586,1.0,434.4814601229518,86.81623663632352,0.6278692960739136,train,54.509249384634764,5.901849876926953,False,5.308582260908316,5.593267616018637,False
13265,1.7011762368898198,0.8928117506778123,748.4227753390568,693.1383836806027,0.2716831386089325,train,188.31401156866863,32.66280231373373,True,5.993687321437821,31.669114992295906,True
13266,3.7410178931099285,0.9887036777856392,321.37172879860174,664.5813531685136,0.018114506825804712,train,12.038563458273572,-2.5922873083452855,False,6.556251858034337,-4.1485391663796225,False
13267,5.708914915997283,0.9877706606224931,359.3871295695149,1133.794550335356,0.005940594151616097,train,6.735413274856418,-3.6529173450287162,False,6.903437226431065,-5.5563545714597815,False
13268,5.316763558540516,0.9598597908831166,297.93996311408097,857.1706189108141,0.05441379956901073,train,46.64191025385792,4.3283820507715856,False,6.843206981825615,2.4851750689459706,False
13269,3.6101161391127823,0.977538438294551,419.9675758427382,838.3446762265947,0.018114506825804712,train,15.186200359883692,-1.9627599280232615,False,6.528253049557335,-3.491012977580597,False
13270,0.47155914159509343,1.0,434.4814601229518,112.85550666994108,0.7110795021057129,train,80.24923749274967,11.049847498549934,False,5.386322479249755,10.663525019300177,False
13274,0.40224855814563326,1.0,434.4814601229518,96.4744016209081,0.7030795097351075,train,67.82917499361592,8.565834998723185,False,5.3380770611623385,8.227757937560845,False
13275,0.5215705376685632,0.8976575308565,128.6393872316359,37.18855158547069,0.6925609827041626,train,25.755339831378024,0.1510679662756047,False,5.419743049890563,-0.2686750836149585,False
13276,0.793818866260982,0.8674901691365099,455.8952512800946,200.37362335609993,0.3950982570648193,train,79.16726934975766,10.833453869951533,False,5.584346792129445,10.249107077822089,False
13277,0.9442419478121206,0.8306265079377153,159.2156083109661,83.01501278059133,0.4989220082759857,train,41.41801689354925,3.2836033787098504,False,5.66487215704499,2.61873122166486,False
13278,0.8280787150809205,0.8501082698751803,311.22929281035476,142.5891033866118,0.4304091274738312,train,61.3716515759075,7.274330315181501,False,5.603265532871237,6.671064782310264,False
13280,1.4544069859734214,0.9102144574997768,425.32151308891775,342.00686528808444,0.2754639804363251,train,94.21057244880576,13.842114489761155,True,5.897885178492739,12.944229311268415,False
13281,0.3648535129376356,1.0,434.4814601229518,87.61326578203297,0.6608692884445191,train,57.90091661567266,6.580183323134532,False,5.311047106348887,6.269136216785645,False
13282,0.9707228041901815,0.9404840512082916,360.83063986017936,192.70893667643733,0.4603764474391937,train,88.71865565688276,12.743731131376553,False,5.678400381136763,12.06533075023979,False
13283,0.8849451908862618,0.9634139323622718,122.90495729993886,60.2166887948201,0.5219574332237243,test,31.430548320576104,1.2861096641152212,False,5.633898744024335,0.6522109200908863,False
13284,0.5511252715903858,1.0,434.4814601229518,131.5983456421011,0.7309745192527771,train,96.19503744019565,14.239007488039132,True,5.438980649205152,13.800026838833979,True
13285,1.2517681845498025,0.9599267611528337,491.92052467728064,340.49422414195953,0.22936184704303741,test,78.09638415668582,10.619276831337164,False,5.811715767390108,9.807561063947055,False
13286,0.24347254502548166,1.0,434.4814601229518,58.723758070570014,0.8110046029090882,train,47.625238095351996,4.525047619070399,False,5.217907905228262,4.307139713842137,False
13287,0.3893265847762264,0.47538831806029885,275.99084216417015,59.56842869216979,0.824593460559845,train,49.119736755388644,4.823947351077729,False,5.328819158364412,4.4951281927133175,False
13288,1.0131252686046455,0.6602886159342384,155.76137492591508,87.29477944526776,0.6173507690429687,train,53.89149922397239,5.7782998447944784,False,5.6996883745300275,5.078611470264451,False
13289,0.19415436683985096,1.0,434.4814601229518,46.92249536430957,0.9135925769805908,train,42.868043458239406,3.573608691647882,False,5.177438292074276,3.396170399573606,False
13291,0.8273324517987125,0.26017282757255905,306.48689869831554,140.07642473679664,0.597990345954895,train,83.76434968848183,11.752869937696367,False,5.602857226796488,11.15001271089988,False
13292,1.4860203289385323,0.9208463850135533,170.8555615963698,139.99651456885005,0.28706775307655336,train,40.18848487582875,3.0376969751657494,False,5.910683170423763,2.1270138047419866,False
13293,1.3969188060932574,0.7522999337776524,201.49706175936944,155.6416513283339,0.5882226228713989,train,91.55194037238832,13.310388074477665,False,5.874184081742644,12.43620399273502,False
13294,0.8743160012461013,0.9626942514915094,436.6091598435935,211.37292456360214,0.3597688674926758,train,76.04539768886193,10.209079537772386,False,5.628243793531498,9.580835744240888,False
13295,1.2197957161608484,0.8474818772236818,276.69596606429025,186.395988778888,0.4572018444538116,train,85.22058986849957,12.044117973699915,False,5.797415171902745,11.24670280179717,False
13296,1.0063162442956477,0.5503147248267907,160.9536091868695,89.39730315268778,0.6458616375923156,test,57.73828861053161,6.547657722106322,False,5.6963003263146375,5.851357395791685,False
13297,0.9306841154208345,0.8244790239581827,773.7936493685713,397.7001755567766,0.42228121161460874,test,167.94131199345824,28.588262398691647,True,5.6578744040579085,27.93038799463374,True
13299,1.0906737885742543,0.9346079158322499,433.807022755644,261.16946039347687,0.3722629249095917,train,97.22370722313546,14.444741444627095,True,5.73748640089887,13.707255043728225,False
13300,0.5761483153281565,0.8804313660317163,569.0320759212399,181.47450570379283,0.5568538665771484,test,101.05478018633382,15.210956037266765,True,5.454984095718499,14.755971941548266,True
13301,1.577656364763372,0.9283055937955501,204.36390733323256,175.9036835246164,0.3586166977882385,train,63.081998114385314,7.616399622877063,False,5.946880600350532,6.669519022526531,False
13302,0.2874093998343037,1.0,434.4814601229518,69.20505488969691,0.8430354714393615,test,58.34231607492253,6.668463214984506,False,5.252631982019,6.415831232965505,False
13303,0.41501246728896196,1.0,434.4814601229518,99.49512574320735,0.7850553154945373,train,78.1091773305023,10.621835466100462,False,5.3471383418613065,10.274697124239156,False
13304,1.0751220605411835,0.8970923272809346,312.31049502824425,185.85874267909725,0.4411748945713043,train,81.9962112066059,11.399242241321183,False,5.730019976309774,10.66922226501141,False
13305,3.190387022284079,0.9545693534621802,210.1516370639011,370.0626327203203,0.0718051042407751,test,26.572385918098274,0.3144771836196547,False,6.432793097755269,-1.1183159141356143,False
13306,0.3753197360068338,1.0,434.4814601229518,90.09506013842393,0.7976712703704834,train,71.86624107472171,9.373248214944343,False,5.318686239364094,9.054561975580249,False
13307,0.4927072431642715,0.7824321468478123,103.30496030288575,28.187172724652367,0.7457363724708557,train,21.0201999378917,-0.7959600124216601,False,5.400591413036436,-1.1965514254580958,False
13308,0.592493151652076,0.9487684385215251,746.3812632661558,244.91656793394247,0.4905886769294739,train,120.15329502082045,19.030659004164093,True,5.465300808079472,18.56535819608462,True
13309,1.6596610290460547,0.9545876984357461,289.2491853311005,263.40687276096696,0.1834057942032814,test,48.31034669732784,4.6620693394655675,False,5.978198681983919,3.6838706574816484,False
13310,2.21691828819349,0.9604576633244278,333.19097625477986,405.03154197194334,0.07876162640750409,train,31.90094299204951,1.3801885984099025,False,6.168423847932281,0.2117647504776219,False
13312,0.3517753653810352,1.0,434.4814601229518,84.51019122811925,0.7986441731452942,train,67.493571795732,8.4987143591464,False,5.3014188139502565,8.197295545196143,False
13313,2.179716491778032,0.9751963260947654,306.281029636662,369.44473911401946,0.018114506825804712,train,6.692309248438546,-3.661538150312291,False,6.156792039288753,-4.818330189601044,False
13315,0.2056690639722207,1.0,434.4814601229518,49.68145078936468,0.8850211501121521,train,43.96913471684382,3.7938269433687637,False,5.187034652665002,3.606792290703762,False
13316,2.1938891473438695,0.9518005529089444,1110.7220186066963,1345.9736715594547,0.129265096783638,train,173.98741692236152,29.797483384472308,True,6.1612393426607515,28.63624404181156,True
13317,3.9981966401124684,0.9857813884341974,393.7282960576032,870.1702373701454,0.0,train,0.0,-5.0,False,6.609077175398813,-6.609077175398813,False
13319,8.946302564813372,0.9944014989907177,494.92087650634755,2445.9401842128805,0.0,train,0.0,-5.0,False,7.297200880583251,-7.297200880583251,False
13320,1.2672197814361488,0.9547040141300388,440.06452824625507,307.2690924076238,0.2716831386089325,train,83.47983142282135,11.695966284564271,False,5.818554314967446,10.877411969596825,False
13324,3.8223228384448755,0.9787393944945609,752.2718982230932,1583.5467089648143,0.018114506825804712,train,28.685167668523718,0.7370335337047438,False,6.573255728667763,-0.8362221949630193,False
13326,0.3729422561491189,1.0,434.4814601229518,89.53142129056626,0.7379132986068726,train,66.06642641348333,8.213285282696667,False,5.316956069200129,7.8963292134965375,False
13327,4.344435727006048,0.9900147586004051,455.6133104584338,1093.926918916687,0.012173912674188613,train,13.317370782835956,-2.3365258434328084,False,6.676055968652637,-4.012581812085445,False
13328,0.5898563669604517,1.0,434.4814601229518,140.70008929006144,0.6458616375923156,train,90.87279007826412,13.174558015652824,False,5.463643676906668,12.710914338746157,False
13329,1.2066092618731696,0.8844718656103069,968.0036005031108,646.9906659779135,0.3084963262081146,test,199.59424354512774,34.91884870902555,True,5.79145706668556,34.127391642339994,True
13330,1.5291723443789524,0.9750276992117033,438.49049793060254,370.8049255912088,0.15188405513763428,train,56.31935576380154,6.263871152760309,False,5.927892112609467,5.335979040150843,False
13331,0.41355431316546104,1.0,434.4814601229518,99.15013258264734,0.7309745192527771,train,72.47622049844975,9.49524409968995,False,5.3461073220086055,9.149136777681345,False
13333,0.7639149810859273,0.8600950125257577,427.5179819601875,180.88491789194913,0.4572018444538116,test,82.70091809407542,11.540183618815085,False,5.567535759759796,10.97264785905529,False
13334,1.1983688977457787,0.9693533105063933,1343.945408710651,891.1411975355687,0.17688405364751816,train,157.62866739239513,26.525733478479026,True,5.787715675268311,25.738017803210717,True
13337,0.274041986324616,1.0,434.4814601229518,66.01926090593207,0.7319949269294739,train,48.32576406277562,4.6651528125551245,False,5.242194512905681,4.422958299649443,False
13338,0.5571526100781462,0.6791594385063151,561.7412494815935,173.50099573115787,0.597990345954895,train,103.75192046079385,15.750384092158772,True,5.442858903513108,15.307525188645663,True
13339,1.4203655021968595,1.0,434.4814601229518,333.4716304870805,0.3357262074947357,train,111.95516581051342,17.391033162102687,True,5.883918562729758,16.50711459937293,True
13340,1.4749945932263238,0.9422172025140174,2154.6222679229345,1757.5285377487328,0.1834057942032814,train,322.34091730073817,59.46818346014764,True,5.906238211463247,58.561945248684395,True
13341,0.8209858579841125,1.0,434.4814601229518,194.76036982242647,0.5204034864902496,train,101.35397548572112,15.270795097144227,True,5.599378034643987,14.67141706250024,True
13344,0.733627793086659,1.0,434.4814601229518,174.3750549167426,0.5568538665771484,test,97.10142356499072,14.420284712998146,True,5.5502162031181115,13.870068509880035,True
13345,0.6904471927579766,1.0,434.4814601229518,164.2783349596671,0.6423507690429687,train,105.52431479844057,16.104862959688116,True,5.524993105031034,15.579869854657083,True
13346,0.6879510799942622,0.3916129861906982,82.68855729170396,31.415016454437705,0.8109996438026428,train,25.47756715460314,0.09551343092062847,False,5.523515414707754,-0.4280019837871256,False
13357,1.230383713926959,0.9490690634436596,733.0259474968326,498.750082909606,0.26168313920497893,train,130.5144873745292,21.102897474905845,True,5.8021736396953925,20.30072383521045,True
13358,0.7774095758761286,1.0,434.4814601229518,184.59834691764715,0.5568538665771484,train,102.79430324484164,15.55886064896833,True,5.575157009882908,14.983703639085423,True
13359,0.4106685908275494,1.0,434.4814601229518,98.46731041664057,0.7030795097351075,test,69.2303483326663,8.84606966653326,False,5.344063769895145,8.502005896638115,False
13360,0.9212469197322887,0.8115609028401078,278.4445471933307,142.0792291337409,0.5548357903957367,train,78.83064139523611,10.766128279047223,False,5.652974412607074,10.113153866440149,False
13361,0.4935455398251603,0.8248052399054837,597.4082738501762,163.37486107825498,0.6827932596206665,train,111.55125393569527,17.310250787139054,True,5.401152850224663,16.909097936914392,True
13362,2.5354818139066553,0.9320433806175521,751.6597163629335,1045.484757545612,0.05441379956901073,train,56.88879804954271,6.3777596099085425,False,6.262849588195628,5.114910021712914,False
13363,0.40224855814563326,1.0,434.4814601229518,96.4744016209081,0.6173507690429687,train,59.55854603362784,6.911709206725568,False,5.3380770611623385,6.57363214556323,False
13365,1.1762519163755984,1.0,434.4814601229518,277.1869118215254,0.3375114262104034,train,93.55374993574038,13.710749987148077,True,5.777604092686019,12.933145894462058,False
13367,0.37412721253297265,1.0,434.4814601229518,89.8123524369471,0.7110795021057129,train,63.863722853807154,7.772744570761432,False,5.317818775055118,7.454925795706314,False
13368,1.9865640107520142,0.923428166471734,218.71947594742107,238.53272867626544,0.23447089791297912,train,55.92898307435698,6.185796614871396,False,6.094123566328024,5.091673048543372,False
13369,0.4734570859965741,1.0,434.4814601229518,113.3033368243954,0.7309745192527771,train,82.82185216494791,11.564370432989584,False,5.387611398914412,11.176759034075172,False
13370,0.46229371700938304,1.0,434.4814601229518,110.66873390612491,0.7030795097351075,test,77.80891917772337,10.561783835544674,False,5.380006241976929,10.181777593567745,False
13371,0.461430679408345,0.7941598649708185,987.1813017442753,252.4821240107892,0.7180182814598084,train,181.28678078154908,31.257356156309818,True,5.379415873317583,30.877940282992235,True
13373,1.0187111323224363,0.9478827089915725,1431.6757304726443,808.2976378587153,0.23755615055561066,train,192.01607535290944,33.40321507058189,True,5.70245925446475,32.700755816117145,True
13374,0.6530791319455319,0.7262846682422693,179.2262526524733,64.52873956727255,0.6744410276412964,train,43.520829426148886,3.704165885229777,False,5.502639689408459,3.2015261958213186,False
13375,0.35928772221968536,1.0,434.4814601229518,86.29292552257814,0.6173507690429687,train,53.27300393433124,5.654600786866249,False,5.3069608288895855,5.347639957976663,False
13376,2.3732840761116285,0.9349792481283876,360.2567208035412,462.8057184206909,0.2259523779153824,train,104.572052589992,15.914410517998402,True,6.215886773141408,14.698523744856994,False
13377,0.5065997788662215,0.8937963559221811,641.9361938016434,180.29948997623117,0.5266416370868683,train,94.95321856700978,13.990643713401958,True,5.409855309632745,13.580788403769214,True
13380,0.3729422561491189,1.0,434.4814601229518,89.53142129056626,0.7988653898239135,train,71.52355377077724,9.30471075415545,False,5.316956069200129,8.98775468495532,False
13381,2.1816129798859807,0.9776065758925446,794.2684170383494,958.9203351363561,0.018114506825804712,train,17.370368956230465,-1.5259262087539067,False,6.157388294575508,-2.683314503329415,False
13382,1.299800297568367,0.9466652303376862,291.00355522644304,209.5048516369709,0.2931117117404938,train,61.40832568125073,7.281665136250147,False,5.832822292021222,6.448842844228926,False
13383,0.27596718892540595,1.0,434.4814601229518,66.47824660687974,0.8020402789115906,train,53.31823145013532,5.663646290027065,False,5.243704470583684,5.419941819443381,False
13384,1.1167711475040352,0.6483920242806955,511.5648863845292,314.73058884320113,0.4070945978164673,train,128.1251224856629,20.625024497132582,True,5.749891884043804,19.875132613088777,True
13385,0.5537217758857667,1.0,434.4814601229518,132.20895020128245,0.6813801646232605,train,90.08455625281827,13.016911250563655,False,5.440653198519802,12.576258052043855,False
13386,0.647119119140154,0.6937937203321198,505.9993658150179,180.42528985442453,0.597990345954895,train,107.89258149905953,16.57851629981191,True,5.499027773498309,16.0794885263136,True
13387,0.39154561098883217,1.0,434.4814601229518,93.93995362856248,0.7030795097351075,test,66.04725654170844,8.209451308341688,False,5.330415079735388,7.879036228606299,False
13388,0.24197314649331672,1.0,434.4814601229518,58.36555160512626,0.7748512387275696,train,45.22461996024997,4.044923992049993,False,5.216701362096642,3.828222629953351,False
13389,1.021755769579074,1.0,434.4814601229518,241.42631614662875,0.4572018444538116,train,110.3805570419277,17.076111408385543,True,5.703966326744673,16.37214508164087,True
13391,1.3701072408840056,1.0,434.4814601229518,321.90347421497853,0.6675609827041626,train,214.89019958283515,37.978039916567035,True,5.862935203441467,37.11510471312557,True
13392,0.21006635865100307,1.0,434.4814601229518,50.73445956993971,0.9864406824111939,train,50.04653491993445,5.009306983986891,False,5.190675199965224,4.818631784021667,False
13393,0.4368436047096248,0.4058058469478851,378.2751746014053,91.58524518221846,0.6935813903808594,train,63.52182169185498,7.704364338370997,False,5.3624487665947305,7.3419155717762665,False
13394,3.8975350491047216,0.9797171008356438,365.2036270656832,787.0023649429833,0.0,train,0.0,-5.0,False,6.588732027340757,-6.588732027340757,False
13395,1.516066076227975,0.9631478196372665,343.62956602019534,286.31268180412553,0.26168313920497893,train,74.92320136869982,9.984640273739965,False,5.922696600905097,9.061943672834868,False
13396,0.5811038306955103,1.0,434.4814601229518,138.64444581804423,0.6813801646232605,train,94.4695753155997,13.893915063119941,True,5.458123230135095,13.435791832984847,True
13397,1.9509552442739817,0.9251331204792552,325.08250707481074,350.71630746595565,0.15188405513763428,train,53.268214980826706,5.653642996165342,False,6.08212892955436,4.571514066610982,False
13398,0.8567795083085107,0.9499624877300594,453.1824149169576,214.04066015902296,0.4572018444538116,test,97.85978461281677,14.571956922563356,True,5.6188435398920475,13.953113382671308,True
13399,0.6050321798196844,0.5071813757567781,122.0489990254853,40.75079585249542,0.7586926102638245,test,30.917327675657987,1.1834655351315977,False,5.473143806112876,0.7103217290187214,False
13400,0.2528746006954164,1.0,434.4814601229518,60.969110814555805,0.8071539163589477,train,49.21145657089139,4.842291314178279,False,5.22544059165221,4.6168507225260695,False
13402,0.9220752369942832,0.8588377512752237,323.7848491835237,164.9803107260277,0.4420757949352264,train,72.93380201286936,9.586760402573873,False,5.653405454940264,8.933354947633608,False
13403,0.44945199386080603,0.909551859682081,140.44572211105276,35.04549111339285,0.7040999174118042,train,24.675527398596024,-0.06489452028079512,False,5.371185549728541,-0.4360800700093357,False
13404,1.23879263504472,1.0,434.4814601229518,291.6307183703359,0.4420757949352264,train,128.92288165109738,20.78457633021948,True,5.805936718340858,19.97863961187862,True
13405,1.3487169485734676,0.97117501754371,272.0001200194129,203.1660301731289,0.26007936596870423,train,52.839292313806,5.567858462761201,False,5.853869199724641,4.71398926303656,False
13406,0.5075307631528466,0.8718078323191625,429.7501197187792,120.89067538616713,0.597990345954895,train,72.29145679689499,9.458291359378999,False,5.410473056145879,9.04781830323312,False
13407,0.39609814715972963,0.44842645212808224,430.72557296761306,94.50404381365944,0.6433711767196655,train,60.801177873160896,7.16023557463218,False,5.333681307857176,6.8265542667750045,False
13408,15.027288371418514,0.9947177574513384,647.1608770257823,5370.972853130215,0.012173912674188613,train,65.3857544894449,8.077150897888982,False,7.77429279270029,5.302858105188692,False
13410,1.9241519667440492,0.980560663272919,282.68707418913687,301.04957964512363,0.17420819401741028,train,52.44530357967751,5.489060715935501,False,6.07300451274771,4.416056203187791,False
13412,0.23381389219965285,1.0,434.4814601229518,56.41568242197528,0.7874671936035156,train,44.42549911206006,3.8850998224120126,False,5.210110097415255,3.674989724996758,False
13413,0.08879022106097736,0.0764841669012526,157.5812529897648,7.748369588260888,0.8843242883682251,train,6.852071422152807,-3.6295857155694384,False,5.085067190923326,-3.714652906492764,False
13414,1.2592816374868594,0.9259792630677037,425.2508221622159,295.9583476857913,0.28706775307655336,train,84.96009787440946,11.99201957488189,False,5.815046903237061,11.17697267164483,False
13415,0.651206946662033,0.8274797603444916,185.90799134326534,67.14204211649519,0.5646035134792328,test,37.90863288114381,2.5817265762287622,False,5.501506503334794,2.080220072893968,False
13416,0.19008546729945078,1.0,434.4814601229518,45.947027175229216,0.9135925769805908,train,41.9768629616149,3.39537259232298,False,5.174025125804458,3.221347466518522,False
13417,1.1579401401483629,0.9662008735996499,234.7952413540169,150.49109695032823,0.28706775307655336,train,43.20114105955648,3.640228211911296,False,5.769154127873076,2.87107408403822,False
13418,5.1478844194992845,0.9851190815016144,467.8631636767989,1330.9992194854992,0.0,train,0.0,-5.0,False,6.8161080258085605,-6.8161080258085605,False
13421,1.4417046963590392,0.9345385889838675,550.3308921394206,438.85404882428054,0.17688405364751816,train,77.62628311566459,10.525256623132918,False,5.892696441414358,9.63256018171856,False
13423,0.37772777646945105,1.0,434.4814601229518,90.66587328634806,0.7389337062835694,train,66.99606978091764,8.399213956183528,False,5.3204356033440545,8.078778352839475,False
13424,0.3538894532033067,1.0,434.4814601229518,85.01195155249373,0.6173507690429687,train,52.4821936687756,5.49643873375512,False,5.302981526550856,5.193457207204264,False
13425,0.9634135039662975,0.9272481258342525,648.6570546870219,345.4731945204746,0.3161782681941986,train,109.23111635100115,16.84622327020023,True,5.674684542100394,16.171538728099836,True
13426,4.1641648119157475,0.9629293877625584,373.06565484664566,858.731210248268,0.018114506825804712,train,15.555492369573791,-1.8889015260852418,False,6.641743388028116,-3.530644914113358,False
13427,1.0553194676628774,0.964524592692372,198.10609592354686,115.84324118283519,0.3707936525344849,train,42.95393851961672,3.590787703923345,False,5.720431294582472,2.8703564093408733,False
13428,0.2960754534195037,1.0,434.4814601229518,71.26901715642593,0.75689857006073,train,53.94341717533242,5.788683435066485,False,5.259340816466449,5.529342618600036,False
13431,1.1916700086105283,0.7668330683888968,438.2037519946932,288.81720142904425,0.4314875602722168,train,124.62102960926771,19.92420592185354,True,5.784663814235862,19.13954210761768,True
13432,0.36368124773387406,0.6017392424791345,331.3967910982981,66.7758645946466,0.7380239605903626,train,49.28218805998685,4.856437611997372,False,5.310187842766993,4.5462497692303785,False
13433,0.7276781591574059,0.6366647359081872,204.53205392707227,82.43102283424594,0.7030795097351075,train,57.95556312126508,6.591112624253016,False,5.546778402547475,6.044334221705541,False
13434,0.7886178297828975,0.8830143099039844,400.43366013905785,174.89278428859583,0.4989220082759857,train,87.257859170245,12.451571834049002,False,5.5814431594494724,11.87012867459953,False
13435,1.2044251870524647,0.9622658047300023,384.1569377937929,255.15322880737574,0.2485778659582138,train,63.4254451092853,7.68508902185706,False,5.790466788770264,6.894622233086796,False
13437,1.6186524260324557,1.0,434.4814601229518,379.02352763175935,0.3084963262081146,train,116.92736582083758,18.385473164167518,True,5.962659844245206,17.422813319922312,True
13438,0.2734062135728862,1.0,434.4814601229518,65.86767492514532,0.8666336059570312,train,57.083140636384215,6.416628127276844,False,5.241695368102693,6.174932759174151,False
13439,1.1029738662627724,0.9405817588688791,359.38820835723925,218.79198003116332,0.3161782681941986,train,69.1772693410329,8.83545386820658,False,5.743352469759265,8.092101398447316,False
13440,0.6541253156703619,0.456223770959986,65.75847987129407,23.675447895132518,0.6925609827041626,train,16.396691460214175,-1.7206617079571647,False,5.503272358949333,-2.223934066906498,False
13441,0.37412721253297265,1.0,434.4814601229518,89.8123524369471,0.7030795097351075,train,63.145224719525444,7.62904494390509,False,5.317818775055118,7.311226168849972,False
13442,0.24186553708283223,0.3123385539362151,142.93888596570048,19.177605748334443,0.8843242883682251,train,16.95922255600224,-1.608155488799552,False,5.216614714432071,-1.8247702032316226,False
13443,0.9922110066858087,0.5429898268304818,217.44795752109675,119.32937128163076,0.5765088677406311,train,68.79444072577434,8.758888145154868,False,5.689245080603641,8.069643064551228,False
13444,0.6645729620328604,0.8651791877161571,474.86835641422056,174.34546716152155,0.5568538665771484,train,97.08494750909253,14.416989501818506,True,5.509568611276434,13.907420890542072,True
13445,0.2310640861327825,1.0,434.4814601229518,55.75830474151076,0.8850211501121521,train,49.34727899063572,4.869455798127145,False,5.207878906068824,4.661576892058321,False
13446,0.37907686829045883,0.10744548440984512,336.22365211020815,70.39667801322385,0.6874559998512269,train,48.39461866978568,4.678923733957136,False,5.321414339310179,4.357509394646957,False
13448,2.4801114917830946,0.9752430818536352,663.262527893218,910.0363221181841,0.04854928962886333,train,44.18161697530129,3.8363233950602584,False,6.247064331141887,2.5892590639183712,False
13450,3.1456848479218804,0.9780670289061287,317.60603496109087,551.0131281489373,0.018114506825804712,test,9.98133107096193,-3.003733785807614,False,6.422067997598577,-4.425801783406191,False
13451,2.9859354971450793,0.9756693724545148,609.4119320113506,1004.2685623911318,0.018114506825804712,train,18.191829728375243,-1.3616340543249512,False,6.382772039307705,-2.744406093632656,False
13452,1.2591645821836914,0.9329873062808032,308.7830541628395,214.1819579235411,0.42138031125068665,train,90.25206009410321,13.050412018820644,False,5.814995091044328,12.235416927776317,False
13453,0.9428598357759187,0.9009205697381156,229.89510650997258,119.23168012061348,0.4572018444538116,train,54.51294406847135,5.902588813694271,False,5.664161029746867,5.238427783947404,False
13454,0.22446466132906934,1.0,434.4814601229518,54.18012722576115,0.8850211501121521,train,47.950558510565855,4.590111702113171,False,5.202503737319541,4.387607964793631,False
13455,1.2140789724919956,0.8827977610284234,390.46410836760793,262.5685111627927,0.3553455412387848,test,93.30254971140448,13.660509942280896,True,5.794836503249215,12.865673439031681,False
13456,1.30843021277153,1.0,434.4814601229518,307.6935247606501,0.4420757949352264,train,136.0238595549862,22.204771910997238,True,5.83656773195631,21.368204179040927,True
13457,0.2613268198525939,0.5410328521142688,107.50276826001205,15.601094174358174,0.8850211501121521,train,13.807298309198467,-2.2385403381603064,False,5.232164198543543,-2.47070453670385,False
13458,5.623198629974414,0.9817688430011151,893.6835632858894,2745.410774183992,0.018114506825804712,train,49.73176220859372,4.946352441718744,False,6.890578429989922,3.055774011728822,False
13459,0.32313048982496617,0.6098797610650485,512.4436569366998,91.87103242988775,0.7735333800315857,train,71.0653102424825,9.2130620484965,False,5.280000512033929,8.93306153646257,False
13461,0.8314820081495018,0.8312368782441755,1114.4650426010598,512.524152599651,0.39484823346138,train,202.36925626026292,35.47385125205258,True,5.605125479628285,34.8687257724243,True
13462,1.3277206457418158,0.9576185985851506,255.3356785209944,187.75360755319642,0.3161782681941986,train,59.36361048338285,6.87272209667657,False,5.8448895251353274,6.027832571541243,False
13464,1.0755248892351001,0.815076428157624,689.1965036371198,409.8242418726706,0.42138031125068665,test,172.69186659838263,29.53837331967653,True,5.730214080361531,28.808159239315,True
13465,0.5319373889081958,0.8341097734283698,340.26793994519386,100.22076333727075,0.5385205388069153,test,53.97093947202739,5.7941878944054785,False,5.426533201624365,5.367654692781113,False
13466,1.2557924860993026,0.9705553803688203,262.8967725361801,182.5726004202884,0.28706775307655336,test,52.41070617599559,5.482141235199119,False,5.813501346293095,4.668639888906024,False
13468,15.451126299989863,0.9862365012515909,196.55555862551347,1677.2956549438757,0.018114506825804712,train,30.38338359037342,1.0766767180746841,False,7.80039394295204,-1.7237172248773556,False
13469,0.21945066571427269,1.0,434.4814601229518,52.980613110840146,0.9864406824111939,train,52.2622321516206,5.452446430324121,False,5.19840048333669,5.254045946987431,False
13472,0.5341836970164857,0.7825400631447638,348.8275327327714,103.09435054495489,0.7257306933403015,train,74.8187345004582,9.963746900091643,False,5.427998446112258,9.535748453979384,False
13473,1.5228421682592788,0.9027924592268911,418.2307679236978,352.57625863799353,0.28706775307655336,train,101.21327435534654,15.242654871069309,True,5.925386110531818,14.317268760537491,False
13474,1.2004114063135585,0.9466304672107345,176.33026875648594,116.70536520509509,0.34189255237579347,train,39.900695185919076,2.9801390371838155,False,5.788644345751212,2.1914946914326032,False
13475,3.492588970267282,0.9655394983632009,375.8308880142749,713.7924668509592,0.0718051042407751,train,51.25394248851313,5.250788497702628,False,6.502429143656947,3.7483593540456805,False
13476,1.1791092527385387,0.9396112658577903,436.4380143945496,284.69103818267047,0.2716831386089325,train,77.34575478730336,10.469150957460673,False,5.778916193640189,9.690234763820484,False
13477,1.7572420309501073,0.9719297615395125,297.5894265944295,289.24312687949623,0.11969987973570824,train,34.6223675018559,1.92447350037118,False,6.014230915983281,0.9102425843878992,False
13478,0.8310909423093902,0.7034433662650958,597.875844778904,275.0934115204851,0.5798357903957367,train,159.50900570164015,26.901801140328033,True,5.604911932568943,26.29688920775909,True
13479,1.7676930085665157,0.9652318519897156,173.7501932344971,169.03986001738394,0.2360052913427353,train,39.89430141193789,2.9788602823875783,False,6.018014124294968,1.9608461580926102,False
13480,0.4745065757231642,0.8908289380076556,187.98261768804105,49.48549518171603,0.597990345954895,test,29.59184838346366,0.9183696766927323,False,5.388323408892388,0.5300462678003441,False
13481,1.9097178720848555,0.9794942224064898,448.48892546658635,474.07500562497864,0.031157984957098962,train,14.77122189379969,-2.045755621240062,False,6.068056125309743,-3.113811746549805,False
13482,0.553761022960364,0.9438474949365481,229.59994813798733,70.46421577527953,0.7030795097351075,train,49.541946281152356,4.908389256230471,False,5.440678458241023,4.467710797989448,False
13484,0.8752335765543301,0.9510302592700189,324.52367632568405,157.25061513670784,0.5302907645702362,train,83.38854892998475,11.67770978599695,False,5.628733225825967,11.048976560170981,False
13485,2.4529254950473427,0.9692089482458609,358.324891010388,486.28351444637906,0.04854928962886333,test,23.608719184598804,-0.2782561630802389,False,6.239221841299121,-1.5174780043793596,False
13487,1.0355300050851817,0.9650872971231617,208.63174680510622,119.73624443231313,0.3665079414844513,train,43.88428446796618,3.776856893593237,False,5.710756229744013,3.066100663849224,False
13488,3.9832193439820545,0.9854807321953905,860.3084030902819,1892.6308318908386,0.018114506825804712,test,34.284074123015046,1.8568148246030098,False,6.606076136789656,0.25073868781335396,False
13489,1.3516779074407592,0.8043832898961405,208.08618235771598,153.48785057257138,0.5882226228713989,train,90.28502604269129,13.057005208538257,False,5.855129076543355,12.201876131994903,False
13490,0.2190429322397112,1.0,434.4814601229518,52.883051591472835,0.9614406824111938,train,50.843917210092016,5.168783442018404,False,5.198066069107591,4.970717372910813,False
13491,6.642735668751564,0.9163950539627173,171.6367120539016,629.9402388810652,0.11895914003252983,train,74.93714908917792,9.987429817835585,False,7.0337556109121335,7.953674206923451,False
13492,1.2129878007761685,1.0,434.4814601229518,285.67320134960227,0.4420757949352264,test,126.28920757831642,20.257841515663287,True,5.794343548526005,19.463497967137283,True
13493,1.4669296651841095,0.838619787348066,372.78455392559016,298.193735672171,0.4455351769924164,train,132.85579880073053,21.571159760146106,True,5.902974326878983,20.668185433267123,True
13494,0.6050471093150221,1.0,434.4814601229518,144.2662202361191,0.6813801646232605,test,98.30014089406238,14.660028178812478,True,5.473153107749375,14.186875071063103,True
13495,2.1831776236084894,0.9689314257488882,489.50830154545895,591.3395716682526,0.09895913898944855,train,58.51845486267958,6.703690972535917,False,6.157879950578509,5.545811021957408,False
13496,0.485174383619384,1.0,434.4814601229518,116.06726340100279,0.7030795097351075,train,81.60451464827263,11.320902929654526,False,5.395532195407018,10.925370734247508,False
13497,1.7374813486010507,0.9374156287713803,200.2594592296939,192.39575763568158,0.36573076248168945,train,70.36504713834015,9.07300942766803,False,6.0070382818229895,8.06597114584504,False
13498,0.19194201005280262,1.0,434.4814601229518,46.392146106814806,0.8850211501121521,train,41.05803050362424,3.2116061007248486,False,5.175583918175182,3.036022182549667,False
13499,1.7979903107692077,0.9195314072213757,328.74036575042794,321.6220470977522,0.3504639804363251,train,112.71694282195746,17.543388564391492,True,6.028901413324216,16.514487151067275,True
13500,0.41355431316546104,1.0,434.4814601229518,99.15013258264734,0.6813801646232605,train,67.55893366158234,8.51178673231647,False,5.3461073220086055,8.165679410307863,False
13501,0.9845106377816647,0.9292174513855158,1074.6134273599284,584.7254673466617,0.34584681391716005,train,202.22543989806536,35.44508797961308,True,5.685372353660814,34.75971562595227,True
13502,1.4287129949232829,0.9325537509963103,144.47776491974435,113.89975108790183,0.3568783104419708,test,40.64835072801144,3.1296701456022884,False,5.887361485329223,2.242308660273065,False
13503,0.6748758853342691,0.7640332442955301,347.67059008432733,129.96478938603025,0.5019855558872223,train,65.24044704571216,8.048089409142433,False,5.515739064223716,7.532350344918717,False
13505,2.4411057304828163,0.9452746406941455,690.17818993393,911.6533177779469,0.09635044410824775,train,87.8382020406627,12.56764040813254,False,6.235792853016586,11.331847555115953,False
13506,1.9459128077406498,0.7956939016768317,238.44610591586945,254.98760170131743,0.42688918113708496,test,108.85144849038457,16.770289698076915,True,6.080418720773065,15.689870977303851,True
13508,0.5369777007032865,0.9420313550333329,169.19906684863486,50.36901126445495,0.7229745268821717,train,36.41551208844209,2.2831024176884185,False,5.429817956125439,1.8532844615629793,False
13509,1.590937811036621,0.940444669527068,231.5216987074652,202.96162083026843,0.2770677536725998,train,56.23412036519241,6.246824073038482,False,5.9520198993763,5.2948041736621825,False
13510,1.4266293261772531,0.8374509251839571,497.23617151700614,392.6538033695076,0.28706775307655336,train,112.71824507024735,17.54364901404947,True,5.8865031858577765,16.657145828191695,True
13511,0.21044130821220688,1.0,434.4814601229518,50.82423270422721,0.9135925769805908,train,46.43264172931615,4.28652834586323,False,5.190985010646127,4.095543335217103,False
13512,1.3393211429564138,0.944611357198936,203.59098806188706,150.61577699835487,0.3454176962375641,train,52.025354707802435,5.4050709415604885,False,5.849860777431921,4.555210164128567,False
13513,0.4840672862052041,0.8701432895343434,340.4565133495182,91.38850978095084,0.6528692960739135,train,59.664752049933334,6.932950409986667,False,5.394786484825939,6.5381639251607275,False
13514,0.7257688291986162,0.8531756329328276,185.97556699651184,74.79407869927833,0.5083543121814728,train,38.021892432418575,2.604378486483715,False,5.545672649275588,2.0587058372081275,False
13515,0.8656364520962992,0.9495556140938652,218.68218316773448,104.81385109928168,0.5517722427845001,train,57.83337369593129,6.56667473918626,False,5.623602256057067,5.943072483129193,False
13516,0.9289261536293687,0.9340359022428293,197.91961621155136,101.20779043965179,0.5400584876537323,train,54.65812624361421,5.931625248722844,False,5.656963450987268,5.274661797735575,False
13519,0.36149350263339586,1.0,434.4814601229518,86.81623663632352,0.7110795021057129,train,61.733246322048686,7.346649264409738,False,5.308582260908316,7.038067003501422,False
13520,2.549471654858203,0.9847696569306007,464.6914970231181,655.2703568282587,0.018114506825804712,train,11.869899351512982,-2.6260201296974035,False,6.266798762793691,-3.8928188924910945,False
13523,1.6075130736654484,0.9579275954537667,1110.338422709487,979.9349048120298,0.16521738916635514,train,161.9022865260243,27.380457305204864,True,5.9583969217499995,26.422060383454863,True
13524,1.1529831783914628,1.0,434.4814601229518,271.80843727589195,0.4655351758003235,train,126.53638863124355,20.307277726248714,True,5.766854405249735,19.54042332099898,True
13525,0.8964159390167555,1.0,434.4814601229518,212.32130239138016,0.5568538665771484,test,118.23193819333599,18.6463876386672,True,5.639965756891731,18.00642188177547,True
13526,0.18947457943224372,1.0,434.4814601229518,45.800549399016965,0.778247344493866,train,35.644155946145084,2.1288311892290173,False,5.1735116797315435,1.9553195094974738,False
13527,2.063921537045017,0.9770105822956434,443.9389207236499,506.66132796582406,0.031157984957098962,test,15.78654603510293,-1.8426907929794138,False,6.119695643536426,-2.96238643651584,False
13529,1.3541435959540675,1.0,434.4814601229518,318.22701564608684,0.4870166540145874,train,154.98185637700496,25.996371275400993,True,5.856177007807714,25.14019426759328,True
13530,0.2274968111432093,1.0,434.4814601229518,54.905318989862046,0.8850211501121521,test,48.59236855968229,4.7184737119364595,False,5.204976982836492,4.513496729099968,False
13531,1.322580544352145,0.9710471293963414,288.35648737181657,211.25622869277123,0.2754639804363251,train,58.19348164767735,6.63869632953547,False,5.842678871126971,5.7960174584085,False
13533,0.782600642572578,1.0,434.4814601229518,185.80958963059481,0.6458616375923156,train,120.00728583917211,19.001457167834424,True,5.578073333183717,18.423383834650707,True
13534,8.258217050856674,0.9912031133479577,258.3155447079171,1171.712586362801,0.04137032143771648,train,48.47412633044721,4.694825266089444,False,7.225511487015254,2.4693137790741897,False
13535,0.4121063901737345,1.0,434.4814601229518,98.80753580025645,0.7983836889266968,train,78.8863249259654,10.77726498519308,False,5.345082483381134,10.432182501811946,False
13537,0.6175491780148092,0.6908855210127639,325.82157740523917,110.93678802715581,0.597990345954895,train,66.33912825148376,8.267825650296752,False,5.480912150649319,7.786913499647433,False
13538,2.0303150136644703,0.9410319594350319,289.11496074823657,324.50613917288547,0.22039682269096375,test,71.52012201741564,9.30402440348313,False,6.108666579023067,8.195357824460062,False
13539,2.067077434309326,0.9569099958618441,194.5695528626109,221.94178070680405,0.1309208706021309,train,29.056811153122005,0.8113622306244013,False,6.120725132387356,-0.3093629017629551,False
13540,0.4731808069280386,0.8505756438619054,293.9608709181459,77.13327646608636,0.7559404492378234,train,58.308163662958556,6.661632732591713,False,5.387423877352968,6.2742088552387445,False
13541,0.5579095914325177,0.8451374634346089,467.5795843949128,144.38479245385733,0.6173507690429687,train,89.13606265949825,12.82721253189965,False,5.443344917159259,12.383867614740392,False
13542,0.8322069084301282,0.16903494389531604,239.02990431821928,109.96952681503217,0.5204034864902496,train,57.228525162225736,6.445705032445147,False,5.605521201157373,5.840183831287774,False
13543,0.30960205010258235,0.5894953880629956,776.0692761816952,133.32090850032355,0.8161182403564453,train,108.8056252480067,16.761125049601343,True,5.269723312515363,16.49140173708598,True
13544,1.1998069613058453,0.9561060162634253,168.10379804338672,111.57972348814017,0.28706775307655336,train,32.030940510643525,1.4061881021287057,False,5.7883696116534855,0.6178184904752202,False
13545,0.6075457353953876,0.8677686470151639,280.5229661491412,94.26362404531545,0.6167334914207458,train,58.13553397143997,6.627106794287995,False,5.474708627981759,6.152398166306236,False
13546,1.4933852074277385,0.9580240400764172,247.96496624114351,203.54521516079208,0.28706775307655336,train,58.43126756569219,6.686253513138439,False,5.91364130821993,5.772612204918509,False
13547,0.40362779048933134,1.0,434.4814601229518,96.80090415991123,0.7386869311332702,train,71.50556282481064,9.301112564962128,False,5.339060163967602,8.962052400994526,False
13548,0.7894811441900236,0.935807512991403,308.61220454975677,134.43409620631883,0.49833832383155824,test,66.99366216926737,8.398732433853475,False,5.581925714253103,7.816806719600372,False
13549,2.3546544296445546,0.9669644500943362,188.8258820450872,243.5768278374017,0.28706775307655336,train,69.92305266879738,8.984610533759477,False,6.210348763522359,7.774261770237119,False
13550,0.4414784620731439,1.0,434.4814601229518,105.75267438277716,0.6173507690429687,train,65.28649485855813,8.057298971711626,False,5.365669296654932,7.691629675056694,False
13551,0.5044931978875512,0.92531197072396,153.48188354041022,42.946237397117734,0.7319949269294739,train,31.436427905399036,1.2872855810798072,False,5.408456095899644,0.8788294851801632,False
13552,2.830273564467019,0.9785679395640884,539.2616279326372,842.9797919890781,0.018114506825804712,train,15.27016319600159,-1.9459673607996817,False,6.342936227395577,-3.2889035881952586,False
13553,0.2111952399072099,1.0,434.4814601229518,51.00473734161836,0.8295122981071472,train,42.30905688659727,3.4618113773194548,False,5.191607673629925,3.27020370368953,False
13554,0.5884306630039775,0.19015680589965378,310.0382520399865,100.1467149019037,0.5882226228713989,test,58.90856331155201,6.781712662310403,False,5.462746524422539,6.318966137887863,False
13555,2.3697987012621713,0.9788246210959998,784.3955355983971,1027.653736086568,0.029859355464577676,test,30.685078200310127,1.1370156400620255,False,6.214853010017056,-0.07783736995503077,False
13556,0.5747086464254023,0.6123319072090154,154.95767540033722,49.06713548797313,0.750692617893219,train,36.83433639198782,2.3668672783975637,False,5.454070268768932,1.9127970096286315,False
13557,2.905485013423205,0.92527052344281,245.77945536208824,394.9206692172988,0.1316616103053093,train,51.99589125199994,5.39917825039999,False,6.362381978760432,4.036796271639558,False
13559,0.43549541144743975,0.6205840123646087,619.3401806574234,149.18009398036605,0.6708616375923157,train,100.07920214384391,15.015840428768783,True,5.361510024090027,14.654330404678756,True
13561,3.1987343908021253,0.9752265644763497,184.31371271601296,325.49427909809157,0.23447089791297912,train,76.31893588566736,10.263787177133473,False,6.434783144355347,8.829004032778126,False
13562,1.4003632291137182,0.9588804512129243,663.1049879907836,513.9600248542499,0.2360052913427353,train,121.29728540424672,19.259457080849344,True,5.87562007136638,18.383837009482964,True
13564,0.3810236938154664,0.052969665628556685,654.6916853586895,137.8877909185232,0.44967285394668577,train,62.004396466736225,7.400879293347245,False,5.322825031278865,7.07805426206838,False
13565,0.8675966384283542,0.8550245889271706,168.55135819900028,80.47656241887175,0.6675609827041626,test,53.72301309299491,5.744602618598982,False,5.624652384171043,5.1199502344279395,False
13566,0.7556800860681173,0.8211216644905576,286.54615920124803,119.88362011116385,0.42228121161460874,train,50.62460035328775,5.12492007065755,False,5.5628562952830185,4.562063775374532,False
13567,0.8176197740206977,0.7226233463904475,342.5033051327562,154.64503162667552,0.4420757949352264,test,68.36482528914581,8.672965057829163,False,5.597527828678243,8.075437229150921,False
13569,1.077865836489899,0.7003938843148567,160.9185147727735,95.36117439306027,0.5400584876537323,test,51.50061162359995,5.300122324719991,False,5.7313413268246105,4.568780997895381,False
13570,0.9321275501741145,1.0,434.4814601229518,220.62306989185166,0.4655351758003235,train,102.70779962771022,15.541559925542046,True,5.658621753369976,14.88293817217207,True
13571,5.1573078272166555,0.9917233813775767,170.72361173428595,486.6010374758624,0.08939392194151878,train,43.4991751607793,3.6998350321558604,False,6.8176396409789035,1.882195391176957,False
13572,1.3385513807628637,1.0,434.4814601229518,314.6351274158192,0.4314875602722168,train,135.7611435045899,22.152228700917984,True,5.849531669617805,21.30269703130018,True
13573,1.209606470909353,0.9512029281100179,204.86437751642808,137.0682190407831,0.3711640238761902,train,50.87479172472009,5.174958344944018,False,5.792814432211938,4.38214391273208,False
13574,0.39951823294149913,1.0,434.4814601229518,95.82799197200194,0.622990345954895,test,59.69991387080039,6.939982774160079,False,5.33612805807107,6.603854716089009,False
13576,5.153419001379231,0.9909752906647614,429.0351588329778,1221.9258132219059,0.010779393091797828,train,13.171618669733656,-2.365676266053269,False,6.817007862527326,-4.182684128580595,False
13577,2.198392047445709,0.9646695057301753,298.3472663246441,362.87369567603804,0.129265096783638,train,46.90690339179946,4.381380678359893,False,6.162648198344484,3.218732480015409,False
13578,0.40224855814563326,1.0,434.4814601229518,96.4744016209081,0.7466461181640625,train,72.03223747245177,9.406447494490354,False,5.3380770611623385,9.068370433328017,False
13579,1.0687881810446755,0.8757620979801336,243.45739547283313,143.99939839694824,0.4011640250682831,train,57.76737826833102,6.553475653666204,False,5.726963016067027,5.826512637599177,False
13580,0.4064148821817471,1.0,434.4814601229518,97.46061803397373,0.7758354663848877,train,75.6134040465474,10.12268080930948,False,5.341043829648866,9.781636979660615,False
13581,0.8910785538847132,0.8870732274154688,174.9628539460167,85.81127702352602,0.597990345954895,train,51.31431523412965,5.262863046825931,False,5.637147329736161,4.62571571708977,False
13582,0.5334049628646972,0.8914129495500867,212.82511399681476,62.901852337010325,0.7030795097351075,train,44.225003502535344,3.84500070050707,False,5.427490728647592,3.417509971859478,False
13583,0.20932045625905193,1.0,434.4814601229518,50.55586320564049,0.8346027374267578,test,42.19406182440026,3.438812364880052,False,5.19005859545123,3.2487537694288218,False
13584,0.8025948892338901,0.9318683414852472,216.15935877987175,96.12154580906383,0.49690393209457395,train,47.76317407153253,4.552634814306506,False,5.589227231916965,3.963407582389541,False
13585,0.5796466921069485,0.7485371385335059,345.629805356288,111.12913073062187,0.6925609827041626,train,76.96369998585882,10.392739997171766,False,5.457201209443313,9.935538787728454,False
13586,0.27726577175357986,1.0,434.4814601229518,66.78780968615501,0.8843242883682251,train,59.06208227238148,6.812416454476297,False,5.244721677364378,6.567694777111919,False
13587,0.47547797400378555,0.8673542790560578,400.2670778949005,105.55312822671699,0.5568538665771484,train,58.777667582360905,6.755533516472182,False,5.388981987470924,6.366551529001258,False
13588,0.8508071038404587,1.0,434.4814601229518,201.70741075128888,0.6925609827041626,test,139.6946826086248,22.93893652172496,True,5.615621816297317,22.32331470542764,True
13589,0.865506086828445,0.8053237003363003,176.21311478925566,84.52595415698666,0.49019125699996946,train,41.433883717335085,3.2867767434670174,False,5.62353237651398,2.6632443669530375,False
13590,3.9207561585060637,0.9855560427963383,377.79006445083127,818.9747563375563,0.0,train,0.0,-5.0,False,6.593462209448269,-6.593462209448269,False
13591,1.6406910654975675,0.9742567818931732,343.9363002753939,312.38533950366343,0.1934587076306343,test,60.43366406313566,7.086732812627133,False,5.971040650137088,6.1156921624900455,False
13592,3.0559184917892757,0.9445569647194408,101.00594060457851,167.41570726284928,0.3208343505859375,train,53.71270971756167,5.742541943512336,False,6.400177170374257,4.342364773138079,False
13593,3.3823249242497972,0.9310557238301422,400.58020897710065,747.8650100788965,0.018114506825804712,train,13.54720582985468,-2.290558834029064,False,6.477579388184655,-3.7681382222137185,False
13594,0.3193487160987143,1.0,434.4814601229518,76.8067090433085,0.8297021389007568,train,63.72669077516117,7.745338155032234,False,5.277138217943066,7.468199937089168,False
13595,0.5891601987626531,0.6487123999544592,156.59817800855816,51.08824827782632,0.6423507690429687,test,32.816575570319856,1.5633151140639718,False,5.463205699818763,1.1001094142452086,False
13597,0.660860524142219,0.631465707136407,91.7445907334562,33.35206078258753,0.597990345954895,test,19.944210365688203,-1.0111579268623592,False,5.507335856089272,-1.518493782951631,False
13598,0.644348491502802,0.716143874366648,193.25121232936658,68.95848935334652,0.6925609827041626,train,47.7579591523482,4.55159183046964,False,5.497344251969627,4.0542475785000125,False
13599,3.6328215490177143,0.9852609538342432,500.8896250696733,1006.1888801601422,0.012173912674188613,train,12.249255560809202,-2.5501488878381595,False,6.533166088321172,-4.083314976159332,False
13600,0.5353975748526121,0.9250145385231019,258.19751484591006,76.6244636105398,0.6813801646232605,train,52.210389629118644,5.44207792582373,False,5.428789353921428,5.013288571902302,False
13601,1.0701650413599386,0.9569069604021644,339.1650678623875,200.46432893530064,0.2716831386089325,train,54.46277806427592,5.892555612855185,False,5.727628334224574,5.164927278630611,False
13602,0.9145492717999706,0.8442568616946654,235.30579386633093,118.90494675526949,0.4572018444538116,train,54.363560971191475,5.8727121942382965,False,5.649482227723119,5.223229966515177,False
13604,0.2174270482196246,1.0,434.4814601229518,52.49637964513908,0.8843242883682251,train,46.42382357159579,4.284764714319158,False,5.196739654852576,4.088025059466582,False
13605,0.5797681594688089,0.8801764072953525,367.45530554252014,117.91533828825436,0.5698892951011658,test,67.19868901870879,8.439737803741759,False,5.457278101758901,7.982459701982857,False
13606,1.4017578322726558,0.9138386420765724,223.01627667397977,170.87510836058505,0.40405458211898804,train,69.04287050317299,8.8085741006346,False,5.8762008993714705,7.932373201263129,False
13607,0.4121063901737345,1.0,434.4814601229518,98.80753580025645,0.7030795097351075,test,69.46955382857838,8.893910765715678,False,5.345082483381134,8.548828282334544,False
13608,0.2779196617848293,1.0,434.4814601229518,66.94367809761401,0.8163737654685974,train,54.65106256286682,5.930212512573364,False,5.245233491526231,5.684979021047133,False
13609,0.2470445298624689,1.0,434.4814601229518,59.57696379914852,0.9414173603057862,test,56.08678799482778,6.217357598965556,False,5.220776375653325,5.996581223312231,False
13610,2.9368521234373577,0.9853775944822867,134.75179713055743,218.76077188000147,0.11200261786580086,train,24.50177913690344,-0.09964417261931136,False,6.370381450534146,-1.4700256231534574,False
13611,1.8301093405332258,0.8174491097729437,305.297619728922,309.1969619498786,0.2754639804363251,train,85.17262587753251,12.034525175506502,False,6.040315347139609,10.994209828366893,False
13612,0.22837825576871246,1.0,434.4814601229518,55.11610394225088,0.824593460559845,test,45.44837888231677,4.089675776463354,False,5.205694808165009,3.883980968298345,False
13613,0.7165710728701414,0.8097545982612568,300.60640012003313,119.31100744209893,0.5698892951011658,train,67.99406592898771,8.598813185797543,False,5.540328738750315,8.058484447047228,False
13614,0.9924212935792381,0.8976593501899632,335.64662885003,184.0015960872268,0.4189199924468994,train,77.08194724307849,10.416389448615698,False,5.689350629561627,9.727038819054071,False
13615,2.1566755675054954,0.8768832763681003,770.0806885610859,918.0027525216373,0.15285024046897888,test,140.31694147411676,23.063388294823355,True,6.149519438221413,21.913868856601944,True
13616,0.39473443695535926,0.7568294040556984,165.00125889150848,36.1417043224991,0.8437323331832886,train,30.493924513242714,1.0987849026485428,False,5.332704029377149,0.7660808732713935,False
13617,0.7826121294348144,0.3523167015907483,170.10341132358744,73.27441902676595,0.6675609827041626,train,48.91514317258447,4.783028634516896,False,5.578079777041614,4.204948857475282,False
13619,0.4173916582898402,0.7766711759617041,180.45607920241227,41.782954653475834,0.8430354714393615,train,35.224512874422466,2.0449025748844933,False,5.348818322157172,1.6960842527273217,False
13620,0.2860141939930224,1.0,434.4814601229518,68.87266325947064,0.8607261538505554,train,59.280502552768624,6.856100510553725,False,5.251547663074129,6.604552847479596,False
13622,0.20318801837611164,1.0,434.4814601229518,49.087176784554735,0.8161182403564453,train,40.06094034147657,3.0121880682953144,False,5.1849747160323005,2.827213352263014,False
13623,2.4712628070024776,0.9780204586629198,220.41729121414946,301.37028783861837,0.018114506825804712,train,5.459174136147383,-3.9081651727705236,False,6.244518449081826,-5.15268362185235,False
13624,0.4333496426884885,1.0,434.4814601229518,103.83155531188956,0.6708616375923157,train,69.65660723029133,8.931321446058266,False,5.360014112586546,8.57130733347172,False
13625,0.24550091465461227,1.0,434.4814601229518,59.20827970738354,0.8843242883682251,train,52.35931981773877,5.471863963547754,False,5.219537790087241,5.252326173460514,False
13626,1.0495617957300876,0.9224124791206568,289.11535431138486,166.6983578748217,0.4135051012039185,train,68.93062134355517,8.786124268711035,False,5.717626012120336,8.068498256590699,False
13627,1.2216297788042587,0.9661609233609991,311.9409015036346,210.79862878126315,0.25007936656475066,train,52.71638755833631,5.543277511667263,False,5.798241061135714,4.745036450531549,False
13628,0.21044130821220688,1.0,434.4814601229518,50.82423270422721,0.9135925769805908,train,46.43264172931615,4.28652834586323,False,5.190985010646127,4.095543335217103,False
13629,3.7569568446850092,0.9791315698873932,704.2856881548963,1460.967932254225,0.018114506825804712,train,26.464713581100952,0.29294271622019075,False,6.559608145448727,-1.266665429228536,False
13630,2.7295874774694355,0.9631998243561972,382.080112717356,567.1755371558473,0.0718051042407751,train,40.72609856829323,3.145219713658646,False,6.3162976316868535,1.8289220819717924,False
13631,3.0103497994592474,0.9493160502739106,606.1159284466821,990.0517495715977,0.17688405364751816,train,175.1243667850417,30.02487335700834,True,6.388878469299355,28.635994887708982,True
13632,1.6357673515684816,0.9601184339351688,442.3959301816532,399.7639469139889,0.17785023897886276,train,71.09811349378633,9.219622698757266,False,5.969174354614965,8.250448344142303,False
13634,3.1884218553034507,0.9612951098739423,376.09827844830164,662.6995097296596,0.031157984957098962,train,20.64838135523359,-0.8703237289532817,False,6.4323240174730065,-2.3026477464262882,False
13635,0.6681241848867333,0.8627934254339742,739.3570964742447,274.0063692898145,0.4411748945713043,train,120.88473108329978,19.176946216659957,True,5.511699752536132,18.665246464123825,True
13636,2.4400278404916165,0.8610242094092501,217.30814488505922,288.3665491912399,0.31983981728553773,test,92.2311044045872,13.44622088091744,False,6.235479564518726,12.210741316398714,False
13637,2.5857802126682876,0.9490735718794577,293.23117383184916,409.8265399729772,0.11969987973570824,train,49.056187547266795,4.81123750945336,False,6.276976082916512,3.5342614265368475,False
13639,0.36827667701319705,1.0,434.4814601229518,88.42513036034713,0.7110795021057129,train,62.87729767026839,7.575459534053678,False,5.313552048029383,7.261907486024295,False
13640,0.23806365071923988,1.0,434.4814601229518,57.431406107422355,0.8533002734184265,test,49.00623453426819,4.801246906853638,False,5.213548587091986,4.587698319761652,False
13641,0.32259242643267394,0.413918396335349,366.5692477755499,65.59145488279985,0.8297070980072021,train,54.421695684878195,5.88433913697564,False,5.279593769970045,5.604745367005595,False
13642,0.8936702980453451,0.9432423983451816,334.2499886941576,164.55050729752384,0.5615399658679963,train,92.40168625141301,13.480337250282602,False,5.638516902549124,12.841820347733478,False
13643,2.2183576377544596,0.9829600484553677,208.98993282053775,256.5281452731121,0.21502645462751388,test,55.16033759024913,6.032067518049827,False,6.168871179049558,4.863196339000269,False
13646,0.4164809615597892,1.0,434.4814601229518,99.84254061450851,0.6708616375923157,train,66.98053029802647,8.396106059605295,False,5.348175599717905,8.04793045988739,False
13647,1.3009824213390613,0.9566450601174408,496.34943531673406,356.87812921891083,0.26168313920497893,train,93.3889891676047,13.677797833520941,True,5.833336171449542,12.8444616620714,False
13648,1.4487033288622326,0.7465904297016871,255.86294728767723,205.18971512451427,0.4268314778804779,train,87.58142935247068,12.516285870494137,False,5.895558630926933,11.620727239567204,False
13649,2.3336806450907885,0.9377056417568466,237.30898759097735,304.9893793529859,0.11969987973570824,train,36.50719202922071,2.3014384058441424,False,6.204076992425405,1.0973614134187377,False
13650,1.762349936171901,0.9730467773685555,342.4438972249036,333.79979436942307,0.11274335756897927,train,37.63370957304362,2.526741914608724,False,6.0160817436206635,1.5106601709880607,False
13651,0.44481622074729016,1.0,434.4814601229518,106.54128978952978,0.7466461181640625,train,79.54864044554488,10.909728089108976,False,5.367982130602121,10.541745958506855,False
13652,1.1754913163819636,0.9508465139145169,467.94663882459366,304.36240472473185,0.26168313920497893,train,79.64650952434414,10.92930190486883,False,5.777254531620166,10.152047373248664,False
13653,0.31762667558629337,1.0,434.4814601229518,76.397218487888,0.8430354714393615,test,64.40556510459257,7.881113020918514,False,5.275832145264009,7.605280875654505,False
13654,2.1887215690258346,0.9792259461883894,652.2307843356957,789.9886269123708,0.08939392194151878,train,70.62018164889209,9.124036329778418,False,6.15962007440931,7.964416255369108,False
13655,1.6961693895574335,0.9555945514282154,308.91214231454825,289.2941674738825,0.2360052913427353,test,68.2749542784277,8.65499085568554,False,5.99183202103088,7.66315883465466,False
13656,0.9077503259809456,0.9037274239215889,284.7936972603925,142.97713251515938,0.38911213874816897,train,55.63413782505404,6.126827565010808,False,5.645924708059532,5.4809028569512765,False
13657,1.4032036326583965,1.0,434.4814601229518,329.52249136135396,0.4572018444538116,train,150.65829083942623,25.13165816788525,True,5.876802694178745,24.254855473706503,True
13658,1.4734259208971896,0.9707264016838306,813.5044162753717,663.1201963362128,0.12209639325737953,train,80.96458426877696,11.192916853755392,False,5.9056042021355415,10.28731265161985,False
13659,3.4774769134975974,0.9805087903341073,446.10368363424834,856.5512974824072,0.012173912674188613,test,10.427580696513779,-2.9144838606972443,False,6.499059698824997,-4.413543559522241,False
13660,0.41501246728896196,1.0,434.4814601229518,99.49512574320735,0.7030795097351075,train,69.95298422856709,8.99059684571342,False,5.3471383418613065,8.643458503852113,False
13661,0.24197314649331672,1.0,434.4814601229518,58.36555160512626,0.8850211501121521,train,51.65474760849901,5.330949521699802,False,5.216701362096642,5.11424815960316,False
13662,1.8364629753661652,0.971240253196321,318.73978561550507,323.58545948065216,0.08680023401975631,test,28.087293608310983,0.6174587216621967,False,6.042557844770039,-0.4250991231078425,False
13663,1.070416538008425,0.8562053132173407,437.3045403892252,258.97501506744106,0.38911213874816897,train,100.77032199523127,15.154064399046256,True,5.72774981312505,14.426314585921205,True
13665,0.9685864690309468,0.7818614401794014,529.0121080926239,282.6103259784774,0.395427930355072,train,111.75201629864156,17.350403259728314,True,5.677315756792495,16.673087502935818,True
13666,0.7330583705921445,0.9420994801313092,82.1568383924029,33.404651087208066,0.5517722427845001,train,18.431759249822484,-1.3136481500355028,False,5.549887691985144,-1.8635358420206467,False
13668,7.5399824171896705,0.9932563747332338,402.6387655645944,1677.1184349234495,0.0,train,0.0,-5.0,False,7.144758948921272,-7.144758948921272,False
13669,0.40501653221701633,1.0,434.4814601229518,97.1296353025816,0.7180182814598084,train,69.74085381877758,8.948170763755517,False,5.340049069418985,8.608121694336532,False
13671,0.42398246121480393,1.0,434.4814601229518,101.61685279747078,0.7030795097351075,test,71.44472704567035,9.28894540913407,False,5.353457496351297,8.935487912782774,False
13672,0.735506296672349,0.9376400763203506,126.95499145116902,51.78743616913646,0.5615399658679963,train,29.080715138807925,0.8161430277615853,False,5.551299184473509,0.26484384328807664,False
13674,0.3729422561491189,1.0,434.4814601229518,89.53142129056626,0.7466461181640625,train,66.84828816031259,8.36965763206252,False,5.316956069200129,8.05270156286239,False
13675,0.7028556480641771,1.0,434.4814601229518,167.1811939738532,0.5882226228713989,train,98.33976041407205,14.66795208281441,True,5.532306634766844,14.135645448047566,True
13676,0.42622580405125954,0.7151437021441175,172.99513146611378,40.8587230252081,0.8723037600517273,train,35.64121772580111,2.128243545160223,False,5.355031657318438,1.7732118878417849,False
13677,0.6229187870390314,0.8399771630474281,305.55403586223986,105.19844526952784,0.5882226228713989,train,61.88010539843497,7.3760210796869945,False,5.484226248487516,6.891794831199478,False
13679,0.6264198209675367,0.8050516270983051,112.57038739680041,39.11283188456271,0.7110795021057129,train,27.812333022419303,0.5624666044838609,False,5.486381170276637,0.07608543420722391,False
13680,2.306822438845887,0.8158351599093454,1037.9099241178515,1324.438241678894,0.2754639804363251,train,364.83502989495565,67.96700597899114,True,6.195987740041042,66.77101823895009,True
13682,1.689566317403206,1.0,434.4814601229518,395.2827463021462,0.6675609827041626,train,263.875338567461,47.7750677134922,True,5.989379960320153,46.78568775317205,True
13683,0.34558220997348,1.0,434.4814601229518,83.03996963417188,0.7705349326133728,train,63.985197406283156,7.797039481256633,False,5.296826789261427,7.5002126919952055,False
13684,1.2267014248939385,0.9351770419163042,155.22082375695734,105.280774056069,0.4066728949546814,train,42.8148371684513,3.5629674336902593,False,5.800521308740918,2.7624461249493413,False
13686,0.7630478271448157,0.72656438891787,169.7155939996089,71.23221293749305,0.5765088677406311,train,41.06600242725365,3.213200485450731,False,5.567044031320494,2.646156454130237,False
13687,0.36598746303776764,1.0,434.4814601229518,87.8822185283153,0.6278692960739136,test,55.17854668478718,6.035709336957437,False,5.311877583242476,5.723831753714961,False
13688,0.22705863733795606,1.0,434.4814601229518,54.80053127194634,0.8850211501121521,train,48.49962921305491,4.699925842610982,False,5.204619953778396,4.495305888832586,False
13689,0.35928772221968536,1.0,434.4814601229518,86.29292552257814,0.6608692884445191,train,57.0283442879021,6.405668857580421,False,5.3069608288895855,6.098708028690836,False
13691,0.4209495989297668,1.0,434.4814601229518,100.89957424910988,0.7110795021057129,train,71.74761901973547,9.349523803947093,False,5.351325379752483,8.99819842419461,False
13692,2.080128333823206,0.9575356479914013,455.9364021887152,520.5713197631866,0.1294330820441246,test,67.37915034072675,8.475830068145351,False,6.124971262943162,7.350858805202189,False
13693,1.8313784133137614,0.7189458853826145,235.24980668929177,238.35586852101443,0.44239106178283694,train,105.44650575718185,16.089301151436374,True,6.040763664916478,15.048537486519894,True
13694,19.663751805395997,0.9938984954114789,2326.1893266222864,25259.617829967825,0.012173912674188613,train,307.50838164540596,56.50167632908119,True,8.028381044755282,53.473295284325914,True
13695,2.17003737893408,0.9772162446562965,138.19541658053268,165.42472725875285,0.2716831386089325,train,44.943109105184604,3.9886218210369204,False,6.153743379281526,2.8348784417553947,False
13696,0.7467911975171122,0.8531733146262954,815.3301508973161,337.2931506720422,0.4870166540145874,train,164.26738166233608,27.853476332467217,True,5.557780503411804,27.29569582905541,True
13698,0.36450808497603854,0.6867590275204035,297.4781748509713,60.15965760634987,0.8297070980072021,train,49.91489492967145,4.98297898593429,False,5.310793986378485,4.672184999555805,False
13699,0.2715164906710702,1.0,434.4814601229518,65.41707690158998,0.7446108818054199,test,48.71026731682588,4.742053463365176,False,5.240210275258042,4.5018431881071335,False
13700,2.094418421367697,0.9621227582699106,211.686099117491,245.07198599119693,0.24002645313739776,test,58.82375956080503,6.764751912161007,False,6.1295999793898375,5.635151932771169,False
13701,0.35710874000066534,1.0,434.4814601229518,85.77591179198383,0.75689857006073,train,64.92366498100787,7.984732996201576,False,5.3053565102883145,7.679376485913261,False
13702,0.3581949119940015,1.0,434.4814601229518,86.03363863407448,0.7758354663848877,train,66.74794815445605,8.349589630891211,False,5.306156547551531,8.04343308333968,False
13703,0.8791050585924847,0.8780825692725026,159.7949931634321,77.32296922895218,0.6173507690429687,train,47.73539451817943,4.547078903635887,False,5.630795630838767,3.91628327279712,False
13705,1.3509064329400944,0.8135987262405695,276.8984989410907,206.71474332040344,0.4420757949352264,train,91.38358447819864,13.27671689563973,False,5.854800969931439,12.42191592570829,False
13706,0.5451561678614597,0.927368683825946,349.42604832040865,105.57041543102017,0.7030795097351075,train,74.22439592377329,9.844879184754658,False,5.435124984763498,9.40975419999116,False
13707,1.4740748920557294,0.9355906847984147,851.2399704693668,692.1177675817403,0.18037129193544388,train,124.83817591019377,19.967635182038755,True,5.905866545159544,19.06176863687921,True
13708,0.7622435028800604,1.0,434.4814601229518,181.0585334864891,0.5385205388069153,train,97.50373900873403,14.500747801746808,True,5.566587714832911,13.934160086913897,True
13709,1.339703467214106,0.9220751098428093,357.0546521325791,264.7758260231231,0.26007936596870423,train,68.86272895593379,8.772545791186758,False,5.850024197926745,7.922521593260013,False
13710,0.5246433970407662,0.8680467505383022,161.05761508803602,46.81469988697483,0.6173507690429687,train,28.901090977739692,0.7802181955479384,False,5.421760544708951,0.3584576508389876,False
13711,2.223215046053792,0.9739726830398415,243.93976690785348,300.0425760833977,0.129265096783638,test,38.78503263663248,2.757006527326496,False,6.170379322932565,1.5866272043939311,False
13712,0.570799586866202,0.9406125681886033,265.83883714286657,84.06514018738736,0.5484078168869019,test,46.101980006456465,4.220396001291293,False,5.451584780713153,3.76881122057814,False
13713,0.843843538200693,0.8191494160058506,264.9850207721185,123.6291892732089,0.4504091262817383,train,55.68371512346567,6.136743024693134,False,5.611852272402565,5.524890752290569,False
13714,0.3376565845822887,1.0,434.4814601229518,81.15774414996375,0.8245885014533997,test,66.92174262995702,8.384348525991406,False,5.290919265520452,8.093429260470954,False
13715,4.363776560499757,0.8041861437142556,487.50972439746795,1173.3822029225921,0.19791739881038667,train,232.2327534128407,41.446550682568144,True,6.679668309164006,39.76688237340414,True
13716,0.7722872659525143,1.0,434.4814601229518,183.40296311224327,0.6675609827041626,train,122.43266228606441,19.486532457212885,True,5.572270953012527,18.914261504200358,True
13717,1.69665250001337,0.9468407832705625,249.81191943378607,233.34931839092906,0.25138990581035614,train,58.66166317120646,6.732332634241294,False,5.992011188994191,5.740321445247103,False
13718,1.5109218282502797,0.9041972749785849,236.0442392596701,194.63946097223413,0.4572018444538116,test,88.98952056000113,12.797904112000225,False,5.920649947970526,11.877254164029699,False
13719,2.969956951027349,0.9757795373963527,248.37757725207615,406.5485931356961,0.08939392194151878,train,36.34297320020669,2.2685946400413393,False,6.37875525107037,0.8898393889709695,False
13720,1.9324901299860076,0.891144220550057,214.23531510741327,224.81926477176026,0.3722629249095917,test,83.6918770799594,11.738375415991879,False,6.075851935806158,10.66252348018572,False
13721,0.4224605755010302,1.0,434.4814601229518,101.25693657534812,0.7030795097351075,train,71.19167732467463,9.238335464934927,False,5.352388171696518,8.88594729323841,False
13722,1.4925210732774399,0.937587136551859,984.4997861217851,812.4309158598902,0.24300777316093444,train,197.4270277102104,34.48540554204209,True,5.913294677493117,33.57211086454897,True
13723,1.645821684405527,0.9660205533350522,229.69916997009798,208.83956975689236,0.2360052913427353,test,49.28724350436687,4.857448700873375,False,5.9729816727966405,3.8844670280767346,False
13724,0.22618733777490535,1.0,434.4814601229518,54.59215380834304,0.8673304677009582,train,47.349438295392815,4.469887659078564,False,5.2039096298985035,4.265978029180061,False
13725,4.848980845951387,0.9158942134453588,172.3022862954053,453.9978303048387,0.15491143241524696,train,70.32945420593678,9.065890841187358,False,6.766267431699395,7.299623409487962,False
13727,0.30543028421761825,0.2828115638229773,219.11391609553556,37.090612602479204,0.7668920516967773,train,28.44449599740562,0.6888991994811242,False,5.266532706136047,0.42236649334507703,False
13728,3.679566798828716,0.9852005012784321,187.67869970213283,381.7989352772031,0.08939392194151878,test,34.13050421752528,1.8261008435050563,False,6.543205541292373,0.2828953022126832,False
13729,0.7176320028287685,0.8465790569022832,208.25300735005135,82.81770032332012,0.5796570181846619,train,48.00586122232665,4.601172244465332,False,5.540946599703202,4.06022564476213,False
13731,2.1154817509637187,0.9187251122534988,326.20692305755506,374.2861349868988,0.28706775307655336,train,107.44547977839657,16.489095955679318,True,6.13638379548658,15.352712160192738,True
13733,0.4375234078203566,0.9028703282771143,355.2800226981203,86.31654765669207,0.622990345954895,train,53.77437588627477,5.754875177254954,False,5.362921777257909,5.391953399997045,False
13734,0.567101157634908,0.5727996783521031,2933.4619716421766,920.2419780183662,0.6718820452690124,train,618.2940623333815,118.6588124666763,True,5.449227516258334,118.20958495041796,True
13735,2.490654202301173,0.9683525764951962,902.7239522701252,1243.6858115165537,0.018114506825804712,train,22.528755121873086,-0.49424897562538295,False,6.250089169163778,-1.744338144789161,False
13736,1.3071028882606917,0.9550635059472302,418.2192191226552,302.79483050219017,0.2360052913427353,train,71.46118218974354,9.29223643794871,False,5.835992576489597,8.456243861459113,False
13737,1.4203655021968595,1.0,434.4814601229518,333.4716304870805,0.4420757949352264,train,147.4197361359222,24.48394722718444,True,5.883918562729758,23.600028664454683,True
13738,0.4209495989297668,1.0,434.4814601229518,100.89957424910988,0.6423507690429687,test,64.81291911502385,7.9625838230047705,False,5.351325379752483,7.611258443252288,False
13739,0.2867100976676792,1.0,434.4814601229518,69.0384577557101,0.8606561422348022,train,59.418372717869815,6.883674543573964,False,5.252088648902953,6.6315858946710105,False
13740,1.3081105483676756,0.9619629104419071,327.38948167222486,237.23306535929643,0.28706775307655336,train,68.10196302815635,8.62039260563127,False,5.836429245405057,7.783963360226213,False
13741,1.1762519163755984,1.0,434.4814601229518,277.1869118215254,0.4870166540145874,train,134.9946423319558,21.99892846639116,True,5.777604092686019,21.22132437370514,True
13742,5.749193457510745,0.9807526742996651,285.9138796729076,893.7566549633423,0.031157984957098962,train,27.847656410654906,0.5695312821309813,False,6.90942300996902,-1.3398917278380384,False
13743,1.9366719280911386,0.9255476627738264,251.5728491635704,264.7585372458264,0.3190221130847931,test,84.46382800940243,11.892765601880487,False,6.0772769429098625,10.815488658970626,False
13744,0.6707160950236595,1.0,434.4814601229518,159.65993445068338,0.5204034864902496,train,83.08758654094035,11.61751730818807,False,5.5132523339358315,11.104264974252239,False
13745,0.274041986324616,1.0,434.4814601229518,66.01926090593207,0.7239949345588684,train,47.79761047921515,4.559522095843031,False,5.242194512905681,4.31732758293735,False
13746,0.39682479243402624,1.0,434.4814601229518,95.19022863507654,0.7466461181640625,test,71.07341469752947,9.214682939505895,False,5.334201655397304,8.88048128410859,False
13747,0.7733730529723379,0.7956629794991383,143.47929426757045,61.1049960763987,0.7496722102165222,train,45.808717463865726,4.161743492773146,False,5.572883412727277,3.588860080045869,False
13748,1.8785264183434383,0.9681342605991201,260.3438176829281,270.7175026772522,0.23350471258163452,train,63.213812653469645,7.642762530693929,False,6.05727850290764,6.585484027786289,False
13750,2.4644104762997383,0.8908529938795521,336.0284868035961,457.0188804983747,0.21428571343421937,train,97.93261686050246,14.586523372100494,True,6.242542481456943,13.34398089064355,False
13751,0.6864082463966843,1.0,434.4814601229518,163.33319891937472,0.6708616375923157,train,109.57397730024317,16.914795460048637,True,5.522600969294058,16.39219449075458,True
13752,1.9985384978200542,0.97517364585672,233.88897835593457,257.5628784402705,0.15285024046897888,train,39.36854790547772,2.873709581095544,False,6.098125002570206,1.7755845785253381,False
13753,1.0097312775451484,0.9440731362658111,480.7178033052594,269.0263229846563,0.3505625188350677,train,94.31054541843758,13.862109083687518,True,5.698001020369703,13.164108063317816,False
13754,0.8290335443538916,0.8888269581437345,206.1184598778134,94.15430364298133,0.597990345954895,test,56.30336460860863,6.260672921721728,False,5.6037877095105815,5.656885212211146,False
13756,3.7064123868515715,0.9827639568359294,391.4327026618325,802.0111865277348,0.018114506825804712,train,14.528037112728388,-2.094392577454322,False,6.548925916481094,-3.6433184939354164,False
13757,0.2111952399072099,1.0,434.4814601229518,51.00473734161836,0.9135925769805908,train,46.59754942614729,4.319509885229458,False,5.191607673629925,4.127902211599533,False
13758,3.3405128363745917,0.9836315928883365,611.0272039361593,1128.7990001747644,0.018114506825804712,train,20.447637193627305,-0.9104725612745392,False,6.467992506194642,-2.3784650674691816,False
13760,1.3151108240039862,0.9472853603027366,313.3913231506359,227.71704309574594,0.2716831386089325,train,61.8668809829978,7.37337619659956,False,5.839457558532314,6.533918638067246,False
13761,0.6293795387279812,0.7060167605568163,299.601775408438,104.43546405809823,0.6675609827041626,train,69.71704101578932,8.943408203157865,False,5.488199291265527,8.455208911892338,False
13762,1.4031812324517705,0.967422152331008,502.5272638820084,390.3144031400464,0.26007936596870423,test,101.51272249711648,15.302544499423298,True,5.8767933731579545,14.425751126265343,True
13763,0.6328495684055183,0.6742791748271272,329.10111487174527,114.75077569919011,0.48682683110237124,train,55.86375650017571,6.172751300035143,False,5.490326689968873,5.6824246100662705,False
13764,0.8355708902424328,0.9131176203605472,477.20410727043713,220.76981499735783,0.35654863715171814,train,78.71517666154487,10.743035332308976,False,5.607355544970015,10.135679787338962,False
13765,0.21945066571427269,1.0,434.4814601229518,52.980613110840146,0.8850211501121521,test,46.88896314900271,4.377792629800544,False,5.19840048333669,4.1793921464638535,False
13766,0.31092054036363176,1.0,434.4814601229518,74.80215539506857,0.8430354714393615,train,63.06087033816201,7.612174067632402,False,5.27072959300087,7.341444474631532,False
13767,13.093969904680662,0.9853025521213661,504.6935134888925,3650.171603249452,0.0,train,0.0,-5.0,False,7.645747039574089,-7.645747039574089,False
13768,0.16432002423926162,0.33637146947530494,370.54626960470176,33.810194364812936,0.778247344493866,train,26.31269398123714,0.26253879624742815,False,5.152137246435023,0.11040154981240491,False
13769,4.004296852061652,0.9824666418613092,303.39399997403524,671.5060832584059,0.005940594151616097,train,3.9891451109795177,-4.202170977804096,False,6.610296913799095,-5.812467891603191,False
13770,0.9106964608642394,0.8432730399722113,219.4151814055116,110.73814311344405,0.4572018444538116,test,50.62968328285678,5.125936656571357,False,5.647467814789761,4.478468841781596,False
13771,1.8639328625769849,0.9749265667685442,725.1447005228162,747.0747595107888,0.09635044410824775,test,71.98098486092688,9.396196972185377,False,6.05219580698599,8.344001165199387,False
13772,1.5048484709553906,0.9595166581547657,412.0221891854584,342.8808130026091,0.1316616103053093,train,45.144239982717146,4.02884799654343,False,5.918228242070626,3.110619754472804,False
13773,0.495086038050406,0.8965343744488143,250.50699948695603,68.77917796357555,0.7030795097351075,train,48.3572307226144,4.671446144522882,False,5.40218375572207,4.269262388800812,False
13775,0.248607696417765,1.0,434.4814601229518,59.950279822264115,0.7797547817230225,train,46.74651735704367,4.349303471408735,False,5.222029087664444,4.127274383744291,False
13777,10.350323399042452,0.9955766698576661,822.3454565807081,4701.853028904968,0.018114506825804712,train,85.1717487860296,12.03434975720592,False,7.42924623682919,9.60510352037673,False
13778,0.5730854702878964,0.5349661901925641,310.17060757616264,98.23286041323016,0.6015088677406311,train,59.08793664208553,6.8175873284171065,False,5.453038958447362,6.364548369969745,False
13779,0.2953333483431762,1.0,434.4814601229518,71.09231458608183,0.8430354714393615,train,59.93334294279289,6.9866685885585795,False,5.2587680738747675,6.727900514683812,False
13780,0.40501653221701633,1.0,434.4814601229518,97.1296353025816,0.7030795097351075,train,68.28985636928886,8.657971273857772,False,5.340049069418985,8.317922204438787,False
13781,0.7571003978294149,0.9510770718505867,252.1952021343629,105.87926288449675,0.5302907645702362,train,56.14679526715281,6.229359053430564,False,5.56366494919419,5.6656941042363735,False
13782,2.4633006934881134,0.9686311995296899,146.17806944252587,199.20597147899085,0.15188405513763428,test,30.256210755861048,1.05124215117221,False,6.242222091996724,-0.19097994082451386,False
13783,0.7626582699425708,0.6409401200288208,356.74557533585073,150.61770025343688,0.566741144657135,train,85.36124784725807,12.072249569451614,False,5.566823050221615,11.50542651923,False
13784,4.5999637740059764,0.9841817920225429,143.81304236873373,362.72064637805323,0.09635044410824775,train,34.94829536575612,1.9896590731512234,False,6.722760128792675,0.2668989443585481,False
13785,0.6526999779523047,0.46739788656743825,251.23562785826596,90.29220244499687,0.7124559998512268,train,64.32922137171963,7.865844274343926,False,5.502410300824234,7.363433973519692,False
13786,1.424358818435482,0.8609689511013225,479.011229001836,377.78862665561337,0.31203401684761045,train,117.88290269469327,18.576580538938657,True,5.88556708465947,17.691013454279187,True
13787,1.2729476543307963,0.871626613178323,225.35532451125158,158.77776602668823,0.3935882687568665,train,62.49306604752703,7.498613209505407,False,5.821077515274298,6.67753569423111,False
13788,0.3029263204105105,1.0,434.4814601229518,72.899909557736,0.8430354714393615,test,61.45720962189278,7.291441924378557,False,5.264612750427654,7.026829173950903,False
13789,0.4333496426884885,1.0,434.4814601229518,103.83155531188956,0.7030795097351075,train,73.00183900371701,9.600367800743403,False,5.360014112586546,9.240353688156857,False
13792,0.8883475042479814,0.9080316659233791,139.37987243443962,68.17628143871748,0.5581755399703979,train,38.054332705229946,2.61086654104599,False,5.635702110239826,1.9751644308061636,False
13793,0.22234789471529307,1.0,434.4814601229518,53.673776637650434,0.9614406824111938,train,51.604152438088626,5.320830487617727,False,5.20077351312511,5.120056974492616,False
13794,0.274041986324616,1.0,434.4814601229518,66.01926090593207,0.8850211501121521,train,58.42844221652224,6.68568844330445,False,5.242194512905681,6.443493930398769,False
13795,1.0672608980762623,0.8392599151922905,220.27238991637364,130.03564244293747,0.4572018444538116,train,59.45253556964737,6.890507113929473,False,5.7262244933809505,6.164282620548523,False
13796,0.30767268611824394,1.0,434.4814601229518,74.02942677922071,0.8020402789115906,train,59.37458210167135,6.874916420334271,False,5.268248981749,6.606667438585271,False
13797,0.746776270630362,0.8238055801305619,414.6335574078864,171.45810349007948,0.4753188967704773,train,81.4972765932629,11.29945531865258,False,5.557771958057014,10.741683360595566,False
13798,21.906512820343597,0.9970449725607278,817.6818247836192,9890.560361980113,0.018114506825804712,train,179.16262318812227,30.832524637624452,True,8.131421272760523,27.70110336486393,True
13799,2.376161048388621,0.9048911492885503,301.05372119749217,395.06557204639176,0.1316616103053093,train,52.01496939181612,5.402993878363226,False,6.216739279502498,4.186254598860728,False
13800,0.726718523001668,0.9354545690720755,583.978144443185,235.3937803170879,0.4905886769294739,train,115.48152324318738,18.096304648637478,True,5.546222799778761,17.550081848858717,True
13802,5.075532118891227,0.9176903990744973,1509.3554478220146,4227.409076059162,0.031157984957098962,test,131.71754839935497,21.343509679870994,True,6.804269576977726,19.539240102893267,True
13803,0.9070085352211243,0.9461520524596712,450.8631176350183,226.2921915167514,0.3422629237174988,train,77.4514270829635,10.490285416592702,False,5.645535802340371,9.844749614252331,False
13804,1.3498264805732394,0.8994942980518797,382.4990817674849,283.9664164448858,0.3508343517780304,train,99.62517364017174,14.925034728034348,True,5.854341487375963,14.070693240658384,False
13807,0.7095726819637368,0.9119163592983055,184.55647827833852,72.63600097543541,0.5083083093166352,train,36.92148285134503,2.384296570269007,False,5.536243445697505,1.8480531245715017,False
13809,1.2436554584401867,0.8905821798504976,291.9567165045034,199.91708135218065,0.44201523065567017,train,88.3663948258925,12.6732789651785,False,5.808106436852603,11.865172528325896,False
13811,0.9628276699745931,1.0,434.4814601229518,227.75384026128015,0.5568538665771484,test,126.82560657728807,20.365121315457614,True,5.674386122329373,19.69073519312824,True
13813,0.6656307767915828,0.6193415615646486,331.35543194347787,122.24112365650525,0.6173507690429687,train,75.46565169802015,10.09313033960403,False,5.51020389660866,9.58292644299537,False
13814,0.2867100976676792,1.0,434.4814601229518,69.0384577557101,0.7239949345588684,train,49.983493704890535,4.996698740978108,False,5.252088648902953,4.744610092075154,False
13815,1.4038355761700445,0.9132966724364774,806.4329297237074,626.2172570790422,0.1834057942032814,train,114.85187337838217,17.970374675676435,True,5.877065618397931,17.093309057278503,True
13817,0.5017329834974906,1.0,434.4814601229518,119.97077062260324,0.7656313896179199,train,91.85338782531643,13.370677565063286,False,5.406619763568564,12.964057801494722,False
13818,0.3765198993972306,1.0,434.4814601229518,90.37956136058428,0.7850553154945373,train,70.95295505819138,9.190591011638276,False,5.3195585020141785,8.871032509624097,False
13819,1.5385383714561536,0.9329768000566631,405.32023627125204,345.304199634708,0.2688188970088959,test,92.82429407834181,13.564858815668362,True,5.931588471090223,12.63327034457814,False
13820,0.7362169944347329,0.8624124136596178,234.68860290001513,95.74003365164178,0.5150209844112397,train,49.30812637883376,4.8616252757667535,False,5.551708605220911,4.309916670545842,False
13821,1.368518959220048,0.9531945747536246,255.07737019856336,193.24886954239562,0.28706775307655336,train,55.4755187641195,6.095103752823901,False,5.862264848086828,5.232838904737073,False
13823,1.1986700115886584,0.8631212199097347,509.4281247527993,338.18133369083176,0.34679592251777647,train,117.279907595604,18.4559815191208,True,5.787852637369197,17.668128881751603,True
13824,3.2880434394134164,0.9800632352907308,308.8220952024293,560.4273127673541,0.018114506825804712,train,10.15186438249163,-2.9696271235016742,False,6.455830554177407,-4.425457677679081,False
13825,0.3469994060978873,0.7103129391422007,170.23212115058345,32.7994925481145,0.8732226729393006,test,28.641260553917213,0.7282521107834432,False,5.297879456520845,0.4303726542625981,False
13829,0.38640529964851567,1.0,434.4814601229518,92.72224712068062,0.8205419540405273,train,76.08249383543193,10.216498767086387,False,5.326714282008979,9.889784485077408,False
13830,0.2534182937623258,1.0,434.4814601229518,61.09891107052697,0.8899944424629211,test,54.37769129330525,5.8755382586610505,False,5.225874454012543,5.649663804648507,False
13831,4.269285911799805,0.9856502748061333,328.07904262246905,774.2222212389709,0.018114506825804712,test,14.024653711323023,-2.1950692577353954,False,6.661894852764987,-3.8569641105003822,False
13832,0.38514127925286595,1.0,434.4814601229518,92.42276013992783,0.6278692960739136,train,58.02941335026465,6.60588267005293,False,5.325802141117744,6.280080528935186,False
13833,0.40924080914323396,1.0,434.4814601229518,98.1294317994375,0.7030795097351075,train,68.99279280013317,8.798558560026635,False,5.343051126151101,8.455507433875534,False
13834,0.3864110501978585,0.7126025100113406,178.02922147719914,38.15818943745605,0.8899944424629211,train,33.960576533783225,1.7921153067566458,False,5.326718429812956,1.4653968769436894,False
13835,1.206774688937547,0.9634706856596363,173.96449536221257,116.14292766970208,0.3769997775554657,train,43.78585789611822,3.7571715792236446,False,5.791532032773395,2.96563954645025,False
13836,0.6883061117641533,0.6852131977212178,323.77186648867496,122.66371001569006,0.6482005596160889,train,79.51068547675595,10.902137095351192,False,5.523725725564442,10.37841136978675,False
13837,1.3974510038651702,0.9390440965358745,207.3810818024173,158.4918653472082,0.4314875602722168,train,68.38726830165957,8.677453660331915,False,5.8744060912225935,7.803047569109322,False
13838,1.189442122962823,0.8317510437567591,341.9183527602924,224.6209401682164,0.36731319427490233,train,82.50623503421929,11.501247006843858,False,5.783646773003939,10.717600233839919,False
13839,0.3184853650085625,1.0,434.4814601229518,76.60141454380171,0.8430354714393615,test,64.57770962285583,7.915541924571167,False,5.276483627021548,7.639058297549619,False
13840,0.39285216930763317,1.0,434.4814601229518,94.24941836204206,0.6173507690429687,train,58.184950907659164,6.636990181531834,False,5.331353565194573,6.305636616337261,False
13841,0.8697693397413027,1.0,434.4814601229518,206.12180185989308,0.7088136196136474,test,146.10194045759786,24.220388091519574,True,5.6258150755266145,23.59457301599296,True
13842,4.137372735856897,0.9842194423767165,285.8874695426061,652.9321597567362,0.005940594151616097,train,3.8788049696529336,-4.224239006069413,False,6.636541807906169,-5.860780813975582,False
13843,0.44481622074729016,1.0,434.4814601229518,106.54128978952978,0.7030795097351075,test,74.90699779176862,9.981399558353724,False,5.367982130602121,9.613417427751603,False
13846,1.5836403664041319,0.933849383358445,342.08884112617983,297.37880474201853,0.2360052913427353,train,70.18297145229448,9.036594290458897,False,5.949199399146141,8.087394891312755,False
13847,0.19544163389953306,1.0,434.4814601229518,47.23104166540718,0.9335925817489624,train,44.094550127100305,3.8189100254200614,False,5.178515685226762,3.640394340193299,False
13848,1.8276955856663035,0.9298930936144318,371.46522326877914,375.75974194586513,0.15188405513763428,test,57.07191336420901,6.414382672841803,False,6.039462099265265,5.374920573576539,False
13849,0.8143277142047802,0.8595784594392355,683.4675261959779,308.0315725989358,0.38081254363059996,train,117.30228667993455,18.460457335986913,True,5.595714993702975,17.86474234228394,True
13851,1.4057515003468113,0.9377294206764127,497.05302328739293,386.61863055702116,0.26007936596870423,test,100.55152830695876,15.110305661391752,True,5.877862328904522,14.23244333248723,False
13852,0.23854540940695618,1.0,434.4814601229518,57.546531881074976,0.9135925769805908,train,52.57408435752701,5.514816871505403,False,5.213937634117251,5.300879237388152,False
13854,8.793947915082379,0.9901936567863507,314.01173234482076,1524.40747612584,0.018114506825804712,train,27.613889631589263,0.5227779263178531,False,7.281764635222528,-1.7589867089046747,False
13855,0.7495663360289764,0.6951923944667093,339.2535523895704,140.9306925219353,0.5830103933811188,train,82.164058486687,11.4328116973374,False,5.5593679492425085,10.873443748094891,False
13856,3.0484360998524376,0.9787190406951238,101.67930643938533,171.02611863962508,0.2716831386089325,test,46.464912696117,4.2929825392234005,False,6.3983306583594555,2.894651880863945,False
13857,1.25997396107891,0.6801282072974327,208.9420819318924,145.2748028704884,0.4420757949352264,train,64.22247396302947,7.844494792605895,False,5.81535329157132,7.029141501034575,False
13859,0.6580456033969335,0.9070507690374271,243.14443787465356,88.4556503435726,0.5796570181846619,train,51.273938519740355,5.254787703948072,False,5.505639561399342,4.74914814254873,False
13861,0.5886435564269848,0.8133493430862986,196.9603515025985,64.09947439814941,0.7110795021057129,test,45.57982234027398,4.115964468054797,False,5.462880542962002,3.653083925092795,False
13862,2.9953046032422685,0.9737132630909937,295.73604806949425,484.90367753151696,0.05441379956901073,train,26.385451519476177,0.2770903038952355,False,6.385119822429866,-1.1080295185346305,False
13863,1.3205591770472913,0.951210150233682,320.04090076569076,233.51208462760144,0.3084963262081146,train,72.0376202328134,9.40752404656268,False,5.841808181225808,8.565715865336871,False
13864,0.4365649026531728,1.0,434.4814601229518,104.59151932274436,0.7110795021057129,train,74.37288548449712,9.874577096899424,False,5.3622547795186755,9.512322317380749,False
13865,1.6437943180191241,0.9507274008153528,208.7584875383492,187.15859264151166,0.4070945978164673,train,76.19125199929222,10.238250399858444,False,5.972215126988875,9.26603527286957,False
13867,1.1645003189507008,1.0,434.4814601229518,274.4708930626608,0.5677781164646148,train,155.83856668747828,26.167713337495655,True,5.772189535255259,25.395523802240398,True
13869,2.584077752207971,0.9474229478540543,650.7390769170754,929.4731972022199,0.031157984957098962,train,28.960511896453447,0.7921023792906894,False,6.276501189131824,-0.48439880984113426,False
13870,2.0248114176125855,0.9284738246783106,477.35814283907524,534.2686616650553,0.1316616103053093,train,70.34267233048365,9.06853446609673,False,6.106848748254411,7.96168571784232,False
13871,2.5471595197986265,0.9790386654563301,416.04055428599816,586.0996216146497,0.018114506825804712,test,10.61690559634013,-2.8766188807319737,False,6.266147147940253,-4.142766028672227,False
13872,0.5853881566942507,0.740213211619717,343.67461645569307,111.5706027175808,0.7110795021057129,train,79.33556863005165,10.86711372601033,False,5.460829271161057,10.406284454849274,False
13873,2.2084089368800917,0.9708363274078345,132.73788961322077,161.94391780107176,0.2545238107442856,train,41.21858308558813,3.2437166171176255,False,6.165775155969941,2.0779414611476845,False
13874,1.7459351985641625,0.8063299441006703,320.6273610879988,309.4634517838069,0.37332800030708313,train,115.53137162257606,18.106274324515212,True,6.010121708583778,17.096152615931434,True
13875,3.1455724310133526,0.9871923103068175,393.97145762652104,685.209319931951,0.018114506825804712,test,12.41222890301233,-2.5175542193975335,False,6.42204088062349,-3.939595100021023,False
13877,0.4510512332432518,0.8617964847364702,223.83616104060587,56.02121527677305,0.763159990310669,train,42.75315010781402,3.550630021562805,False,5.372288282198934,3.178341739363871,False
13878,0.3867228804559979,0.39220883800008743,297.227617457716,63.58870682187708,0.6925609827041626,train,44.03905728544608,3.8078114570892154,False,5.32694332357377,3.480868133515445,False
13879,0.22276804579741136,1.0,434.4814601229518,53.774286572969096,0.8666336059570312,test,46.602603880498975,4.320520776099796,False,5.20111717869883,4.119403597400966,False
13880,3.856828092606957,0.9853868039345487,247.67639017715217,526.0514588835596,0.018114506825804712,train,9.529162742670767,-3.0941674514658466,False,6.5803855689976745,-4.674553020463521,False
13881,6.567333181177583,0.9770964876947873,1493.1992931326145,5408.001151306275,0.011473286896944046,test,62.047548747940596,7.4095097495881195,False,7.0238407175581195,5.38566903203,False
13883,3.193957961732246,0.9737699279675943,572.4379056677728,1009.4046179803948,0.018114506825804712,test,18.28486684240466,-1.3430266315190678,False,6.433644908998937,-2.7766715405180045,False
13884,2.5587292873291134,0.8865608587940984,207.03178886189457,291.0719561800425,0.26168313920497893,test,76.1686232277276,10.23372464554552,False,6.26940353938358,8.96432110616194,False
13885,3.386951897050374,0.9457192773913945,166.47705075143566,302.99428878136524,0.27701483964920043,test,83.93391432139342,11.786782864278685,False,6.4786346572391595,10.308148207039526,False
13887,1.3541435959540675,1.0,434.4814601229518,318.22701564608684,0.4420757949352264,train,140.68046091160858,23.13609218232172,True,5.856177007807714,22.279915174514002,True
13888,1.3864404301671234,0.9611883341892477,449.7030055173416,344.3142536498484,0.2716831386089325,train,93.54437709938291,13.708875419876584,True,5.869802895981997,12.839072523894586,False
13889,1.244506443812754,0.8404219571015472,320.0122907756687,220.39673138147103,0.4106145441532135,train,90.49810338906097,13.099620677812194,False,5.808485650170349,12.291135027641845,False
13890,1.221281347419123,0.8923507639954942,264.3977980161533,178.85934154039396,0.3819666564464569,train,68.31830466239916,8.663660932479832,False,5.7980842128999734,7.865576719579859,False
13891,0.8887338711408328,0.8608876872105959,250.5823965435515,123.12511238391286,0.4043046057224274,test,49.78005001690745,4.956010003381492,False,5.6359066951326575,4.320103308248834,False
13892,0.9925750084016391,0.9470996278311353,116.85017876906825,64.11079423031522,0.3722629249095917,train,23.866071778454117,-0.22678564430917625,False,5.689427776344624,-0.9162134206538006,False
13893,0.6520856971140112,1.0,434.4814601229518,155.2963295601287,0.6708616375923157,train,104.18234996078388,15.836469992156779,True,5.502038548519687,15.334431443637092,True
13894,0.6081799783207076,1.0,434.4814601229518,145.0014322984572,0.7456257104873657,test,108.1167959792228,16.62335919584456,True,5.475103091309796,16.148256104534767,True
13895,0.4097858424386439,0.8469990509641787,557.3979167588154,126.83915509993922,0.6325830459594727,train,80.23629908004554,11.04725981600911,False,5.343437808059125,10.703822007949984,False
13896,0.2315178832190167,1.0,434.4814601229518,55.86679932311869,0.8850211501121521,test,49.4432989900313,4.888659798006261,False,5.208247459966334,4.680412338039926,False
13897,0.469626782545338,0.8785451703117084,379.02387395561567,98.74662920835127,0.5698892951011658,test,56.274646913163494,6.2549293826326995,False,5.385008479130329,5.86992090350237,False
13898,0.880179803229562,0.867425386883689,206.06106797214855,99.81271766735387,0.5170390605926514,train,51.60707377792818,5.321414755585636,False,5.6313674122843675,4.690047343301268,False
13899,0.7476606165268853,1.0,434.4814601229518,177.65329740708373,0.5882226228713989,train,104.49968856254749,15.899937712509498,True,5.558278103077777,15.341659609431721,True
13900,1.6161387340044588,0.9733552267218909,340.5442477071684,304.1358330690668,0.16521738916635514,train,50.24852829160563,5.049705658321127,False,5.961699465065081,4.088006193256046,False
13901,2.5481227737967043,0.95359733693471,398.27851967829787,561.1050524086628,0.018114506825804712,train,10.164141301850233,-2.9671717396299533,False,6.266418667511747,-4.2335904071417,False
13902,0.0894975898084624,0.06444071953242374,8000.691768175479,396.5991650762289,0.7656313896179199,train,303.64876987861993,55.72975397572399,True,5.085716663200424,55.644037312523565,True
13903,0.41501246728896196,1.0,434.4814601229518,99.49512574320735,0.7466461181640625,train,74.28764941241106,9.857529882482211,False,5.3471383418613065,9.510391540620905,False
13904,0.6631371145710413,1.0,434.4814601229518,157.88512543767618,0.6925609827041626,test,109.34507762748699,16.8690155254974,True,5.5087056469448825,16.360309878552517,True
13905,0.19131914382366463,1.0,434.4814601229518,46.24281635011668,0.8480896830558777,test,39.21805546198161,2.8436110923963227,False,5.175061217385713,2.6685498750106094,False
13906,0.40224855814563326,1.0,434.4814601229518,96.4744016209081,0.7850553154945373,train,75.73774180164871,10.147548360329743,False,5.3380770611623385,9.809471299167406,False
13907,0.20495402875097793,1.0,434.4814601229518,49.51019225486738,0.9614406824111938,train,47.60111302782909,4.520222605565818,False,5.186441415800747,4.333781189765071,False
13908,1.7427321793393027,0.9321279477098794,352.9679487842341,334.99989294788475,0.1834057942032814,train,61.44092142412105,7.2881842848242115,False,6.008954569324673,6.279229715499539,False
13909,0.6023484827502542,0.814244670326624,217.9165959135643,72.55090550486737,0.6675609827041626,test,48.432153774906105,4.686430754981222,False,5.47147035479664,4.214960400184582,False
13911,5.252361490498283,0.9863899649560476,217.62354973812907,630.5781663649417,0.018114506825804712,train,11.422612498821156,-2.7154775002357687,False,6.832959230865052,-4.548436731100821,False
13912,0.38388551649578073,1.0,434.4814601229518,92.12521053115658,0.7758354663848877,train,71.47400567824583,9.294801135649166,False,5.324895134479092,8.969906001170074,False
13913,0.3021494775693193,1.0,434.4814601229518,72.71501032546492,0.8842542767524719,train,64.2985588643925,7.8597117728785015,False,5.264016343317488,7.5956954295610135,False
13915,0.42398246121480393,1.0,434.4814601229518,101.61685279747078,0.8245885014533997,train,83.79208837067713,11.758417674135426,False,5.353457496351297,11.40496017778413,False
13916,0.850363381927833,0.7172033158122074,312.67387689698006,147.19670535982934,0.622990345954895,train,91.70212639554083,13.340425279108167,False,5.615382042465521,12.725043236642646,False
13917,1.5963350301184476,1.0,434.4814601229518,373.9032733885142,0.6173507690429687,train,230.82947337408262,41.16589467481653,True,5.954100846800793,40.211793828015736,True
13918,0.8633548225355995,1.0,434.4814601229518,204.62876310916872,0.5568538665771484,test,113.94831795023994,17.78966359004799,True,5.622378531099088,17.167285058948902,True
13919,0.5857642239995611,0.8288628067705015,342.7111953577408,111.01981414998296,0.5385205388069153,train,59.78645013429242,6.957290026858486,False,5.46106645137943,6.496223575479056,False
13920,0.9172574678434947,0.6179910633676491,418.18506360348226,211.75883067841187,0.5765088677406311,train,122.08084370849126,19.416168741698254,True,5.650895762735958,18.765272978962294,True
13921,0.946272051536491,0.8634340256321632,224.66713644850913,117.79881820119752,0.4572018444538116,test,53.85783695606674,5.771567391213349,False,5.665915774371115,5.105651616842234,False
13922,1.1222970550451108,0.8199482486082045,242.10840962646128,149.65156307997142,0.4572018444538116,train,68.42097066555887,8.684194133111774,False,5.752499018634273,7.931695114477501,False
13927,0.36712849551060683,1.0,434.4814601229518,88.1528348754679,0.7110795021057129,test,62.683673932454845,7.536734786490969,False,5.312712551503197,7.224022234987772,False
13929,2.0829810983987374,0.8677923003969565,412.7593911260772,475.37919552294346,0.26007936596870423,test,123.63631976631982,19.727263953263964,True,6.12589701797336,18.601366935290606,True
13931,1.8373016351341898,0.9438590379514659,526.9949967007835,535.9497594657109,0.19443063884973527,train,104.20505412428012,15.841010824856028,True,6.042853472041068,14.798157352814961,False
13932,0.6631371145710413,1.0,434.4814601229518,157.88512543767618,0.6423507690429687,test,101.41763174533688,15.283526349067376,True,5.5087056469448825,14.774820702122494,True
13934,0.8040810493898821,1.0,434.4814601229518,190.8196854620592,0.5385205388069153,test,102.76031982999422,15.552063965998844,True,5.590051348230931,14.962012617767913,True
13935,0.29580019250917944,0.3293707957910958,1753.5009650902866,287.25987583136526,0.7633085727691651,train,219.267925834687,38.8535851669374,True,5.259128413597669,38.59445675333973,True
13936,0.7553981486408241,0.752003375685741,205.21658707452377,85.32560087615926,0.566741144657135,train,48.35752870911234,4.671505741822468,False,5.562695696510191,4.108810045312278,False
13937,0.4121063901737345,1.0,434.4814601229518,98.80753580025645,0.597990345954895,train,59.08595251614602,6.817190503229206,False,5.345082483381134,6.472108019848072,False
13939,1.541953168616957,0.9068652175131957,262.3265918344665,223.4597490480396,0.2770677536725998,test,61.913490704983204,7.3826981409966415,False,5.932932749551512,6.44976539144513,False
13941,2.8416785301932315,0.8932575493420363,621.1005621938848,975.922866450089,0.15188405513763428,train,148.22712245798343,24.645424491596685,True,6.345909388329547,23.29951510326714,True
13942,0.28190877154634286,1.0,434.4814601229518,67.89443069187604,0.8020402789115906,train,54.45406812865591,5.890813625731184,False,5.248350194926116,5.642463430805067,False
13943,0.25561666996876076,1.0,434.4814601229518,61.623700973189976,0.8473928213119507,train,52.21948182735546,5.443896365471092,False,5.227626822393835,5.216269543077257,False
13944,0.21945066571427269,1.0,434.4814601229518,52.980613110840146,0.8673304677009582,test,45.951699948508505,4.190339989701702,False,5.19840048333669,3.9919395063650116,False
13945,0.6770553756635973,0.8205791201527102,355.74735678709726,132.94031010235915,0.5882226228713989,train,78.19849789374683,10.639699578749367,False,5.517039502965906,10.122660075783461,False
13946,1.3258790491765735,0.971907451732311,382.925770994673,281.2342452858107,0.1934587076306343,train,54.40721363446974,5.881442726893949,False,5.8440980532502875,5.037344673643662,False
13948,0.9701190478063337,0.9055788620882275,151.7298731547518,81.58097350959544,0.5219574332237243,train,42.58179553296109,3.5163591065922173,False,5.6780939712826015,2.8382651353096158,False
13950,0.9103650095326529,1.0,434.4814601229518,215.56490834355722,0.5882226228713989,train,126.80015578487993,20.36003115697599,True,5.647294328267764,19.712736828708223,True
13951,1.5385279094668987,0.9155729091522486,327.04320511151434,274.57462467634423,0.3504639804363251,train,96.22851589088161,14.245703178176324,True,5.931584349816765,13.31411882835956,False
13952,3.1075603407369567,0.9768573682561498,1144.0715853783229,1965.8108683315463,0.018114506825804712,train,35.60969439263288,2.121938878526577,False,6.4128292612016535,0.7091096173249234,False
13953,2.2147578678152993,0.9766085263873986,619.1923666887743,758.7608013450957,0.018114506825804712,train,13.744577715118789,-2.2510844569762423,False,6.167752041576662,-3.4188364985529045,False
13955,1.006030643898182,0.870737062503803,246.37478227916046,136.1312413673352,0.4572018444538116,train,62.23945464093268,7.447890928186537,False,5.696157965543795,6.751732962642742,False
13956,1.7271837113517374,0.8948914145992799,219.4825750538207,206.32638477831497,0.38911213874816897,train,80.28410086126779,11.056820172253559,False,6.003269469160086,10.053550703093473,False
13957,0.7582528018425712,0.8537198982413314,203.09923752913153,85.29538120468015,0.5484078168869019,train,46.77665379699473,4.355330759398946,False,5.564320589745213,3.791010169653733,False
13958,1.1869831025896538,0.8686862188729494,946.2867430100092,622.1779210856095,0.28706775307655336,train,178.60721781988704,30.72144356397741,True,5.782523015368328,29.938920548609083,True
13959,1.9435026179324848,0.9116430837333431,203.88492633496048,218.21477939275618,0.28706775307655336,train,62.6424264083743,7.528485281674861,False,6.079600238880207,6.448885042794654,False
13961,0.4270594369498621,1.0,434.4814601229518,102.34445768292396,0.7030795097351075,train,71.95629113181563,9.391258226363128,False,5.355615989309046,9.035642237054082,False
13962,0.8752643925255976,0.9325615600173714,174.6349001993663,84.21320594822183,0.5615399658679963,train,47.28908079379902,4.457816158759805,False,5.628749658828475,3.8290664999313293,False
13963,2.6466749336828648,0.42273332174670153,163.42225396470496,238.3049334980709,0.498779708147049,train,118.86166518016972,18.772333036033945,True,6.293815775329426,17.47851726070452,True
13964,0.733678473320172,0.7694888576648243,187.46609053706646,75.76172376169366,0.6675609827041626,train,50.57557076571753,5.115114153143507,False,5.550245436320846,4.5648687168226605,False
13965,0.6613888017683608,0.8062210463133488,226.92641286378722,83.20099312913094,0.622990345954895,train,51.833415493308124,5.366683098661625,False,5.507653880161982,4.859029218499643,False
13966,0.36943207504276515,1.0,434.4814601229518,88.69912071442504,0.6813801646232605,train,60.43782147433338,7.087564294866677,False,5.314396110128609,6.7731681847380685,False
13967,0.4209495989297668,1.0,434.4814601229518,100.89957424910988,0.7850553154945373,train,79.21174709539945,10.84234941907989,False,5.351325379752483,10.491024039327407,False
13968,0.38388551649578073,1.0,434.4814601229518,92.12521053115658,0.7466461181640625,test,68.78493082813507,8.756986165627016,False,5.324895134479092,8.432091031147923,False
13969,7.129747664762945,0.9697555203758357,256.52863034696094,1008.0171837334352,0.005940594151616097,train,5.9882209864153735,-3.8023558027169253,False,7.095529885533511,-5.897885688250437,False
13970,0.731436869958627,0.7841922355852632,535.7119752615523,215.9064993738785,0.5882226228713989,train,127.00108735668485,20.400217471336973,True,5.548951624454764,19.851265846882207,True
13971,2.703093510531772,0.9756651806981097,329.9409163917397,492.8687633781212,0.018114506825804712,test,8.928074578438903,-3.2143850843122195,False,6.309168554254213,-4.523553638566432,False
13972,1.4032036326583965,1.0,434.4814601229518,329.52249136135396,0.5396770656108856,train,177.8357311906839,30.56714623813678,True,5.876802694178745,29.690343543958033,True
13973,0.6904471927579766,1.0,434.4814601229518,164.2783349596671,0.6423507690429687,train,105.52431479844057,16.104862959688116,True,5.524993105031034,15.579869854657083,True
13974,0.2528746006954164,1.0,434.4814601229518,60.969110814555805,0.8203130602836609,train,50.01375787506192,5.002751575012384,False,5.22544059165221,4.777310983360175,False
13975,2.4168283697951787,0.9740285500010337,457.17350676210395,610.6485519290527,0.018114506825804712,train,11.061597362086587,-2.7876805275826824,False,6.228712743541315,-4.016393271123998,False
13976,1.159742123471474,0.9659635522118392,314.4255638539591,201.8391736265095,0.28706775307655336,test,57.94151805579041,6.588303611158082,False,5.76998882728712,5.818314783870962,False
13977,0.39951823294149913,1.0,434.4814601229518,95.82799197200194,0.6813801646232605,test,65.29529294539917,8.059058589079834,False,5.33612805807107,7.722930531008764,False
13979,1.1583807313767436,0.8504808982121872,567.6636175545859,364.2558343477978,0.28706775307655336,train,104.56610391124755,15.91322078224951,True,5.769358279159798,15.143862503089712,True
13980,0.9261730626300453,0.7547273782238143,138.89348628739162,71.1864463135572,0.5796570181846619,train,41.26372320527908,3.2527446410558163,False,5.6555351653256505,2.597209475730166,False
13981,0.3941674930227116,1.0,434.4814601229518,94.56093864391492,0.7030795097351075,train,66.48385838185528,8.296771676371058,False,5.3322974579345574,7.964474218436501,False
13982,1.8640212626351795,0.8839031594757367,371.228880266232,382.6582346162539,0.2228644832968712,test,85.28092973704433,12.056185947408867,False,6.052226673175303,11.003959274233564,False
13983,4.27916840515843,0.9895321332355249,404.43673167497553,956.6439232889575,0.0,train,0.0,-5.0,False,6.663768586290873,-6.663768586290873,False
13984,2.446808363549542,0.9605956574513247,185.70467933322408,251.37247399424106,0.09635044410824775,test,24.219849505934086,-0.15603009881318286,False,6.237448690848426,-1.393478789661609,False
13985,3.1238029358232358,0.9860664405591568,433.5365563399292,748.0275689137011,0.018114506825804712,test,13.550150502977342,-2.2899698994045314,False,6.416775780295052,-3.7067456796995835,False
13987,0.7669586820228032,0.7277322616293327,328.3468212544497,138.51108480084142,0.5664994180202484,train,78.46644892902994,10.693289785805987,False,5.569259809941817,10.12402997586417,False
13988,1.2585084930552024,0.9669856681747553,543.8748144225532,378.491576423836,0.17688405364751816,train,66.94912430928753,8.389824861857505,False,5.814704636590376,7.5751202252671295,False
13989,1.4111913232403472,0.9529134296741933,431.83207156263546,336.4159479060708,0.2259523779153824,train,76.01398339803411,10.202796679606823,False,5.880120950360207,9.322675729246615,False
13990,1.225753173558284,1.0,434.4814601229518,288.62068756352375,0.42191084027290343,train,121.77219681006943,19.35443936201389,True,5.800095363308337,18.55434399870555,True
13992,0.7147536969239544,0.8281928099791886,132.98477437475498,52.430593477831785,0.7300647735595703,train,38.277729354987144,2.655545870997429,False,5.539269453350038,2.1162764176473905,False
13993,3.635802347147122,0.982922008689785,355.23157315126906,714.1477569194525,0.005940594151616097,train,4.242461988145453,-4.151507602370909,False,6.533809290217282,-5.685316892588191,False
13995,2.7816444907532065,0.9617032547504042,300.49543307419736,462.2313581441654,0.018114506825804712,train,8.373093092203467,-3.3253813815593065,False,6.330158965488293,-4.6555403470476,False
13996,0.7343390366763317,0.6943338558748483,408.9414544938069,165.16442912821,0.566741144657135,test,93.60547762076399,13.721095524152798,True,5.550626382127634,13.170469142025164,False
13997,0.4240865892412176,0.6142048911483229,269.1757665150349,63.15007572059972,0.7480174422264099,test,47.23735811692711,4.4474716233854235,False,5.353530618192527,4.093941005192897,False
13998,0.7628500605238018,0.7294750783631176,179.3306277606231,75.62296711861022,0.5517722427845001,train,41.726654173054065,3.345330834610813,False,5.5669318518827895,2.7783989827280235,False
13999,5.932220646804498,0.9798973436034842,326.02490497995103,1068.7718007424553,0.018114506825804712,train,19.3602740797768,-1.1279451840446395,False,6.936180201526319,-3.064125385570959,False
14000,1.3186271062205903,0.9696973582156488,462.0558002998115,337.5064397904644,0.25007936656475066,test,84.4033966743235,11.880679334864702,False,5.840975245956375,11.039704088908326,False
14001,3.0416188849477543,0.9536120737169427,496.76560123199516,830.664765374651,0.05441379956901073,train,45.199626052135585,4.039925210427118,False,6.3966453258045854,2.6432798846225323,False
14003,0.19131914382366463,1.0,434.4814601229518,46.24281635011668,0.9135925769805908,test,42.24709375614329,3.4494187512286594,False,5.175061217385713,3.274357533842946,False
14004,1.355180826695674,0.9002541906165534,824.466379216215,614.4803029793823,0.2716831386089325,train,166.94393732680635,28.38878746536127,True,5.85661750868015,27.532169956681116,True
14005,1.2004879095446936,1.0,434.4814601229518,282.78630990852145,0.4356984496116638,train,123.20955679854627,19.641911359709255,True,5.788679112841142,18.853232246868114,True
14006,1.8354944298879126,0.9600496943436259,318.2780794086144,322.90146741294853,0.19443063884973527,train,62.78193859461656,7.556387718923313,False,6.042216324050306,6.5141713948730064,False
14007,0.2975709219164261,1.0,434.4814601229518,71.62507934007682,0.8803646802902222,train,63.05619007398853,7.611238014797706,False,5.2604939950006315,7.350744019797075,False
14008,0.3729422561491189,1.0,434.4814601229518,89.53142129056626,0.7110795021057129,train,63.663958474112675,7.732791694822536,False,5.316956069200129,7.415835625622407,False
14009,1.331999566857639,0.9593669388351321,356.36081909180507,261.37186558126024,0.28706775307655336,train,75.03143416983932,10.006286833967863,False,5.846726082749651,9.159560751218212,False
14010,0.2624469894242314,1.0,434.4814601229518,63.25374424795125,0.7935650587081909,train,50.19596126763833,5.039192253527666,False,5.233051892710967,4.806140360816699,False
14011,0.4928877088199598,0.8073116952620246,213.89096367342896,58.40251332555819,0.6925609827041626,test,40.447302021141525,3.089460404228305,False,5.400712303953529,2.6887481002747755,False
14012,0.733627793086659,1.0,434.4814601229518,174.3750549167426,0.597990345954895,train,104.27459941556673,15.854919883113347,True,5.5502162031181115,15.304703679995235,True
14013,0.8918832746312909,0.9395998476837834,293.39833044042484,144.82061290883988,0.4455351769924164,train,64.5226774044902,7.904535480898041,False,5.6375727745570146,7.266962706341026,False
14014,0.5791872257342614,0.8889285710174302,1034.5050273859408,331.6787485899648,0.4504091262817383,train,149.3911353586264,24.87822707172528,True,5.456910300590314,24.42131677113497,True
14016,2.9343111490415144,0.979528954553536,1001.3038479386365,1624.0420821078294,0.018114506825804712,train,29.418721381736372,0.8837442763472749,False,6.369735809122287,-0.48599153277501195,False
14017,0.2589867606885427,1.0,434.4814601229518,62.42805561816509,0.8850211501121521,train,55.250149582453865,6.050029916490773,False,5.230307239271052,5.819722677219722,False
14018,0.22276804579741136,1.0,434.4814601229518,53.774286572969096,0.8850211501121521,train,47.59138094926957,4.518276189853914,False,5.20111717869883,4.317159011155084,False
14020,0.5156523947223909,0.710782270621942,325.43623175292646,92.77670448952742,0.7292427659034729,test,67.65674059335213,8.531348118670426,False,5.415845969848744,8.115502148821683,False
14021,2.087275514077014,0.970311026124594,264.51708530993625,304.6946158555412,0.06613810732960701,test,20.15192520620716,-0.9696149587585676,False,6.127288991319491,-2.096903950078058,False
14022,0.7626028792884231,0.9420297099288694,438.96561999965894,184.8088527701402,0.4572018444538116,train,84.49494835790101,11.898989671580203,False,5.566791625228227,11.332198046351976,False
14023,0.8828904114157926,1.0,434.4814601229518,209.17505135534122,0.5051337063312531,train,105.66136896315372,16.132273792630745,True,5.6328080490519135,15.499465743578831,True
14024,0.43018149742183853,1.0,434.4814601229518,103.08261445744317,0.7030795097351075,train,72.47527403495225,9.495054806990451,False,5.357801357492006,9.137253449498445,False
14025,0.12781212984664878,0.04308471534163713,542.9365463076406,38.26835141329415,0.7107919216156006,train,27.20083503811643,0.44016700762328664,False,5.120279587650227,0.3198874199730595,False
14026,0.4901217032086519,0.8321250323005569,345.9743351369123,93.97432063540175,0.7180182814598084,train,67.47528020398417,8.495056040796834,False,5.398857796627544,8.09619824416929,False
14028,0.2715164906710702,1.0,434.4814601229518,65.41707690158998,0.7134764075279236,train,46.67354101872433,4.334708203744865,False,5.240210275258042,4.094497928486823,False
14030,3.5941455626903207,0.9607663550413562,488.8763198904104,971.430950581768,0.018114506825804712,test,17.596992585111398,-1.48060148297772,False,6.52478278915682,-3.00538427213454,False
14031,9.160731608058617,0.9908401935777275,872.0912109485425,4413.4410188224865,0.012173912674188613,test,53.72884555582697,5.745769111165394,False,7.318530448225022,3.427238662940372,False
14032,2.8166404334544066,0.9801988572382222,313.7300209716426,488.69837203981865,0.04985588304698467,train,24.364488881669,-0.12710222366619917,False,6.339370567977794,-1.4664727916439935,False
14033,0.2684243990854443,1.0,434.4814601229518,64.67966377188941,0.8430354714393615,train,54.52725084047418,5.905450168094838,False,5.237775499609819,5.667674668485018,False
14035,1.9434650519810368,0.9411468297154645,376.6408092290863,404.18316501297426,0.10831217467784882,train,43.77795757073106,3.7555915141462126,False,6.079587476468875,2.6760040376773375,False
14036,0.7028556480641771,1.0,434.4814601229518,167.1811939738532,0.5568538665771484,train,93.09549428332441,13.619098856664884,True,5.532306634766844,13.08679222189804,False
14037,1.2141214856236417,0.8856887985433709,160.82563992621675,108.15531907965446,0.39789395928382876,train,43.03434812620954,3.6068696252419077,False,5.794855704336451,2.812013920905457,False
14038,0.8292858463149521,0.9594282693362869,728.3242448208933,334.62701188713316,0.3422629237174988,train,114.53041944334042,17.906083888668086,True,5.603925642771469,17.302158245896617,True
14039,0.2567302367502105,1.0,434.4814601229518,61.889500116810915,0.8607261538505554,train,53.26991139927616,5.653982279855233,False,5.228513297785744,5.425468982069489,False
14040,7.305827129587522,0.977994574588534,391.12439539253916,1578.9061063912966,0.005940594151616097,test,9.37964038157908,-3.124071923684184,False,7.116957332276771,-5.241029255960955,False
14041,0.7878618654834396,1.0,434.4814601229518,187.0370114117569,0.6925609827041626,train,129.53453642537602,20.906907285075206,True,5.581020417325861,20.325886867749347,True
14042,0.19351707494041473,1.0,434.4814601229518,46.76973159704555,0.8530447483062744,train,39.89667391855373,2.9793347837107467,False,5.176904473305565,2.8024303104051818,False
14043,0.42145514458003247,0.8613075669119045,191.59830774486224,44.83595904703724,0.802752697467804,train,35.99218706856514,2.1984374137130276,False,5.351681096619865,1.8467563170931625,False
14044,1.6548314004817508,0.916883342552552,470.74266473236435,430.8881332659477,0.15840579569339752,train,68.25517760483515,8.651035520967032,False,5.976381150034116,7.674654370932916,False
14045,2.535541214974553,0.6459020678106331,841.1002083240935,1178.444522671732,0.34334980845451357,train,404.6187011336099,75.92374022672197,True,6.2628663894612036,74.66087383726077,True
14046,0.7028556480641771,1.0,434.4814601229518,167.1811939738532,0.6925609827041626,test,115.783171988187,18.1566343976374,True,5.532306634766844,17.624327762870557,True
14047,3.0665547621981704,0.9819152261108004,310.4859091538042,525.9968268274815,0.018114506825804712,train,9.528173109918033,-3.094365378016393,False,6.402796145200234,-4.4971615232166275,False
14048,0.9846962780567086,0.8752531681368328,414.3116970952081,224.16192694860734,0.3934523403644562,test,88.19703477853582,12.639406955707166,False,5.685465893896491,11.953941061810674,False
14049,2.7065261228479147,0.9783944987774807,1342.9875991226563,2005.9498140122025,0.018114506825804712,test,36.33679159814574,2.267358319629148,False,6.310095082937614,0.9572632366915341,False
14051,6.48852476797288,0.9803795177121475,503.01758990865727,1803.5474644600731,0.012173912674188613,train,21.956229336091223,-0.6087541327817556,False,7.013371817912678,-2.622125950694434,False
14052,0.43018149742183853,1.0,434.4814601229518,103.08261445744317,0.6423507690429687,train,66.21519667169846,8.243039334339693,False,5.357801357492006,7.885237976847687,False
14053,0.6657692610268329,0.8224153105712761,194.02516547007633,71.31523952310118,0.7030795097351075,train,50.14028364054374,5.02805672810875,False,5.510287035369395,4.517769692739354,False
14055,0.38314172934661694,0.7753721713976685,505.37625369638187,107.50298209904453,0.6935813903808594,test,74.56206779434395,9.91241355886879,False,5.324357527075193,9.588056031793597,False
14056,11.196935429458842,0.9865681301609118,309.87866819504455,1876.2777403602513,0.031157984957098962,train,58.46103360948434,6.692206721896868,False,7.501184725877986,4.191021996018883,False
14057,3.0632440718302076,0.9833981170233115,467.8301738605258,792.5968281157983,0.018114506825804712,train,14.357500653014792,-2.128499869397041,False,6.401981687027638,-3.5304815564246788,False
14058,0.5427128464073989,0.7498876024525769,199.52658957013773,59.86839913047526,0.7107919216156006,test,42.55397446200026,3.510794892400053,False,5.433542455224395,3.077252437175658,False
14059,0.7878618654834396,1.0,434.4814601229518,187.0370114117569,0.6675609827041626,test,124.85861114008212,19.971722228016425,True,5.581020417325861,19.390701810690565,True
14060,6.354067794486167,0.9829294904662872,309.6964934573915,1085.0766466919927,0.018114506825804712,train,19.65562832302339,-1.0688743353953218,False,6.99525360155921,-3.0641279369545322,False
14061,0.6095137989683433,0.7871062767172105,287.6093494789891,97.23855641665902,0.7030795097351075,train,68.36643657277422,8.673287314554845,False,5.475932145170327,8.197355169384519,False
14062,4.443990397506531,0.9605010706422539,1260.021209935332,3094.9398666036723,0.031157984957098962,train,96.43208980676309,14.286417961352619,True,6.694512320920385,12.591905640432234,False
14063,0.0009372632998631565,0.00047760639882868275,1143.8309400453036,0.593469134111205,0.7805284142494202,test,0.46321952215379536,-4.907356095569241,False,5.000936824342874,-4.908292919912115,False
14064,3.619934708231032,0.9791504467980505,218.48397790984723,436.90890975523445,0.018114506825804712,train,7.914389428016089,-3.417122114396782,False,6.5303805725762585,-4.94750268697304,False
14065,0.9038014368772029,0.5929071506259473,304.3455862663306,151.25566743218226,0.5584078133106232,train,84.46234650164374,11.892469300328749,False,5.643852643576459,11.24861665675229,False
14066,0.7878618654834396,1.0,434.4814601229518,187.0370114117569,0.7043506503105164,train,131.73964062000644,21.34792812400129,True,5.581020417325861,20.76690770667543,True
14068,1.0892516862767763,0.9219641309411754,349.2108367584909,210.58447434843774,0.4189199924468994,train,88.21804640348182,12.643609280696364,False,5.736805957019713,11.906803323676652,False
14069,0.4479633978026762,0.6651809223581409,168.76452813432238,41.8343863773592,0.8379218339920044,train,35.05394575724694,2.010789151449389,False,5.370158015883454,1.6406311355659353,False
14070,0.2074786859110228,1.0,434.4814601229518,50.114835786013764,0.8673304677009582,train,43.46612396104003,3.6932247922080066,False,5.188534454969361,3.504690337238646,False
14071,1.7102176854356417,0.8459957834779462,185.957503302474,172.93955059293228,0.40339877009391784,train,69.76360200978375,8.952720401956752,False,5.99702895839461,7.9556914435621415,False
14072,0.21426581057628152,1.0,434.4814601229518,51.73978827961377,0.9135925769805908,test,47.269086506802516,4.453817301360504,False,5.194139623016499,4.259677678344005,False
14074,0.23243085008425343,1.0,434.4814601229518,56.085062979954415,0.8850211501121521,train,49.63646694263174,4.9272933885263495,False,5.208988519952427,4.718304868573923,False
14075,1.264208231726504,0.9314875713207226,372.36723882408427,259.29942935291336,0.26007936596870423,train,67.43843118215253,8.487686236430505,False,5.8172251312556975,7.670461105174808,False
14077,1.6249849538790258,0.9447519621873975,132.91065902394513,118.5283604750144,0.36741880178451536,train,43.5495481832129,3.70990963664258,False,5.965075164171551,2.7448344724710294,False
14078,2.698226231150761,0.9831236087505822,147.23040553011157,219.25938871337863,0.04854928962886333,train,10.644887566493347,-2.8710224867013303,False,6.3078533077164245,-4.178875794417754,False
14080,0.9158068069454509,0.8576266452058156,289.0385262895247,146.7133651816786,0.4420757949352264,train,64.85842754031273,7.9716855080625475,False,5.650138843016742,7.321546665045806,False
14081,2.0779476648149475,0.9177579026302042,578.2838996111825,664.8787935038148,0.15188405513763428,test,100.98448733237717,15.196897466475434,True,6.124263032288038,14.072634434187396,False
14082,0.8266661535268721,0.7623441588537453,227.64042450175123,103.45885781817532,0.566741144657135,test,58.63439150479246,6.726878300958493,False,5.6024925313758285,6.1243857695826645,False
14083,1.6534376129168855,0.975415934494505,111.97586825060236,102.4859634958677,0.28706775307655336,test,29.420415262644408,0.8840830525288821,False,5.975856011766489,-0.09177295923760731,False
14084,0.2975709219164261,1.0,434.4814601229518,71.62507934007682,0.8430354714393615,train,60.38248252834334,7.076496505668668,False,5.2604939950006315,6.816002510668037,False
14085,6.597016377907939,0.9888042115139963,348.70424663471425,1271.0316006486275,0.018114506825804712,train,23.024110605763052,-0.395177878847389,False,7.0277555883576355,-2.4229334672050244,False
14086,0.3405856591190692,1.0,434.4814601229518,81.85345393063916,0.8430354714393615,train,69.00536512335644,8.80107302467129,False,5.2931065775244175,8.507966447146872,False
14087,0.4385894853018443,0.9050700816427207,408.2691493131723,99.43211246549005,0.597990345954895,train,59.45944333226442,6.891888666452886,False,5.363663109444737,6.528225557008149,False
14088,2.096455674926703,0.968206810985453,5062.534563796469,5825.886936374357,0.09635044410824775,train,561.3267936441082,107.26535872882164,True,6.13025812672117,106.13510060210047,True
14090,0.5670813754741255,1.0,434.4814601229518,135.34966010065352,0.7850553154945373,test,106.25697011239694,16.25139402247939,True,5.44921489276843,15.802179129710957,True
14091,0.28275258714367163,0.5487185501881522,3366.018399604577,528.2038344634029,0.8059141635894775,train,425.68695145632825,80.13739029126566,True,5.249008227710772,79.88838206355489,True
14092,4.613300051605266,0.9874224860131836,322.5566894718056,822.357126087048,0.018114506825804712,test,14.896593773752976,-2.0206812452494045,False,6.7251387910795515,-3.745820036328956,False
14094,0.3648535129376356,1.0,434.4814601229518,87.61326578203297,0.6608692884445191,train,57.90091661567266,6.580183323134532,False,5.311047106348887,6.269136216785645,False
14095,0.19447459034396175,1.0,434.4814601229518,46.99925273599685,0.9335925817489624,train,43.87815370207128,3.7756307404142557,False,5.177706415346472,3.597924325067784,False
14097,0.47188215951566415,0.8325483629072682,316.68806556102516,82.85253472594017,0.7180182814598084,train,59.48963459850866,6.897926919701732,False,5.38654196242528,6.5113849572764515,False
14099,3.9453848710497477,0.9775043774447945,278.30584670065014,606.9923962168222,0.012173912674188613,train,7.389472425440088,-3.522105514911982,False,6.598454792389782,-5.120560307301764,False
14101,3.7534208489626324,0.983037181443689,742.016053849972,1536.2168000529193,0.018114506825804712,train,27.82780971047448,0.5655619420948961,False,6.5588645375712655,-0.9933025954763695,False
14104,0.9013882850110749,0.8321072172037954,207.80250299507642,103.49596929568652,0.42950822710990905,train,44.4523702852119,3.890474057042381,False,5.642584295680031,3.24788976136235,False
14105,1.3423011628489743,0.9618114066983549,1288.6874582971425,957.9319317580034,0.2259523779153824,train,216.4469978617967,38.28939957235934,True,5.851133849072641,37.438265723286705,True
14106,0.18977953149423307,1.0,434.4814601229518,45.873671164935395,0.8850211501121521,train,40.59916921425779,3.119833842851559,False,5.173768022307361,2.946065820544198,False
14107,2.2003569114674786,0.9734072541102275,496.0431296366071,603.9249689427572,0.018114506825804712,train,10.939802972187474,-2.8120394055625053,False,6.163262338419722,-3.9753017439822274,False
14108,0.1679266323873797,0.34822270934651306,237.8889790845789,22.185095469850378,0.8843242883682251,train,19.61881876375657,-1.0762362472486862,False,5.155230067696275,-1.231466314944961,False
14110,6.148555553608973,0.974984875166438,415.4939888772379,1411.798203973222,0.005940594151616097,train,8.386920153785432,-3.3226159692429134,False,6.966910315822762,-5.2895262850656755,False
14111,0.9472272716688626,1.0,434.4814601229518,224.13098836987834,0.6675609827041626,train,149.62110285065123,24.924220570130245,True,5.666406448734839,24.257814121395405,True
14112,2.187606518201325,0.9761066958479123,503.8478524308059,609.0355850111579,0.08939392194151878,test,54.44407954609467,5.888815909218934,False,6.159270327401119,4.729545581817815,False
14113,2.223720124102801,0.647411236323936,463.51009686267224,569.983089194104,0.35189942717552186,train,200.57672258713959,35.11534451742792,True,6.170536010734352,33.94480850669357,True
14114,2.2886825648054425,0.9307062655756949,184.21403867843367,232.67431871868482,0.1834057942032814,train,42.67381821530781,3.534763643061563,False,6.190487048351936,2.344276594709627,False
14115,0.4494726996042668,0.8244040568834188,492.15151886270075,122.6929194669014,0.6925609827041626,train,84.97232887683991,11.994465775367981,False,5.371199834848474,11.623265940519508,False
14118,0.37772777646945105,1.0,434.4814601229518,90.66587328634806,0.7110795021057129,train,64.47064403443603,7.894128806887208,False,5.3204356033440545,7.5736932035431535,False
14119,0.45488498825282525,0.9129834570026005,174.05278229906182,43.95295066970586,0.7120999097824097,test,31.298892206568244,1.2597784413136495,False,5.374926851624819,0.8848515896888305,False
14122,0.6902567478313799,0.8899471679490242,165.8470324162056,63.49790436255329,0.6173507690429687,train,39.20048009083915,2.8400960181678307,False,5.524880439189751,2.31521557897808,False
14123,0.19100922503223405,1.0,434.4814601229518,46.16851199903338,0.839716374874115,test,38.768455529160384,2.753691105832077,False,5.17480103596217,2.5788900698699075,False
14126,0.35928772221968536,1.0,434.4814601229518,86.29292552257814,0.6173507690429687,train,53.27300393433124,5.654600786866249,False,5.3069608288895855,5.347639957976663,False
14127,2.4944011753326905,0.9169399744886967,297.3877994523724,406.936663694116,0.09635044410824775,train,39.20852827085674,2.8417056541713483,False,6.251162023475834,1.5905436306955147,False
14128,0.6450057034997891,0.9362939246658946,328.7239680630978,117.29321160006904,0.597990345954895,train,70.14020818288598,9.028041636577198,False,5.497743851384449,8.530297785192749,False
14129,1.7187677930264535,0.9440168323924127,358.2869487166483,339.88757744364455,0.2259523779153824,train,76.79840634729017,10.359681269458035,False,6.000178760394896,9.359502509063137,False
14130,1.0068823417009858,0.9293197400189136,501.38087657613755,279.75903895809256,0.3422629237174988,train,95.7511466101944,14.150229322038879,True,5.696582444130121,13.453646877908756,False
14131,0.22151233264733972,1.0,434.4814601229518,53.473882118840784,0.8673304677009582,test,46.37952718792008,4.275905437584017,False,5.200089707978518,4.075815729605499,False
14133,0.45222066838555175,0.9301898597143481,338.93972727125987,85.10994695688775,0.6925609827041626,train,58.943828502361335,6.788765700472268,False,5.373093880327645,6.415671820144623,False
14134,1.6851411965476715,0.534858681454346,1033.0574788150022,962.7947308798796,0.4572018444538116,train,440.1915267886921,83.03830535773842,True,5.987733313746764,82.05057204399166,True
14135,4.814378117024386,0.990808845421725,366.58644828025285,975.5610845067002,0.012173912674188613,test,11.876395451121306,-2.6247209097757387,False,6.76033383562987,-4.3850547454056095,False
14136,1.1492933782401833,0.8370400554572908,323.11199064482753,205.6880523740407,0.4106145441532135,train,84.45850586332902,11.891701172665805,False,5.765139126834979,11.126562045830825,False
14137,0.2035387800038234,1.0,434.4814601229518,49.171199537082956,0.8850211501121521,train,43.517551566703276,3.703510313340656,False,5.185266200408866,3.5182441129317903,False
14139,0.5112047333959824,0.4528668490283022,190.1472373235843,53.682355858226785,0.6423507690429687,train,34.48290256957029,1.896580513914059,False,5.41290716941041,1.4836733445036492,False
14142,0.5117629119081556,0.9046070034053075,333.86464304184403,94.7294546726813,0.6515012145042419,train,61.7163547685764,7.343270953715281,False,5.4132764611687145,6.929994492546567,False
14144,0.3184853650085625,1.0,434.4814601229518,76.60141454380171,0.8430354714393615,test,64.57770962285583,7.915541924571167,False,5.276483627021548,7.639058297549619,False
14145,1.2902127039794413,0.9622874561985951,1148.619889695814,819.1751581058543,0.2716831386089325,train,222.55607802466702,39.511215604933405,True,5.8286446970865295,38.68257090784687,True
14146,1.992440195252519,0.9562953739999077,1046.589460588697,1153.2925405485944,0.1285243570804596,test,148.22618229969797,24.645236459939596,True,6.096089173372269,23.549147286567326,True
14147,1.8196523247601915,0.9305893367828237,409.37213929023295,411.6171732225514,0.23447089791297912,train,96.5122482018939,14.302449640378782,True,6.0366135882571665,13.265836052121616,False
14148,0.940112656649379,0.9358873169525262,207.10232111776475,107.16289907752213,0.5581755399703979,train,59.81570905738917,6.9631418114778345,False,5.662746041827038,6.300395769650796,False
14149,1.1416935050769146,1.0,434.4814601229518,269.1979594088571,0.4420757949352264,train,119.00590190061132,18.801180380122265,True,5.761596873588077,18.039583506534186,True
14150,0.485174383619384,1.0,434.4814601229518,116.06726340100279,0.6813801646232605,train,79.08593104354661,10.817186208709323,False,5.395532195407018,10.421654013302305,False
14151,0.2660906559705259,0.5323132152642752,346.64664031754495,51.206538035828096,0.847397780418396,train,43.3923066744709,3.6784613348941804,False,5.235933929349809,3.4425274055443715,False
14152,1.4942027122975678,0.9615305066750702,351.83871986039173,290.75846042072635,0.25007936656475066,test,72.71269160535738,9.542538321071476,False,5.91396912394581,8.628569197125666,False
14153,0.32108955613660706,1.0,434.4814601229518,77.22062912297346,0.8020402789115906,train,61.93405491951813,7.386810983903628,False,5.278456817441059,7.1083541664625685,False
14154,1.7048531968960006,0.9627828147249773,1154.416525328274,1088.8671573650706,0.15285024046897888,train,166.43360684202452,28.286721368404905,True,5.995047639807606,27.2916737285973,True
14155,0.7878618654834396,1.0,434.4814601229518,187.0370114117569,0.7379132986068726,train,138.0170980524208,22.603419610484163,True,5.581020417325861,22.022399193158304,True
14156,25.73080086928029,0.9973367428212139,2609.831376052694,37082.85887224086,0.018114506825804712,train,671.7377001615599,129.347540032312,True,8.285816491141585,126.06172354117041,True
14157,1.1724418276511497,0.9378182829490659,237.76751869059143,154.2271833480411,0.3801921486854553,train,58.635964222797426,6.727192844559486,False,5.775851801113592,5.951341043445894,False
14159,3.0729668696798726,0.9865202890338075,393.7963071243366,669.2858794171248,0.018114506825804712,train,12.123783631116217,-2.5752432737767563,False,6.404371694501072,-3.9796149682778283,False
14160,0.013699050874277708,0.006608221471453065,781.784007876455,5.9246637823046875,0.7656313896179199,train,4.536108564664899,-4.09277828706702,False,5.013606067107345,-4.106384354174365,False
14161,1.92581307803717,0.9734777967253666,415.96844987105635,443.32845114043397,0.04874680265784263,train,21.610844520349765,-0.6778310959300464,False,6.07357241745314,-1.7514035133831864,False
14162,0.6707160950236595,1.0,434.4814601229518,159.65993445068338,0.6925609827041626,train,110.57424110164746,17.114848220329492,True,5.5132523339358315,16.60159588639366,True
14163,1.3315567366232062,0.9590479739857367,380.76914504437735,279.1812499164155,0.28706775307655336,train,80.1439341146091,11.02878682292182,False,5.846536171786024,10.182250651135796,False
14165,0.7429234529484452,1.0,434.4814601229518,176.54679730974513,0.7229745268821717,test,127.63883725757564,20.527767451515132,True,5.5555638487338355,19.972203602781295,True
14166,0.46356140927790146,0.7885760670171503,193.9431770334136,49.82582840487615,0.8245885014533997,train,41.08580517805106,3.2171610356102125,False,5.38087278682835,2.8362882487818624,False
14167,1.7251216152004107,0.9508165554937602,175.137660511999,167.10747853089848,0.28706775307655336,train,47.97116838415341,4.594233676830681,False,6.002513056550688,3.591720620279993,False
14168,0.5679735118636594,0.8490442391541113,133.558693431393,41.97923054871233,0.6458616375923156,train,27.11277458705671,0.4225549174113423,False,5.449784028841433,-0.027229111430091102,False
14169,0.5885386859267474,0.6447096518770077,197.26370871824955,63.99132680908355,0.622990345954895,train,39.86597882690371,2.9731957653807415,False,5.462814528177659,2.5103812372030827,False
14170,0.8891588515105495,0.5169527049657382,232.7874745220179,113.60033746114462,0.597990345954895,train,67.93190509898268,8.586381019796537,False,5.636131677895646,7.950249341900891,False
14171,0.19194201005280262,1.0,434.4814601229518,46.392146106814806,0.8850211501121521,train,41.05803050362424,3.2116061007248486,False,5.175583918175182,3.036022182549667,False
14172,0.22359444054917624,0.24434436991592406,155.01240267904444,19.191486004062842,0.8201060175895691,train,15.739053158417931,-1.8521893683164135,False,5.201792789764492,-2.0539821580809057,False
14173,0.75123781072598,0.9576952075499727,144.61926720975904,60.254725419568544,0.5484078168869019,train,33.0441624244653,1.6088324848930604,False,5.560322858317079,1.0485096265759815,False
14175,1.7457001809050348,0.8707580543752625,770.6524566991393,743.153021584462,0.20747986882925035,train,154.1892914384052,25.837858287681044,True,6.010036117446336,24.827822170234707,True
14176,1.9924381585820334,0.8002055424176323,208.81188482550485,227.84160147134443,0.4870166540145874,train,110.96265439389926,17.192530878779852,True,6.096088492766794,16.09644238601306,True
14177,1.4679634983620038,0.7663693140691212,245.82852079448415,199.4627830154997,0.5019855558872223,test,100.12743601084802,15.025487202169604,True,5.903393315966996,14.122093886202608,False
14180,9.399020635194557,0.9928902262276088,218.10444937366591,1126.9274650654688,0.018114506825804712,train,20.413735258115235,-0.9172529483769525,False,7.341711632020251,-3.258964580397204,False
14181,0.5764218591643271,0.8578372525330126,155.65457711196916,49.64931167306215,0.6458616375923156,train,32.06658574249519,1.413317148499039,False,5.4551576327512805,0.9581595157477585,False
14182,0.892422357126881,0.6468273124402116,191.5962805656989,94.4832301647861,0.5990174412727356,train,56.59710277649312,6.319420555298624,False,5.637857678870616,5.681562876428008,False
14183,0.6493721229773458,0.7913519371433957,191.98365339717736,68.81484266259886,0.7030795097351075,train,48.38230584171857,4.676461168343714,False,5.500394683963112,4.176066484380602,False
14185,0.5485530798217685,1.0,434.4814601229518,130.9933963463701,0.7758354663848877,train,101.62932274772649,15.325864549545301,True,5.437320998062408,14.888543551482893,True
14186,1.0876882578667515,0.6806944200854349,341.65805423507766,205.46690618943163,0.5019855558872223,train,103.14141911992958,15.628283823985917,True,5.736057357085817,14.892226466900102,True
14187,0.33008684016856277,1.0,434.4814601229518,79.35926579619588,0.8666336059570312,train,68.77540668305973,8.755081336611946,False,5.285244233461965,8.469837103149981,False
14188,1.4441155132141716,0.9366280255669136,375.75253533277765,296.5730857477893,0.28706775307655336,train,85.13656934859787,12.027313869719574,False,5.893683304191693,11.13363056552788,False
14189,4.929888414015997,0.9727494969254877,311.85183900134945,840.1807870571408,0.018114506825804712,test,15.219460602056552,-1.9561078795886893,False,6.780005395634612,-3.7361132752233015,False
14190,0.21426581057628152,1.0,434.4814601229518,51.73978827961377,0.9414406776428222,train,48.70994133905574,4.7419882678111485,False,5.194139623016499,4.54784864479465,False
14191,1.3455938439131188,0.9752658086647159,236.77302632288269,176.45732288730628,0.2953673481941223,train,52.11973153065766,5.423946306131533,False,5.852538608181308,4.571407697950225,False
14192,0.4333496426884885,1.0,434.4814601229518,103.83155531188956,0.7030795097351075,train,73.00183900371701,9.600367800743403,False,5.360014112586546,9.240353688156857,False
14193,0.9775653105041242,0.9145349249211221,424.6504389583623,228.27140650821875,0.39831848740577697,train,90.92472135834292,13.184944271668584,False,5.681866446917901,12.503077824750683,False
14194,4.16259405876518,0.9862477913626723,766.62013097534,1763.0467127624386,0.012173912674188613,test,21.463176721685223,-0.7073646556629551,False,6.641439177736707,-2.3488038333996624,False
14195,1.5815178907517664,0.971138029562921,451.1689339397812,394.3997288752648,0.2500264525413513,train,98.61036509395322,14.722073018790645,True,5.948377555684177,13.773695463106469,False
14197,0.400878737686194,1.0,434.4814601229518,96.150105013243,0.7110795021057129,train,68.37036880022885,8.67407376004577,False,5.3370997094947805,8.336974050550989,False
14198,1.6822857310685737,0.9630831713866514,193.841551374567,180.44455387688586,0.2754639804363251,train,49.705975058983896,4.941195011796779,False,5.9866693157503335,3.9545256960464457,False
14199,1.5341699007828935,0.9599062176535357,300.1698136189752,253.95722049278618,0.3676068425178528,train,93.35641195996327,13.671282391992655,True,5.9298661281054805,12.741416263887174,False
14200,0.235213505242728,1.0,434.4814601229518,56.75023204849393,0.8673304677009582,train,49.22120530475814,4.84424106095163,False,5.211243833877184,4.632997227074446,False
14201,2.5025579190293303,0.980577206066683,123.90798641597726,171.0389608910391,0.2716831386089325,train,46.46840171928796,4.293680343857593,False,6.25349353557462,3.0401868082829733,False
14202,0.8298469293648536,0.8759602532637956,316.24340628123366,145.24357194405425,0.4655351758003235,train,67.61599179884223,8.523198359768447,False,5.6042323181990605,7.918966041569386,False
14203,0.4194494144168532,1.0,434.4814601229518,100.54473862334075,0.7110795021057129,test,71.49530267963418,9.299060535926836,False,5.350269060097844,8.948791475828992,False
14204,0.6815221350265772,0.8786856480008314,269.56665006222096,101.90313823146256,0.4420757949352264,train,45.048910840068075,4.009782168013615,False,5.519699415969158,3.490082752044457,False
14205,2.165357616226042,0.9447717764568827,326.88964676776357,391.003308836843,0.0718051042407751,test,28.076033349517495,0.6152066699034995,False,6.15226604012185,-0.5370593702183504,False
14206,1.571517943821767,0.9364765502615886,332.46156306035164,286.84639202522936,0.2716831386089325,train,77.93132808406259,10.586265616812518,False,5.944496364167565,9.641769252644952,False
14207,0.20638910902977653,1.0,434.4814601229518,49.85390047558722,0.9457098722457886,train,47.147325849721845,4.42946516994437,False,5.187631690569811,4.241833479374559,False
14208,0.27089238061604354,1.0,434.4814601229518,65.26824834378343,0.7239949345588684,train,47.25388118842945,4.450776237685892,False,5.2397193156216035,4.211056922064288,False
14209,3.622790890478287,0.9782200684744444,342.383873418949,685.1999288895526,0.005940594151616097,test,4.070494690249041,-4.185901061950192,False,6.530998611553542,-5.716899673503734,False
14210,4.161199406262572,0.9859172416013023,356.882009319782,820.4701196930739,0.012173912674188613,train,9.988331588924561,-3.0023336822150877,False,6.6411689955569075,-4.643502677771995,False
14211,3.3764388212073895,0.9815171700383645,265.487558794106,495.6513201203002,0.018114506825804712,train,8.978479221538295,-3.204304155692341,False,6.4762353391614,-4.6805394948537415,False
14212,0.3581949119940015,1.0,434.4814601229518,86.03363863407448,0.6257510542869568,train,53.83564007941516,5.767128015883031,False,5.306156547551531,5.4609714683315005,False
14213,0.40924080914323396,1.0,434.4814601229518,98.1294317994375,0.7180182814598084,train,70.45872598125959,9.09174519625192,False,5.343051126151101,8.748694070100818,False
14214,0.733627793086659,1.0,434.4814601229518,174.3750549167426,0.5568538665771484,test,97.10142356499072,14.420284712998146,True,5.5502162031181115,13.870068509880035,True
14215,1.924560240649725,0.9807687573751032,358.32808943326006,381.68496476657805,0.12156783491373062,train,46.40061478579645,4.280122957159291,False,6.073144124303848,3.2069788328554427,False
14216,0.39549167078187303,1.0,434.4814601229518,94.87453510031064,0.7030795097351075,train,66.70434162467265,8.340868324934531,False,5.333246805350038,8.007621519584493,False
14217,5.935846738653518,0.9895256936121958,148.39072627800164,484.16120161458065,0.018114506825804712,train,8.770341391437132,-3.245931721712574,False,6.936703142730868,-5.1826348644434415,False
14219,0.6430713337309807,0.8093621676398188,199.76435603645973,70.93899990373814,0.5882226228713989,train,41.72792458725076,3.345584917450152,False,5.496567254869182,2.8490176625809696,False
14220,1.3879912258509437,0.9497551297086355,404.54116147226654,310.02914724191345,0.28706775307655336,test,88.99937068697601,12.799874137395204,False,5.870452521256832,11.929421616138372,False
14221,3.4673233659766387,0.9843006503654211,475.99309696093974,910.2764998989541,0.018114506825804712,test,16.489209870789225,-1.702158025842155,False,6.496789429715623,-3.1989474555577777,False
14223,0.7986005708594929,1.0,434.4814601229518,189.5417167469768,0.597990345954895,train,113.34411677040936,17.668823354081873,True,5.58700890188925,17.081814452192624,True
14224,2.7250594450731023,0.9689477008950443,170.22317603779055,255.50502681777877,0.06177730932831764,train,15.784413076662013,-1.8431173846675972,False,6.315082810113076,-3.158200194780673,False
14225,0.918187493423512,0.8033527698032392,460.5920382676339,234.2233071271356,0.46852617859840395,train,109.73975102695715,16.947950205391432,True,5.651380726336081,16.29656947905535,True
14226,1.4106704710468128,0.9546571585849374,805.2388533458635,624.8972432600941,0.1834057942032814,train,114.6097751955587,17.92195503911174,True,5.879904912564939,17.0420501265468,True
14227,2.458053838689892,0.9800868702464478,702.5315085743891,954.247454958665,0.018114506825804712,train,17.285722036355512,-1.5428555927288974,False,6.2407059564545,-2.783561549183397,False
14228,0.7869380510109939,0.7036502990672364,342.32310339076435,148.78662862340215,0.5882226228713989,test,87.51966093705038,12.503932187410076,False,5.580503569102413,11.923428618307662,False
14229,2.07818940296029,0.8767642727317307,358.96708163901064,410.15952489462427,0.2259523779153824,train,92.67651997458384,13.53530399491677,True,6.1243415679485675,12.410962426968203,False
14230,0.5690109296375203,0.8203043014349745,491.68418477372234,154.75860702101454,0.6075830459594727,train,94.02870584227304,13.80574116845461,True,5.4504454397161295,13.35529572873848,False
14231,1.3596405512519618,0.9454755056982569,321.3746508844041,240.47702064069438,0.3084963262081146,train,74.18627740512717,9.837255481025435,False,5.858509298645815,8.97874618237962,False
14232,1.921445567033059,0.9504778355641379,333.0283609878849,347.96184649005005,0.15188405513763428,test,52.8498562780878,5.56997125561756,False,6.072078550982905,4.497892704634655,False
14233,1.8849852241330936,0.9713175094038468,396.71832395199164,413.2532965690666,0.17346745431423188,train,71.68599734280028,9.337199468560057,False,6.059519778329302,8.277679690230755,False
14235,1.614903576276047,0.9630959462476234,606.4146055213312,541.0995039111435,0.15188405513763428,train,82.18438688698669,11.436877377397337,False,5.96122722352005,10.475650153877288,False
14236,1.2509500242466836,0.7356981483111706,325.3270199160048,224.23831908531164,0.4572018444538116,train,102.52217308302683,15.504434616605366,True,5.811352360099587,14.693082256505779,True
14237,0.565417622550002,0.8941290488209064,210.21788171094386,65.81941441190851,0.597990345954895,train,39.35937439472577,2.871874878945154,False,5.448152639863246,2.4237222390819078,False
14238,0.7243307860774398,0.92938505965196,166.93274791169696,67.06506160147617,0.559656697511673,train,37.53341089429907,2.5066821788598137,False,5.54483902511118,1.9618431537486334,False
14239,4.525937962224766,0.9861371139435059,206.05045716008556,515.4951431306738,0.018114506825804712,test,9.337940288909767,-3.1324119422180465,False,6.709452999913554,-4.8418649421316005,False
14240,0.9161401743773321,0.9394924754176474,264.20726725328103,133.28333634230614,0.49690393209457395,train,66.22901391117556,8.245802782235112,False,5.650312836777276,7.595489945457835,False
14241,0.20318801837611164,1.0,434.4814601229518,49.087176784554735,0.8851730108261109,test,43.45064406733789,3.690128813467579,False,5.1849747160323005,3.5051540974352786,False
14242,1.324058563990822,0.9251036222171435,194.80405561837074,141.1575722647866,0.4420757949352264,train,62.40234597008221,7.480469194016443,False,5.843315038323976,6.637154155692468,False
14243,5.256873318589913,0.9001937687791831,327.7320755131839,945.25799317741,0.0718051042407751,train,67.8743487345298,8.57486974690596,False,6.833680590461563,6.741189156444397,False
14244,0.21662801983579527,1.0,434.4814601229518,52.305160707111895,0.8850211501121521,train,46.29117348580912,4.258234697161823,False,5.196083113903263,4.062151583258561,False
14245,1.88159793064449,0.9244593820718638,642.5839024512759,657.3897032088024,0.2025619015097618,train,133.16210831491298,21.632421662982598,True,6.0583449773120375,20.574076685670562,True
14246,0.9175046703553363,1.0,434.4814601229518,217.22465519702845,0.4870166540145874,train,105.79202474352925,16.15840494870585,True,5.651024689904462,15.507380258801389,True
14247,1.7927735421697482,0.9254926251319445,157.50554855259801,155.71726931151815,0.2953673481941223,train,45.993796904573095,4.19875938091462,False,6.027035203178076,3.171724177736544,False
14248,1.0811360011788138,0.8973381949587625,367.7856095339823,219.39154506211165,0.423192435503006,train,92.84484228360252,13.568968456720505,True,5.732913899038078,12.836054557682427,False
14249,1.2828299042847644,0.5206321111838292,715.803387075745,507.58641335699383,0.5681755363941192,train,288.3981826754771,52.67963653509542,True,5.8254158594214775,51.85422067567394,True
14252,0.44481622074729016,1.0,434.4814601229518,106.54128978952978,0.7216819047927856,test,76.88892095438801,10.377784190877604,False,5.367982130602121,10.009802060275483,False
14253,0.4748473724070099,0.8030355139978451,207.7992228293965,54.68172471915339,0.8430354714393615,train,46.09863357772886,4.219726715545773,False,5.388554508103507,3.8311722074422665,False
14254,0.3729422561491189,1.0,434.4814601229518,89.53142129056626,0.7110795021057129,train,63.663958474112675,7.732791694822536,False,5.316956069200129,7.415835625622407,False
14256,1.0911993577652517,0.9514588705912405,501.87470321826635,303.2898673772171,0.3208343505859375,train,97.30580763926456,14.461161527852912,True,5.737737756774752,13.72342377107816,False
14257,1.8849352418216063,0.9786027025080015,534.776142986024,557.1035443398447,0.040101022273302075,train,22.340421640107643,-0.5319156719784717,False,6.059502453199162,-1.5914181251776336,False
14258,5.3913839413349125,0.9875374188939186,1417.3389017494694,4223.2040313071475,0.012173912674188613,train,51.41291708241453,5.2825834164829075,False,6.854950824178187,3.427632592304721,False
14260,0.5253023375255389,0.757295308241357,312.27708766857535,90.74042587816609,0.6423507690429687,train,58.28718234612649,6.657436469225299,False,5.422192644524733,6.235243824700566,False
14262,0.9549633347382653,1.0,434.4814601229518,225.92769429058254,0.4572018444538116,train,103.29455854285122,15.658911708570244,True,5.670371438651877,14.988540269918367,True
14263,0.38388551649578073,1.0,434.4814601229518,92.12521053115658,0.7110795021057129,train,65.5083488358788,8.101669767175762,False,5.324895134479092,7.776774632696671,False
14264,1.6268541768526232,0.9548862126539173,216.11073032960581,194.22103388604805,0.25138990581035614,train,48.825207415003604,4.765041483000722,False,5.965786999780372,3.7992544832203503,False
14265,0.5019888850718724,0.8305662831022321,562.4811998318963,156.4374502406033,0.6417334914207459,test,100.39115113186156,15.078230226372312,True,5.406790153229258,14.671440073143055,True
14266,0.37772777646945105,1.0,434.4814601229518,90.66587328634806,0.8109996438026428,train,73.52999094028382,9.705998188056766,False,5.3204356033440545,9.385562584712712,False
14267,0.8209858579841125,1.0,434.4814601229518,194.76036982242647,0.5882226228713989,train,114.56245556835135,17.91249111367027,True,5.599378034643987,17.313113079026284,True
14268,0.33288532587815045,1.0,434.4814601229518,80.02423992242926,0.8020402789115906,train,64.1826637070732,7.836532741414642,False,5.287346010397867,7.549186731016775,False
14269,0.3648535129376356,1.0,434.4814601229518,87.61326578203297,0.7183078169822693,train,62.93329368257945,7.586658736515892,False,5.311047106348887,7.275611630167004,False
14270,0.5485530798217685,1.0,434.4814601229518,130.9933963463701,0.6813801646232605,train,89.25630196704967,12.851260393409934,False,5.437320998062408,12.413939395347526,False
14271,0.9590330532041373,0.9387454263620963,170.30591074357991,89.87388139621275,0.5615399658679963,train,50.46777629165366,5.093555258330731,False,5.672451011308139,4.421104247022592,False
14272,0.9752312050959427,0.9446768587351683,241.3650774407525,130.13756936275993,0.42958075404167173,train,55.90459517600477,6.180919035200954,False,5.680685457372774,5.500233577828181,False
14273,2.185849829826882,0.919918700754912,165.04225310983998,195.54208899190607,0.4305866599082947,train,84.19781497051535,11.839562994103073,False,6.158719075984932,10.680843918118141,False
14274,0.20675102673928691,1.0,434.4814601229518,49.94057589716189,0.9100211501121521,train,45.44698031519849,4.089396063039699,False,5.1879316463882565,3.901464416651442,False
14275,1.2602541353890773,0.7337513334702055,262.3858368625464,182.6578974408546,0.5385205388069153,train,98.3650293471873,14.67300586943746,True,5.81547725624945,13.85752861318801,False
14276,1.1416587799473072,0.9371895323552863,345.26643527735297,218.1440170709612,0.28706775307655336,train,62.622112827654135,7.524422565530827,False,5.761580659591518,6.762841905939309,False
14277,1.3417787957803498,0.9693395058388534,3352.3671516162335,2491.2085232818877,0.15188405513763428,train,378.3748527094907,70.67497054189815,True,5.850910809724292,69.82405973217385,True
14278,0.40224855814563326,1.0,434.4814601229518,96.4744016209081,0.7309745192527771,train,70.52032934504264,9.10406586900853,False,5.3380770611623385,8.765988807846192,False
14279,0.43175293835232137,0.8134420866495075,144.92229075283242,34.71423755409129,0.8430354714393615,train,29.26533362207134,0.8530667244142682,False,5.358899524570026,0.4941671998442425,False
14280,1.4934797624457672,1.0,434.4814601229518,350.28389318463394,0.597990345954895,train,209.46638646790672,36.89327729358135,True,5.91367922984749,35.97959806373386,True
14281,0.40362779048933134,1.0,434.4814601229518,96.80090415991123,0.7379132986068726,train,71.43067449676784,9.286134899353568,False,5.339060163967602,8.947074735385966,False
14282,4.778593254071197,0.983582539059043,318.50224591669013,840.0081665647646,0.018114506825804712,train,15.21633366696913,-1.9567332666061739,False,6.7541602714135855,-3.7108935380197594,False
14283,0.6999661086493482,0.4789497665664171,152.43800192459454,58.91826529209899,0.7397073388099671,train,43.58227322651819,3.7164546453036387,False,5.530608314774826,3.185846330528813,False
14284,0.21945066571427269,1.0,434.4814601229518,52.980613110840146,0.8110046029090882,train,42.96752109783694,3.5935042195673894,False,5.19840048333669,3.3951037362306993,False
14285,0.7105138670508722,0.6589717977378882,409.5446502802313,161.26737400790768,0.613222622871399,train,98.89280207271202,14.778560414542405,True,5.536793832418663,14.241766582123741,True
14286,1.0265537616496625,0.9582619023579307,1362.2138886414077,775.0282125406608,0.23755615055561066,train,184.11271874315503,31.822543748631006,True,5.706336696045785,31.11620705258522,True
14287,1.4559950096184495,1.0,434.4814601229518,341.66688366193193,0.5990174412727356,train,204.6644224187999,35.93288448375998,True,5.89853197836852,35.03435250539146,True
14288,1.225753173558284,1.0,434.4814601229518,288.62068756352375,0.4311171889305115,train,124.4293394895778,19.88586789791556,True,5.800095363308337,19.085772534607223,True
14289,2.6390123737937605,0.9532234410268557,165.5136591935241,237.65232983175144,0.19500956684350967,test,46.34447789984074,4.268895579968149,False,6.291712318952288,2.9771832610158606,False
14290,0.9747102421516893,0.9040132184471004,684.6060899448981,369.8097235416345,0.3868783116340637,train,143.07136146964743,23.61427229392949,True,5.6804216747551175,22.933850619174372,True
14291,2.4989891913274294,0.97792194765806,647.3691566524633,894.9368856399605,0.018114506825804712,train,16.211340323589475,-1.7577319352821048,False,6.2524741243060244,-3.0102060595881293,False
14292,2.2875831558844077,0.975494885744598,783.0477194411001,989.1909844283507,0.018114506825804712,train,17.91870683945184,-1.4162586321096318,False,6.19015269174958,-2.6064113238592115,False
14293,1.5538626825283737,0.9287155253464542,329.93759797765955,283.83536039843824,0.2754639804363251,train,78.18641816393267,10.637283632786534,False,5.937606990514325,9.699676642272209,False
14294,0.40501653221701633,1.0,434.4814601229518,97.1296353025816,0.7030795097351075,train,68.28985636928886,8.657971273857772,False,5.340049069418985,8.317922204438787,False
14295,0.6772364861343425,0.8633562129198532,762.8283733684682,286.5220875907316,0.4563009440898895,train,130.74029907025684,21.14805981405137,True,5.51714749027195,20.63091232377942,True
14296,0.5584124202089175,0.8533300197019538,314.4661789274677,97.20194992458144,0.5882226228713989,train,57.17638593285167,6.435277186570335,False,5.443667623720959,5.991609562849376,False
14297,0.7476606165268853,1.0,434.4814601229518,177.65329740708373,0.597990345954895,train,106.23495677648984,16.24699135529797,True,5.558278103077777,15.688713252220191,True
14298,10.186555314040172,0.9935978314660959,1989.5742334343458,11193.682041592085,0.018114506825804712,train,202.76802974830744,35.55360594966149,True,7.414712638832501,33.13889331082899,True
14299,2.9450271632255793,0.5135665537506999,505.41058855475006,822.7584555161304,0.37827044129371645,test,311.2252040462232,57.24504080924464,True,6.372455839755902,55.87258496948874,True
14301,0.7514178431522847,0.8584590668536649,513.6679297621554,213.81520017474253,0.4572018444538116,train,97.75670389215323,14.551340778430646,True,5.560425655990761,13.990915122439885,True
14302,0.6767199766675256,0.8724942396680591,326.03737095840074,122.38213737400679,0.5385205388069153,train,65.90529455899207,8.181058911798415,False,5.5168394901672215,7.664219421631193,False
14303,0.6712850280774716,0.712994672511433,172.78196153079165,63.90122317368943,0.6925609827041626,train,44.25549391716836,3.851098783433672,False,5.5135928084230335,3.3375059750106386,False
14304,1.0111437464023458,0.9543555833827355,517.384590690704,289.13762551298674,0.30507936477661135,test,88.20992312451973,12.641984624903948,False,5.698703588296775,11.943281036607173,False
14306,1.0310506777602804,0.8726990677117201,264.43726319338026,150.9438248270665,0.4155437171459198,test,62.72375804886179,7.544751609772359,False,5.708553234409194,6.836198375363165,False
14307,1.904981669997233,0.9723584640138764,456.69018843256293,481.5198389008882,0.031157984957098962,train,15.00318789701859,-1.9993624205962819,False,6.066427080472344,-3.0657895010686262,False
14309,2.2577983297258752,0.9576010938059184,343.95162662251136,428.0101064498819,0.05441379956901073,train,23.289656145874822,-0.3420687708250352,False,6.1810516082412175,-1.5231203790662526,False
14310,0.3729422561491189,1.0,434.4814601229518,89.53142129056626,0.7110795021057129,train,63.663958474112675,7.732791694822536,False,5.316956069200129,7.415835625622407,False
14311,0.6248124556758471,0.9402427475029491,332.5938222735732,115.007836209876,0.6173507690429687,train,71.00017613013473,9.200035226026948,False,5.485392397229449,8.714642828797498,False
14312,3.9643337117083597,0.9839420686594558,199.93133910736356,435.64932413355376,0.018114506825804712,test,7.8915726556744685,-3.421685468865106,False,6.602279091454317,-5.023964560319423,False
14314,0.3753197360068338,1.0,434.4814601229518,90.09506013842393,0.7891638398170471,train,71.09976360738641,9.219952721477283,False,5.318686239364094,8.901266482113188,False
14315,1.2394456977789605,0.9690865655236708,404.65297127803166,277.39903016114295,0.2360052913427353,test,65.46763893137276,8.093527786274553,False,5.806228378895896,7.287299407378657,False
14316,0.9872964366760121,0.7659991885219797,335.54829965964893,183.21716808991323,0.4655351758003235,train,85.29403655637518,12.058807311275036,False,5.686775140502647,11.372032170772389,False
14318,0.34256681443529474,1.0,434.4814601229518,82.32395168749643,0.8163737654685974,train,67.20711442737635,8.441422885475271,False,5.2945833148293495,8.146839570645922,False
14319,0.3826379305981681,1.0,434.4814601229518,91.8295794882401,0.7110795021057129,train,65.29813166107476,8.059626332214954,False,5.323993218405693,7.735633113809261,False
14320,1.434424745005531,0.9703773042453685,290.5272252006779,230.625603878373,0.2716831386089325,train,62.65708790525677,7.531417581051356,False,5.889710484273549,6.6417070967778065,False
14321,1.1560192045540612,0.8589526808183253,329.9612638902375,210.13406382099694,0.3547278881072998,train,74.54041267862681,9.908082535725363,False,5.768263560499687,9.139818975225676,False
14322,0.9528361923712313,0.7807470905510089,140.17308739780813,73.91515877358502,0.6173507690429687,train,45.63158011280585,4.12631602256117,False,5.6692827735029265,3.4570332490582434,False
14323,0.9708235112346709,1.0,434.4814601229518,229.610162622949,0.44411808252334595,train,101.97402515197774,15.394805030395549,True,5.678451481408815,14.716353548986735,True
14324,0.46610242871495516,0.8967508352969641,356.813206463711,92.28844380615773,0.6515012145042419,train,60.126033224418244,7.025206644883649,False,5.382607470542768,6.642599174340882,False
14325,0.260129977776205,1.0,434.4814601229518,62.700873079127646,0.8297021389007568,test,52.023048504697094,5.404609700939419,False,5.231214872608315,5.173394828331104,False
14326,1.093805066642662,0.9463483109849669,328.3935087349229,198.29914427353162,0.41464281678199766,train,82.22331574703689,11.44466314940738,False,5.738983016731435,10.705680132675944,False
14327,1.226404975842728,0.8484229819190736,319.9435665430957,217.2064405789244,0.4050575613975525,test,87.9811111407415,12.596222228148303,False,5.800388166154611,11.795834061993691,False
14329,2.7035732748123213,0.9377735460075117,738.9288478777095,1104.7932977952155,0.05441379956901073,train,60.11600107141524,7.023200214283049,False,6.309298103562998,5.713902110720051,False
14330,0.23243085008425343,1.0,434.4814601229518,56.085062979954415,0.9135925769805908,test,51.238897217975286,5.247779443595057,False,5.208988519952427,5.0387909236426305,False
14332,0.7579162555960959,0.7595605984730666,501.0308665532627,209.03503805455986,0.597990345954895,test,125.00093472294088,20.00018694458818,True,5.564129161948651,19.43605778263953,True
14334,3.3863957945149283,0.9778358369728998,372.64279411299276,695.2247049039254,0.018114506825804712,train,12.593652662450223,-2.4812694675099554,False,6.478507886351754,-3.9597773538617096,False
14336,2.852314360611387,0.9530133487744006,304.2644954824343,471.4571109202746,0.13992232456803322,test,65.96737489409391,8.193474978818783,False,6.348674100318186,6.844800878500597,False
14338,0.6775065449156277,0.9496563722225737,553.72483479633,207.44370543444253,0.4572018444538116,train,94.84364474496032,13.968728948992062,True,5.517308491445137,13.451420457546925,False
14339,0.8954942065960235,0.933235698179596,331.9871078422691,163.74022283304785,0.5882226228713989,train,96.31570334440273,14.263140668880549,True,5.6394795995707545,13.623661069309794,False
14340,1.1645003189507008,1.0,434.4814601229518,274.4708930626608,0.597990345954895,train,164.1309442970895,27.826188859417904,True,5.772189535255259,27.053999324162646,True
14341,2.463214840868902,0.9763940241545679,340.86091794233863,464.5408964454367,0.018114506825804712,train,8.414929239526304,-3.317014152094739,False,6.242197302441632,-4.559211454536371,False
14342,1.2896576456059863,0.955582499070802,222.37631887853382,157.9824089394878,0.36166133284568786,train,57.13612858322767,6.427225716645536,False,5.8284023066545725,5.598823409990963,False
14343,0.9482174419333488,0.821088204523681,287.2682043649177,150.84309378002663,0.42228121161460874,train,63.6982044051257,7.7396408810251405,False,5.666914822160011,7.072726058865129,False
14344,6.147273998106351,0.9818500606935002,144.53223190955725,489.78328956017003,0.08948754295706748,train,43.82950316416954,3.765900632833908,False,6.966731025002119,1.7991696078317894,False
14346,1.1488484939891237,0.9107247807655907,441.0871731320491,279.418274119735,0.26007936596870423,train,72.67092757313027,9.534185514626055,False,5.764932114472022,8.769253400154032,False
14347,0.19008546729945078,1.0,434.4814601229518,45.947027175229216,0.9614406824111938,train,44.175341162118045,3.835068232423609,False,5.174025125804458,3.661043106619151,False
14348,0.8209858579841125,1.0,434.4814601229518,194.76036982242647,0.5568538665771484,test,108.45306499161354,16.69061299832271,True,5.599378034643987,16.091234963678723,True
14350,1.3966084307782645,0.9133046622601857,308.0532371077786,236.55483519165332,0.28706775307655336,test,67.90726501786231,8.581453003572463,False,5.874054584067929,7.707398419504534,False
14352,1.7336035792771234,0.9098297590347615,581.6418974799508,548.9439464777793,0.2616302251815796,train,143.62032832904634,23.72406566580927,True,6.005620731181976,22.718444934627293,True
14353,1.4514901336739283,0.9522042691811701,129.239048530895,103.14742439271187,0.4314875602722168,train,44.506830499574185,3.9013660999148367,False,5.896696057493232,3.004670042421605,False
14355,0.8390001626622113,0.8908295815380222,285.76678666714,132.70299157398597,0.4572018444538116,test,60.67205251216501,7.134410502433003,False,5.609222034073627,6.525188468359375,False
14358,0.7290929871410414,0.7598222293268982,201.69108429803148,80.99375914399975,0.6050197362899781,train,49.00282279843673,4.800564559687347,False,5.547596986134737,4.25296757355261,False
14361,0.25506350462531424,1.0,434.4814601229518,61.49165794629337,0.8843242883682251,train,54.3785666539382,5.87571333078764,False,5.227186172598616,5.648527158189024,False
14363,0.6852505475535301,0.766625900639182,200.64163230875025,75.80361862661361,0.6925609827041626,train,52.49862860857908,5.4997257217158175,False,5.521914245660737,4.977811476055081,False
14364,4.843090741940493,0.9592689475305582,692.9281176504674,1802.9644495022246,0.16521738916635514,train,297.8810791065123,54.57621582130246,True,6.765259893477467,52.81095592782499,True
14365,0.47834209841259073,0.9012103212225985,332.5282315242438,88.2470612248478,0.622990345954895,train,54.977067201970726,5.995413440394145,False,5.390921256103539,5.604492184290606,False
14366,0.2881121254739602,1.0,434.4814601229518,69.37246051901793,0.8430354714393615,test,58.48344495855878,6.696688991711756,False,5.253177677832598,6.443511313879158,False
14367,5.09686375795124,0.9747143008332174,765.217348588824,2113.030944476659,0.031157984957098962,train,65.83778638188835,8.167557276377671,False,6.807774500924203,6.359782775453469,False
14368,0.5811038306955103,1.0,434.4814601229518,138.64444581804423,0.7456257104873657,train,103.37686341820631,15.675372683641264,True,5.458123230135095,15.21724945350617,True
14369,0.25563523028407065,0.46463656339457476,323.7226734266783,45.89739028596608,0.8430354714393615,train,38.69312805756579,2.7386256115131573,False,5.2276416041170926,2.5109840073960648,False
14370,0.9829932755441423,0.6522298663687532,240.33483741106815,130.71568718929603,0.597990345954895,train,78.16671900405896,10.633343800811794,False,5.6846074584800395,9.948736342331754,False
14371,0.6594117526723668,1.0,434.4814601229518,157.01256930040515,0.7708695292472839,train,121.03620538250986,19.207241076501973,True,5.506463173706013,18.70077790279596,True
14372,0.5243823491156036,0.8449400537912086,299.3639088942124,86.94751065387709,0.5568538665771484,train,48.41705749686926,4.683411499373854,False,5.421589311044474,4.26182218832938,False
14373,0.4871840341000729,1.0,434.4814601229518,116.54116556989874,0.7850553154945373,train,91.49126150457796,13.298252300915593,False,5.396884421824217,12.901367879091374,False
14374,0.27726577175357986,1.0,434.4814601229518,66.78780968615501,0.8850211501121521,train,59.10862414191244,6.821724828382489,False,5.244721677364378,6.577003151018111,False
14375,1.0899612448457703,0.9633283881172624,388.0132550723841,233.54256698138713,0.28706775307655336,train,67.04253995107726,8.408507990215453,False,5.737145522668799,7.671362467546654,False
14376,0.20784444087127169,1.0,434.4814601229518,50.202423442054005,0.9824472308158875,train,49.32123189089255,4.86424637817851,False,5.18883731710734,4.6754090610711705,False
14377,1.9417239523909413,0.9474920121961465,326.1905253702215,344.32249971101896,0.31203401684761045,train,107.44033267583944,16.48806653516789,True,6.07899578786224,15.409070747305648,True
14378,0.23335105154787095,1.0,434.4814601229518,56.30504269419775,0.9335925817489624,train,52.56597017436163,5.513194034872328,False,5.209734896998772,5.303459137873555,False
14379,1.1985513791043774,0.9079326424314624,363.30759624552667,239.9487178667937,0.2716831386089325,train,65.19002077523974,8.03800415504795,False,5.787798679438145,7.250205475609805,False
14381,0.3517753653810352,1.0,434.4814601229518,84.51019122811925,0.6528692960739135,train,55.17410905817404,6.034821811634808,False,5.3014188139502565,5.733402997684552,False
14382,0.43018149742183853,1.0,434.4814601229518,103.08261445744317,0.597990345954895,train,61.6424082813415,7.328481656268302,False,5.357801357492006,6.970680298776296,False
14384,0.3068713102917642,1.0,434.4814601229518,73.83874120549096,0.8842542767524719,train,65.29222270097436,8.058444540194873,False,5.267635967890617,7.790808572304257,False
14386,0.6557281806823201,1.0,434.4814601229518,156.14969105557626,0.7257306933403015,train,113.32262355463723,17.66452471092745,True,5.50424090039023,17.16028381053722,True
14388,3.3123984916842875,0.9816500431615978,403.3053159524283,738.1022842665819,0.012173912674188613,train,8.985592753280509,-3.202881449343898,False,6.461494243920286,-4.6643756932641836,False
14389,1.353945509990791,0.9691604758742951,320.74281787965765,239.9207771875746,0.2754639804363251,test,66.08953227346596,8.217906454693193,False,5.856092860732782,7.36181359396041,False
14390,3.1836593345610176,0.9639485267883618,374.84187923626286,654.2345850218862,0.07895913943648339,test,51.65779982291296,5.331559964582594,False,6.431186302453732,3.900373662128862,False
14391,0.25617224209207956,1.0,434.4814601229518,61.756313795278274,0.8850211501121521,train,54.65564386178414,5.9311287723568284,False,5.2280691940674355,5.703059578289393,False
14392,0.3729422561491189,1.0,434.4814601229518,89.53142129056626,0.7379132986068726,train,66.06642641348333,8.213285282696667,False,5.316956069200129,7.8963292134965375,False
14393,1.1645003189507008,1.0,434.4814601229518,274.4708930626608,0.6458616375923156,train,177.27022046487545,30.45404409297509,True,5.772189535255259,29.68185455771983,True
14394,0.26303271234321135,1.0,434.4814601229518,63.39349302169842,0.8850211501121521,train,56.10458210369022,6.220916420738044,False,5.233515743542214,5.98740067719583,False
14395,5.297957575078838,0.9676775288086515,385.1389729436393,1124.2480246658881,0.018114506825804712,train,20.365198516707693,-0.9269602966584616,False,6.840225386403182,-2.7671856830616433,False
14396,1.1960054646274305,0.8795158121121514,279.56452520470344,185.21906523645026,0.28706775307655336,test,53.17042088436733,5.634084176873467,False,5.786640012090195,4.847444164783272,False
14397,2.8979366596584533,0.9366099620295056,141.18361804101664,220.55013834350842,0.35913394689559935,test,79.20704167167465,10.841408334334929,False,6.360447351507079,9.480960982827849,False
14398,0.6182546906884918,0.848090231609786,292.4522836835533,99.95505563261672,0.5882226228713989,train,58.795824993474405,6.759164998694882,False,5.481348217057228,6.277816781637654,False
14399,1.489046405345586,0.599003615425484,242.41617409304567,199.5080064454569,0.5681755363941192,train,113.35556857706888,17.671113715413778,True,5.911899667384248,16.75921404802953,True
14400,0.5146237897406895,0.8839909698978452,489.4049062345027,139.59569310467253,0.5051337063312531,train,70.51448984584339,9.102897969168678,False,5.415167084520416,8.687730884648262,False
14401,2.695057242382138,0.8499293986371425,271.2682566548416,404.2671043873004,0.1834057942032814,train,74.14492935041369,9.82898587008274,False,6.306996046129189,8.52198982395355,False
14402,0.2198599210393872,1.0,434.4814601229518,53.07853602210457,0.8850211501121521,train,46.975626996552286,4.395125399310457,False,5.198736033332806,4.196389365977651,False
14403,1.2197442589453034,0.9628382660881384,403.6746354775912,272.36178120827793,0.28706775307655336,train,78.18628455538818,10.637256911077637,False,5.797391990575025,9.839864920502613,False
14404,2.47908279735425,0.9528666375339787,222.62537976298364,305.2445562634304,0.0718051042407751,train,21.918117181424762,-0.6163765637150478,False,6.24676869506863,-1.8631452587836774,False
14405,0.4365649026531728,1.0,434.4814601229518,104.59151932274436,0.7656313896179199,train,80.07855028132228,11.015710056264457,False,5.3622547795186755,10.653455276745781,False
14407,1.755804666371886,0.9391201977948558,607.4518573413447,580.8531755199749,0.2493443727493286,train,144.83247070948383,23.966494141896767,True,6.013709474867431,22.952784667029334,True
14408,1.920222018099422,0.9801388832288223,379.3481466803048,403.172142706837,0.15188405513763428,test,61.23541995284339,7.247083990568678,False,6.071659646985475,6.175424343583202,False
14409,1.6466758730902058,0.8811239302680894,362.4175120744065,329.27096220840116,0.2654639810323715,train,87.40958046620172,12.481916093240343,False,5.973304465082444,11.5086116281579,False
14410,3.626905346473494,0.9695474516452256,313.0065050874644,622.4694480916934,0.018114506825804712,train,11.275727066311871,-2.7448545867376257,False,6.5318882529344435,-4.276742839672069,False
14411,0.6081799783207076,1.0,434.4814601229518,145.0014322984572,0.7030795097351075,train,101.94753593128766,15.389507186257532,True,5.475103091309796,14.914404094947736,True
14412,0.3826379305981681,1.0,434.4814601229518,91.8295794882401,0.6278692960739136,test,57.65697343204481,6.531394686408962,False,5.323993218405693,6.207401468003269,False
14413,0.7621926939466076,0.9070293204685242,177.69529695206182,75.06026868993918,0.4655351758003235,train,34.94319538019035,1.988639076038071,False,5.566558882457677,1.4220801935803937,False
14414,0.8571280885034526,0.7390019409080492,256.2953831153375,120.64767032994871,0.4753188967704773,train,57.34611755915947,6.469223511831894,False,5.6190312560303095,5.850192255801584,False
14415,4.313924936654528,0.9862845872451035,568.0657761096269,1354.4051643369048,0.0,train,0.0,-5.0,False,6.670330721655342,-6.670330721655342,False
14417,0.4349513177684019,1.0,434.4814601229518,104.21014420454426,0.597990345954895,train,62.31666018488492,7.463332036976984,False,5.361130923736054,7.10220111324093,False
14419,1.6623594065946345,0.9216591952624694,181.353392314463,165.3189291158366,0.32311171293258667,train,53.41648236679884,5.683296473359768,False,5.9792127246064295,4.704083748753338,False
14420,0.74113658630198,0.8850376742344042,426.2971151582024,175.1045238778983,0.4572018444538116,train,80.0581112891816,11.011622257836319,False,5.554538110495686,10.457084147340632,False
14421,1.422724242975147,0.9691653738796058,291.9277776644952,229.86622612037812,0.2360052913427353,train,54.24964566539491,5.849929133078982,False,5.884892627258353,4.965036505820629,False
14422,3.779801243507911,0.9258528200484581,460.23542757630713,961.5332050063614,0.031157984957098962,train,29.95943713733936,0.9918874274678728,False,6.564398964782772,-0.5725115373148988,False
14423,0.797645772756134,0.9574689656622172,345.6388154433866,152.80624975692746,0.4572018444538116,train,69.86329923293704,8.972659846587408,False,5.5864779048247755,8.386181941762633,False
14425,0.6742004018645874,0.8692457608534001,240.43703846950248,89.91499994925444,0.5882226228713989,train,52.890037105632146,5.578007421126429,False,5.51533567927759,5.062671741848839,False
14426,2.73623536991028,0.9235199075265467,1021.9303194643425,1543.939466413616,0.08939392194151878,test,138.01880414300894,22.60376082860179,True,6.318078518893464,21.285682309708324,True
14427,0.47050823745980275,0.8082170780957504,328.3468212544497,85.6283454221711,0.6708616375923157,train,57.44477203423816,6.488954406847633,False,5.385608080804997,6.103346326042636,False
14428,1.3184742389857678,0.9212017898815033,182.39920515131683,131.61149788606,0.44126041531562804,test,58.074944217514734,6.614988843502948,False,5.840909313718324,5.774079529784624,False
14429,0.4106685908275494,1.0,434.4814601229518,98.46731041664057,0.6813801646232605,train,67.09367218170024,8.41873443634005,False,5.344063769895145,8.074670666444904,False
14430,0.46223676344138576,0.757110895117956,558.176806907109,142.93214617136542,0.6423507690429687,train,91.81257401413859,13.362514802827718,False,5.379967293114277,12.982547509713442,False
14431,1.0835768104414203,0.933426348131648,674.7016046509182,404.82759065070644,0.3805625200271606,train,154.06220807455665,25.812441614911332,True,5.734086037263432,25.0783555776479,True
14433,0.3376565845822887,1.0,434.4814601229518,81.15774414996375,0.7817119121551513,train,63.44197536566671,7.688395073133343,False,5.290919265520452,7.39747580761289,False
14435,0.30607410339014884,1.0,434.4814601229518,73.64903877456038,0.8430354714393615,train,62.088752124367325,7.417750424873466,False,5.267025769972071,7.150724654901395,False
14436,0.26965273725684985,1.0,434.4814601229518,64.97261931774895,0.8430354714393615,train,54.77422275718865,5.954844551437731,False,5.238743427849444,5.716101123588286,False
14437,1.4336080866174852,0.7941402986267585,142.96681866169862,113.13929284954528,0.5796570181846619,train,65.58198513268866,8.116397026537733,False,5.889374965420676,7.227022061117057,False
14438,0.6210439952348767,1.0,434.4814601229518,148.01943509618604,0.745561146736145,test,110.35753976954886,17.071507953909773,True,5.483070383184048,16.588437570725723,True
14439,1.3556366738823151,0.9170726499218963,1666.3034182752,1250.0960147441824,0.28706775307655336,test,358.8622540825664,66.77245081651328,True,5.856811040774318,65.91563977573897,True
14440,2.2456456645254526,0.8887133420300433,483.0399220884143,600.1623231484912,0.2009523794054985,train,120.604046866221,19.1208093732442,True,6.177314302482511,17.94349507076169,True
14441,2.306973580754007,0.9545216820077426,412.9810046264119,526.7259532632827,0.05441379956901073,train,28.66116044866438,0.732232089732876,False,6.196033445081747,-0.46380135534887135,False
14442,1.7395351677836524,0.9739396617351259,885.805049967232,852.4134054754514,0.0718051042407751,test,61.207633436398886,7.241526687279778,False,6.007788259214046,6.233738428065732,False
14443,1.485365974971672,0.814282870228061,317.0723342943892,258.2189584458914,0.37465608716011045,test,96.74330460189684,14.34866092037937,True,5.910419922335347,13.438240998044023,False
14444,0.346599191335169,1.0,434.4814601229518,83.28142942991195,0.7681230545043946,train,63.97038595719615,7.79407719143923,False,5.297582296605448,7.496494894833782,False
14445,0.3476221851387585,1.0,434.4814601229518,83.52430326685902,0.75689857006073,train,63.21942570800436,7.643885141600872,False,5.298341695117897,7.345543446482975,False
14446,1.0274872966947821,0.9269901724727616,326.67425714653155,184.46822069385223,0.3508343517780304,test,64.71778863077431,7.943557726154863,False,5.706797241485846,7.236760484669016,False
14447,1.6207247304572736,0.9590796396253207,313.7521171982184,279.1475648399009,0.1834057942032814,test,51.197280829374016,5.239456165874804,False,5.963450894200568,4.2760052716742365,False
14448,0.4753704084844562,1.0,434.4814601229518,113.75475727270994,0.7656313896179199,train,87.09421288635409,12.41884257727082,False,5.388909082661572,12.029933494609248,False
14449,2.452792269966736,0.9335004025268179,376.2381922249714,506.536308500683,0.1316616103053093,test,66.69138605530685,8.33827721106137,False,6.239183257306795,7.099093953754576,False
14450,1.9833196851138386,0.9566029004550433,155.9433265416948,170.76900647269144,0.34679592251777647,train,59.22199513714117,6.844399027428235,False,6.093036668786013,5.751362358642222,False
14451,3.304990080850697,0.9845527985473279,289.6130701462059,528.8803065489495,0.031157984957098962,train,16.47884463555806,-1.7042310728883883,False,6.459774833777318,-3.164005906665706,False
14452,0.6297025767220551,0.8512200268698598,302.74183248471337,105.36844894860056,0.5882226228713989,train,61.98010540843692,7.396021081687385,False,5.488397529900633,6.907623551786752,False
14453,1.6186524260324557,1.0,434.4814601229518,379.02352763175935,0.5462701857089997,train,207.04925282748135,36.40985056549627,True,5.962659844245206,35.44719072125106,True
14454,1.1935059157839791,0.8720545168383763,224.36948724399605,148.32950123309467,0.4314875602722168,train,64.0023346034628,7.8004669206925605,False,5.785501138581507,7.014965782111053,False
14455,0.6548040688119797,0.3752538985078196,151.18635326561918,54.52975473050601,0.7124559998512268,train,38.850050928164826,2.770010185632966,False,5.503682614395896,2.2663275712370696,False
14457,0.6081799783207076,1.0,434.4814601229518,145.0014322984572,0.7656313896179199,train,111.0176481072565,17.203529621451302,True,5.475103091309796,16.728426530141505,True
14458,0.4465041414038914,1.0,434.4814601229518,106.94004983997758,0.7030795097351075,train,75.18735781253939,10.037471562507879,False,5.369149708481382,9.668321854026496,False
14459,0.22027070675691052,1.0,434.4814601229518,53.17682234058282,0.8297070980072021,test,44.12118694544952,3.8242373890899053,False,5.199072724915399,3.6251646641745063,False
14460,1.8182314324537683,0.9160934323353846,101.16921712999451,101.79725626629015,0.34590643644332886,train,35.212326154780754,2.042465230956151,False,6.036109536596048,1.0063556943601029,False
14461,2.8812252198069044,0.9454515096042075,557.5047958356134,887.6854729211582,0.018114506825804712,train,16.079984558398003,-1.7840030883203992,False,6.356150882088456,-3.1401539704088552,False
14462,3.1592704031176915,0.9780556163849266,231.37002808324686,400.88099419696,0.0718051042407751,train,28.78530157645827,0.7570603152916542,False,6.425339675025684,-0.6682793597340302,False
14463,0.7409854592809477,0.9473909425642598,173.25749446343414,70.90729437855066,0.6173507690429687,train,43.77467271535442,3.7549345430708847,False,5.554451308816049,3.2004832342548353,False
14464,0.38278910446499753,0.652452818856781,120.03060138206044,25.4648033946584,0.8614230155944824,train,21.93596773174725,-0.61280645365055,False,5.324102549706113,-0.9369090033566634,False
14465,2.8695679163274836,0.9595395360123943,405.2983580191651,642.877504810115,0.031157984957098962,test,20.03076762413088,-0.9938464751738234,False,6.353142851280636,-2.3469893264544597,False
14466,2.8270146323876957,0.9854142425521781,349.0410555224711,545.7154261908614,0.018114506825804712,train,9.885365812681286,-3.022926837463743,False,6.342085029897896,-4.3650118673616385,False
14467,2.2629911346074914,0.8955791347409131,209.7710196489446,262.6468211067992,0.1934587076306343,train,50.81131457461578,5.162262914923156,False,6.1826443006621945,3.9796186142609615,False
14468,0.19100922503223405,1.0,434.4814601229518,46.16851199903338,0.9135925769805908,train,42.179209852556234,3.4358419705112464,False,5.17480103596217,3.2610409345490767,False
14469,0.9674057601597035,0.8217308311705889,548.9342081334017,294.00991751941115,0.4420757949352264,train,129.97466800623403,20.994933601246807,True,5.676715801895275,20.31821779935153,True
14470,0.8675511327808548,0.909894572643769,322.24688156674983,153.9914470804416,0.5484078168869019,train,84.45011331263986,11.890022662527972,False,5.624628017987807,11.265394644540166,False
14471,0.37199160350502736,0.7639411344089164,235.7326832003514,48.69236798072987,0.8430354714393615,train,41.049393396133475,3.209878679226696,False,5.316263409390672,2.8936152698360242,False
14472,1.7497836840509369,0.9779821382250954,297.4534052637688,287.9205840282631,0.15188405513763428,train,43.73054585980857,3.746109171961715,False,6.011522248239479,2.7345869237222358,False
14473,0.7113798771745475,1.0,434.4814601229518,169.17468669809557,0.7646109819412231,train,129.35282331582962,20.870564663165926,True,5.537299990825028,20.333264672340896,True
14474,0.2545127304432247,1.0,434.4814601229518,61.360181042226294,0.7319949269294739,test,44.915341238383725,3.983068247676746,False,5.226747234595271,3.7563210130814753,False
14475,1.5826281317200177,0.9627861378517618,323.2757792624014,280.9856885099633,0.31706775426864625,test,89.09150123748343,12.818300247496687,False,5.948807536161307,11.86949271133538,False
14476,0.8386209039309608,1.0,434.4814601229518,198.86926101776425,0.5882226228713989,train,116.97939832436613,18.395879664873227,True,5.609015781865622,17.786863883007605,True
14477,1.400192832882436,0.9752581675285383,263.85985316118393,204.52864786230458,0.2716831386089325,test,55.56698498667204,6.113396997334409,False,5.875549081160598,5.237847916173811,False
14478,0.9477998439042257,0.8890110316400346,338.4739895771552,177.81085479772267,0.4420757949352264,train,78.60587498281537,10.721174996563073,False,5.66670045040543,10.054474546157643,False
14479,1.0265452705706093,0.9551725674933332,268.6549775330542,152.84396009526532,0.3505625188350677,test,53.58136363972279,5.716272727944558,False,5.706332506126424,5.009940221818134,False
14480,0.7103599201796763,0.8879534343716116,365.8259155898395,144.0963856621196,0.4655351758003235,train,67.08193623140606,8.416387246281213,False,5.536703828004075,7.879683418277137,False
14481,1.1102065179456815,0.9397017697878416,510.953038280761,314.046771855287,0.3204639792442322,train,100.64067817755081,15.128135635510162,True,5.746785818502092,14.38134981700807,True
14482,2.2490274581557865,0.9461948157912751,493.8751199811654,610.6605853712372,0.15188405513763428,train,92.74960601890501,13.549921203781004,True,6.17835570791496,12.371565495866044,False
14483,0.4534559230853535,0.9372534369460269,190.62264534857732,47.9995036068511,0.7319949269294739,train,35.13539313534799,2.0270786270695984,False,5.373944115882312,1.6531345111872868,False
14484,0.7070367172612564,0.8896484112163336,184.26815549115446,72.24747073226729,0.4572018444538116,train,33.03167687591537,1.6063353751830753,False,5.534758953400102,1.0715764217829733,False
14486,0.4488099227948278,0.6544912246793712,142.1674792809685,35.30039535734184,0.8430354714393615,train,29.759485442072528,0.9518970884145057,False,5.370742476538507,0.5811546118759985,False
14487,0.8085472061449221,0.7105959338016186,180.78403294906352,80.30294296497861,0.6423507690429687,train,51.58265716996767,5.316531433993534,False,5.592523874444208,4.724007559549326,False
14489,1.2887835725082044,0.9650920180910993,378.75657793177993,269.8368426999209,0.1934587076306343,test,52.20228685985746,5.440457371971492,False,5.828020485389752,4.61243688658174,False
14490,0.6713793321789174,0.6996764931934784,731.1642094215747,270.37633529213656,0.4314875602722168,test,116.66402527054687,18.332805054109375,True,5.513649232934325,17.819155821175052,True
14491,0.46048425696745904,1.0,434.4814601229518,110.24156892184914,0.7758354663848877,train,85.52931903948456,12.105863807896913,False,5.378768063580072,11.727095744316841,False
14492,0.8511399900047661,0.3552020850566732,289.91884851200615,136.2463684893462,0.6675609827041626,train,90.9527596386214,13.190551927724282,False,5.6158016601236955,12.574750267600587,False
14493,1.2679330238337692,0.7890215652500449,532.3393620120039,373.1581786047635,0.32561737298965454,train,121.50678582688741,19.301357165377482,True,5.818868854491967,18.482488310885515,True
14494,0.44170871494720054,0.9056320183019113,199.23143119815276,48.86398266538262,0.7030795097351075,train,34.355264976082005,1.8710529952164014,False,5.365829017727766,1.5052239774886358,False
14495,0.21702679807157704,1.0,434.4814601229518,52.40059537209681,0.8850211501121521,train,46.37563518277463,4.275127036554926,False,5.196410833542398,4.078716203012528,False
14496,2.065424150671311,0.8858483565032466,274.1353161581582,312.7020567880646,0.28706775307655336,train,89.7666768245665,12.9533353649133,False,6.120185945024693,11.833149419888606,False
14497,0.49985166979490986,0.9284347332505636,467.96493004722623,129.75477983396615,0.622990345954895,train,80.8359751780638,11.16719503561276,False,5.405366216415148,10.761828819197612,False
14498,2.719727423963019,0.9805042059412742,329.75470275783874,494.0927202630132,0.08939392194151878,train,44.16888606706448,3.833777213412896,False,6.313650392472228,2.5201268209406678,False
14499,2.1450168877102547,0.8998992892267546,273.60210557870465,322.6434854726356,0.17688405364751816,train,57.07048759336392,6.414097518672785,False,6.145819259839182,5.268278258833603,False
14500,1.6416109612261767,1.0,434.4814601229518,384.2892118072323,0.4572018444538116,train,175.6977364419681,30.139547288393622,True,5.971388943639902,29.16815834475372,True
14501,0.5811038306955103,1.0,434.4814601229518,138.64444581804423,0.7758354663848877,train,107.56527828291664,16.51305565658333,True,5.458123230135095,16.054932426448236,True
14502,3.8428299424983123,0.903636529515632,237.76123339126138,497.11793758316094,0.17688405364751816,train,87.93223594060342,12.586447188120683,False,6.57749924872205,11.008947939398634,False
14504,2.6023360040877948,0.8803416357684326,221.15094703300136,312.72284919999817,0.2716831386089325,train,84.9615251853834,11.99230503707668,False,6.281582525048349,10.71072251202833,False
14505,3.672111477053534,0.9832037259653911,685.6555680787973,1392.0189766289152,0.0,train,0.0,-5.0,False,6.5416111059119695,-6.5416111059119695,False
14506,1.2802410912368531,0.9337021710010934,390.61462899870196,276.3482977381522,0.2716831386089325,train,75.07917287873695,10.015834575747391,False,5.824281179146632,9.19155339660076,False
14507,1.9165415896684608,0.973525198139968,383.95281579117574,407.2607446569696,0.10831217467784882,train,44.111296914716476,3.8222593829432956,False,6.070398527239647,2.751860855703649,False
14508,0.620345106393997,0.8777928953307877,293.89528016881565,100.82604283069243,0.49690393209457395,train,50.100857140106996,5.020171428021399,False,5.482639155195184,4.5375322728262155,False
14509,0.28190877154634286,1.0,434.4814601229518,67.89443069187604,0.8666336059570312,test,58.83959529490026,6.767919058980054,False,5.248350194926116,6.519568864053937,False
14510,0.7558279433111084,0.8078247513232754,492.8730171053319,205.25547095922138,0.528195583820343,train,108.41503331562541,16.683006663125084,True,5.562940508243286,16.120066154881798,True
14512,1.9210508923253093,0.9805620365031347,186.19964145494455,197.97884356965537,0.2654639810323715,train,52.55625197418584,5.51125039483717,False,6.071943446165607,4.439306948671563,False
14513,1.8065618901910605,0.9688178144429878,112.26604511050019,111.90370002967127,0.41024417281150816,train,45.90784085321963,4.181568170643926,False,6.031960207603451,3.1496079630404754,False
14514,2.2277297882599107,0.9791403308116379,423.8414512272385,522.3980777733623,0.018114506825804712,train,9.46298354561283,-3.107403290877434,False,6.171779038186433,-4.279182329063866,False
14515,2.7153965872811607,0.9789425157933387,371.7417606595169,556.1178790182752,0.0718051042407751,train,39.93210227306601,2.986420454613202,False,6.312485425441387,1.6739350291718154,False
14516,0.2945949584343034,1.0,434.4814601229518,70.91648888336087,0.8133147358894348,test,57.677425426376686,6.535485085275338,False,5.258197872817893,6.277287212457446,False
14519,0.26070137560967416,0.5319357474089808,143.96302604387984,20.83943110359222,0.9050211548805237,train,18.860126004426135,-1.2279747991147727,False,5.231668213402008,-1.4596430125167807,False
14520,0.6784710644983474,1.0,434.4814601229518,161.4754827025583,0.718791913986206,train,116.06727127361839,18.21345425472368,True,5.517883298384594,17.695570956339086,True
14521,0.31423778667209096,1.0,434.4814601229518,75.59124375553978,0.8204822897911072,train,62.02127676470301,7.404255352940602,False,5.273256867672217,7.130998485268385,False
14522,1.444745783857442,0.9722540962929037,224.59461835070186,179.55863555561086,0.2953673481941223,test,53.035758029415625,5.607151605883125,False,5.89394114363874,4.713210462244385,False
14524,2.634360524775597,0.9403958621259647,280.70439954496754,405.4564306704208,0.11969987973570824,train,48.53308598931889,4.706617197863778,False,6.29043317385212,3.416184024011658,False
14525,3.716686381913959,0.9887068064621863,444.3910835454025,913.0784328559155,0.012173912674188613,train,11.115737106272906,-2.7768525787454186,False,6.551106515323488,-4.327959094068906,False
14526,0.43175974579929494,1.0,434.4814601229518,103.45572209674283,0.7030795097351075,train,72.73759837106948,9.547519674213897,False,5.358904279182786,9.18861539503111,False
14527,26.662966016187102,0.9980576228341989,234.79527355298995,3456.941906484735,0.018114506825804712,train,62.62079776142808,7.524159552285617,False,8.32009455173096,4.204065000554657,False
14530,3.9683535891744834,0.9886743667046557,378.6566999057924,829.9908190989634,0.012173912674188613,train,10.104235752089059,-2.979152849582188,False,6.603088515442775,-4.582241365024963,False
14531,0.32462888129336837,1.0,434.4814601229518,78.0620493566346,0.7608129143714905,train,59.39061527283231,6.878123054566462,False,5.2811323306158595,6.5969907239506025,False
14532,3.2027425429452343,0.9656139213989683,358.643894884245,634.7818201468409,0.031157984957098962,test,19.778522403175167,-1.0442955193649666,False,6.435737298601989,-2.4800328179669555,False
14533,1.4452046283464224,0.8465530733503194,372.0863006571062,297.0571195467148,0.3204639792442322,train,95.19610659276981,14.039221318553963,True,5.894128812000031,13.145092506553933,False
14534,5.761928795675757,0.9906580180814568,207.97709249315085,660.792763391224,0.005940594151616097,train,3.9255016256321444,-4.214899674873571,False,6.911308174161598,-6.126207849035169,False
14535,2.1482355867074294,0.9567665948040357,570.921031888672,677.6777814638622,0.05441379956901073,train,36.875022972946454,2.3750045945892913,False,6.1468421647014635,1.2281624298878278,False
14536,0.8267807557690233,1.0,434.4814601229518,196.1107819807631,0.6675609827041626,test,130.91590633796002,21.183181267592005,True,5.60255526787921,20.580625999712794,True
14537,0.23243085008425343,1.0,434.4814601229518,56.085062979954415,0.8850211501121521,train,49.63646694263174,4.9272933885263495,False,5.208988519952427,4.718304868573923,False
14538,1.1132707150973344,0.9523225775535731,227.31951350747966,140.11998675154638,0.3711640238761902,train,52.00749810818241,5.401499621636482,False,5.74823684926192,4.653262772374562,False
14540,2.2894265850213675,0.8987966653474183,351.8113339357559,445.5920981561481,0.15840579569339752,train,70.58437086311513,9.116874172623026,False,6.190713259319906,7.926160913303121,False
14541,3.226040073131479,0.9776168302954671,189.45438074061482,337.78516992472896,0.05876162610948086,train,19.848805860444383,-1.0302388279111234,False,6.441265401669369,-2.4715042295804928,False
14542,1.7404486417821514,1.0,434.4814601229518,406.9396229818044,0.6173507690429687,test,251.2244892018727,45.24489784037454,True,6.008121644873094,44.23677619550145,True
14543,8.283741272947877,0.9928902154793023,467.0454679623606,2137.5620926248826,0.018114506825804712,train,38.72088311743484,2.7441766234869682,False,7.228264619965691,0.5159120035212776,False
14544,0.7272516277467307,0.8596238334865568,981.5404973018882,393.85403316183766,0.42228121161460874,train,166.3171583228811,28.263431664576224,True,5.546531490778409,27.716900173797814,True
14545,0.2111952399072099,1.0,434.4814601229518,51.00473734161836,0.8850211501121521,test,45.14027130324731,4.028054260649462,False,5.191607673629925,3.8364465870195374,False
14546,2.202747243721758,0.9791952151810094,420.3371877531794,512.3395248883846,0.018114506825804712,train,9.280777820720186,-3.1438444358559625,False,6.164008955156661,-4.307853391012624,False
14548,1.2678432603416687,0.9263750192951229,406.2161764335921,285.27191464915245,0.28706775307655336,train,81.8923675541785,11.3784735108357,False,5.81882927428056,10.55964423655514,False
14549,0.9975038973662396,0.9341373446074016,216.0888396840162,119.46859264796849,0.3663851797580719,train,43.7715217927698,3.754304358553961,False,5.691898349778412,3.0624060087755494,False
14550,0.6802599828946974,0.8335214065746166,322.68961912472787,121.17503472740356,0.6167334914207458,train,74.73270224046172,9.946540448092344,False,5.518948533165389,9.427591914926955,False
14551,1.133854891985421,0.9665278598841825,237.2426337690857,148.93418342378095,0.3645958423614502,train,54.30078406180815,5.86015681236163,False,5.757930152435167,5.102226659926464,False
14552,0.5608214974469414,0.8905924150041421,217.58864216691381,67.5766720424031,0.5882226228713989,train,39.75012727370269,2.950025454740538,False,5.445212283583362,2.504813171157176,False
14553,2.062015306624971,0.962377589924243,210.50141107096556,239.0144942147317,0.09874695762991906,train,23.601954133158646,-0.2796091733682706,False,6.119073296120767,-1.3986824694890378,False
14555,1.3038085540110729,0.934227377310743,469.8382271884364,339.2350858623166,0.28706775307655336,train,97.38345386322689,14.47669077264538,True,5.834563646504102,13.642127126141279,False
14556,0.38396652612591287,0.4561365228607473,261.15573375482586,55.57402377946491,0.732461678981781,train,40.705842765280295,3.14116855305606,False,5.324953670577777,2.816214882478283,False
14558,0.27009095371561875,0.3448779960431338,200.2340298314874,29.996174130035296,0.81611328125,train,24.480276094209472,-0.10394478115810557,False,5.23908851500503,-0.34303329616313594,False
14559,0.43018149742183853,1.0,434.4814601229518,103.08261445744317,0.7850553154945373,train,80.9255544148898,11.185110882977963,False,5.357801357492006,10.827309525485957,False
14560,7.698354322356185,0.990329222132532,188.29651902050887,800.9179469447764,0.031157984957098962,train,24.954989342775928,-0.009002131444813877,False,7.163133849417978,-2.172135980862792,False
14561,1.7670733051966598,1.0,434.4814601229518,413.0361479142585,0.41024417281150816,train,169.4456728423367,28.88913456846734,True,6.017790193116193,27.87134437535115,True
14562,3.0520391616045703,0.9668720284095903,270.53918957808924,456.090878175745,0.018114506825804712,train,8.261861325901798,-3.3476277348196404,False,6.399220251099006,-4.746847985918647,False
14563,0.4660614779640522,0.7401202658089212,198.8624832331707,51.32626294834116,0.6423507690429687,train,32.969464476968575,1.593892895393715,False,5.3825795384406,1.2113133569531147,False
14564,0.4328470711715862,0.8932211481291259,1403.5103842733984,337.34362581303196,0.4655351758003235,train,157.0453241479884,26.409064829597682,True,5.359663423801216,26.049401405796466,True
14565,1.2883691567363929,0.9572962671783246,866.3047186627937,614.8572772821352,0.16521738916635514,train,101.58511406248807,15.317022812497616,True,5.8278394052303355,14.48918340726728,True
14566,0.8549548112334073,0.7414633681835296,860.6508890078528,406.23768084097003,0.4572018444538116,train,185.73261696713035,32.14652339342607,True,5.617860335241602,31.52866305818447,True
14568,0.36943207504276515,1.0,434.4814601229518,88.69912071442504,0.7030795097351075,train,62.362534305833066,7.4725068611666146,False,5.314396110128609,7.158110751038006,False
14569,0.7440448912311977,0.7530618391021611,127.74337407237552,52.577669305066536,0.5711326658725738,train,30.02882443556925,1.00576488711385,False,5.55620706554037,0.4495578215734799,False
14570,0.8393731785660412,0.9166858769515236,256.30358195900317,118.56957924272021,0.5302907645702362,train,62.876352831393305,7.575270566278661,False,5.609424849758989,6.965845716519672,False
14571,0.3813984418325081,1.0,434.4814601229518,91.53584844835994,0.7656313896179199,train,70.08271884737314,9.01654376947463,False,5.32309634970953,8.6934474197651,False
14572,1.9291856128611433,0.9510692282866999,672.837793606834,716.9039633313866,0.0720026172697544,train,51.61896169091988,5.323792338183978,False,6.074724436565358,4.24906790161862,False
14573,2.633754563861827,0.980648642956396,212.56428207766203,309.507973691006,0.09635044410824775,train,29.821230720172288,0.9642461440344583,False,6.290266428854887,-0.32602028482042833,False
14574,0.19131914382366463,1.0,434.4814601229518,46.24281635011668,0.9306780695915222,train,43.03717505320187,3.6074350106403745,False,5.175061217385713,3.432373793254661,False
14575,0.3167726101339975,1.0,434.4814601229518,76.19411205795672,0.7229745268821717,train,55.08640211630843,6.0172804232616866,False,5.275183750400824,5.742096672860862,False
14576,0.46048425696745904,1.0,434.4814601229518,110.24156892184914,0.7850553154945373,test,86.54572967055506,12.309145934111012,False,5.378768063580072,11.93037787053094,False
14577,1.3301943267569303,0.9641033831615105,201.56015143308994,148.49568652016356,0.28706775307655336,train,42.62832307090358,3.5256646141807177,False,5.8459516661414535,2.6797129480392643,False
14579,0.3729422561491189,1.0,434.4814601229518,89.53142129056626,0.7656313896179199,train,68.54806649716366,8.709613299432732,False,5.316956069200129,8.392657230232603,False
14580,0.2931292129666126,1.0,434.4814601229518,70.56744203422922,0.8430354714393615,train,59.49085676359625,6.898171352719251,False,5.257065027485578,6.641106325233673,False
14581,0.27532245306840974,1.0,434.4814601229518,66.32454183338871,0.7894243240356446,train,52.35820660379671,5.471641320759343,False,5.243199051002851,5.228442269756491,False
14583,1.628426027262544,0.9749994438549247,190.87234836740853,171.74865861024844,0.2662776678800583,train,45.73283227626525,4.1465664552530495,False,5.966385198314319,3.180181256938731,False
14584,1.8378002230283856,0.9755114107010713,207.03945203545268,210.3496459417957,0.24002645313739776,train,50.48947943411664,5.097895886823329,False,6.043029182683076,4.054866704140252,False
14585,0.7728953851892187,0.35113064867426336,267.09895773616455,113.30075155928597,0.597990345954895,test,67.75275562188702,8.550551124377405,False,5.572614020945839,7.977937103431566,False
14586,0.7382462232809627,1.0,434.4814601229518,175.45413643059752,0.6384328365325928,test,112.01568200276289,17.40313640055258,True,5.552876687281247,16.85025971327133,True
14587,6.286622320065649,0.9827656664389409,185.60970853512123,634.8226425665936,0.09179043546319007,test,58.27064680308069,6.654129360616139,False,6.986040108068943,4.668089252547196,False
14588,0.25506350462531424,1.0,434.4814601229518,61.49165794629337,0.8850211501121521,train,54.42141783793162,5.8842835675863245,False,5.227186172598616,5.657097394987709,False
14589,0.46229371700938304,1.0,434.4814601229518,110.66873390612491,0.7850553154945373,train,86.88107781205389,12.376215562410778,False,5.380006241976929,11.996209320433849,False
14590,0.061046923055062895,0.011124692104851062,163.58063407497363,5.520654656069044,0.7379132986068726,train,4.073764487729298,-4.185247102454141,False,5.059256083965023,-4.244503186419164,False
14591,1.225753173558284,1.0,434.4814601229518,288.62068756352375,0.4504091262817383,test,129.9973917123213,20.99947834246426,True,5.800095363308337,20.199382979155924,True
14593,1.9224088609863312,0.97808912572378,491.63358174809116,523.084445253791,0.09895913898944855,test,51.7639863210885,5.352797264217701,False,6.072408228586568,4.280389035631133,False
14594,0.45868893992942356,1.0,434.4814601229518,109.81770808977818,0.7110795021057129,test,78.08912119086999,10.617824238173998,False,5.377538045939257,10.240286192234741,False
14595,0.7830890927378901,0.930277139056677,216.56481269934983,93.98516496357584,0.4655351758003235,train,43.753400293940686,3.750680058788138,False,5.5783473055170525,3.1723327532710854,False
14596,0.2310640861327825,1.0,434.4814601229518,55.75830474151076,0.872007954120636,test,48.62168524287976,4.724337048575952,False,5.207878906068824,4.516458142507128,False
14597,1.9921419507397853,0.9679776973193007,459.16956907207464,502.52783554643713,0.15188405513763428,test,76.32596548233107,10.265193096466215,False,6.095989502415899,9.169203594050316,False
14598,0.260129977776205,1.0,434.4814601229518,62.700873079127646,0.8112601280212403,test,50.86671832121663,5.173343664243326,False,5.231214872608315,4.942128791635011,False
14599,0.6476580056521024,0.8496257419066183,306.9642369728372,109.84279443105453,0.5517722427845001,test,60.60820503693976,7.121641007387952,False,5.49935488910968,6.6222861182782715,False
14600,0.9523776431260962,0.8814482152532733,400.7016166092129,209.81420731588096,0.4572018444538116,train,95.92744257743519,14.185488515487037,True,5.6690479339952535,13.516440581491784,False
14602,0.21823199699167486,1.0,434.4814601229518,52.689004741508604,0.9135925769805908,train,48.136283620337416,4.627256724067484,False,5.197400624870476,4.429856099197008,False
14603,0.7476606165268853,1.0,434.4814601229518,177.65329740708373,0.6675609827041626,train,118.59440979770768,18.718881959541537,True,5.558278103077777,18.16060385646376,True
14604,0.22793668066365866,1.0,434.4814601229518,55.01050910441071,0.9495032072067261,train,52.232654824712775,5.446530964942555,False,5.205335265418059,5.241195699524496,False
14605,0.7108690405653417,0.9077019003860672,363.79414094890006,143.43065135747756,0.4420757949352264,test,63.4072192169342,7.681443843386841,False,5.537001452276092,7.144442391110749,False
14606,39.23773671057587,0.998222213401145,182.73174048040408,3958.8341779290868,0.018114506825804712,train,71.71232873832543,9.342465747665086,False,8.694805279442686,5.6476604682224,False
14607,2.176360323217376,0.9534420824926991,806.6538415383632,971.2669962206194,0.129265096783638,train,125.55092226921174,20.11018445384235,True,6.1557359888443495,18.954448464998002,True
14608,1.6440140991760552,0.8404884835842512,264.5754828714113,240.7550125379029,0.34679592251777647,train,83.49285667386087,11.698571334772176,False,5.972298254492641,10.726273080279535,False
14609,2.0069685216979423,0.9186375117601132,172.1589377729471,190.98171429166848,0.26007936596870423,train,49.67040316459336,4.934080632918672,False,6.100932435610376,3.8331481973082964,False
14610,0.6375034457089533,0.8469135118599083,87.15323828034936,30.70250829459386,0.7300647735595703,train,22.414819765803497,-0.5170360468393005,False,5.493172792774798,-1.0102088396140987,False
14611,0.5251293512906512,0.8443968636674494,334.7829135324646,97.37089259873623,0.6075830459594727,train,59.16090351293283,6.832180702586568,False,5.422079226980778,6.4101014756057895,False
14612,0.3941674930227116,1.0,434.4814601229518,94.56093864391492,0.7030795097351075,test,66.48385838185528,8.296771676371058,False,5.3322974579345574,7.964474218436501,False
14613,0.20894948924417892,1.0,434.4814601229518,50.46703662568411,0.9335925817489624,train,47.115651016591876,4.423130203318376,False,5.189751791805532,4.233378411512844,False
14614,0.4365649026531728,1.0,434.4814601229518,104.59151932274436,0.7030795097351075,train,73.53615412788513,9.707230825577026,False,5.3622547795186755,9.34497604605835,False
14615,1.2174602886468535,0.6241692931976434,176.2032794147335,118.29444168781293,0.5266416370868683,train,62.298778428746886,7.4597556857493785,False,5.7963625268774805,6.663393158871898,False
14616,1.8570397671700754,0.9521049011179161,137.61580772548822,140.91619227189707,0.40971364378929137,train,57.735286604631334,6.5470573209262675,False,6.049786042357251,5.497271278569016,False
14617,0.6752477178998105,0.6744633369937226,167.58389464638103,62.289232141588805,0.7306869387626648,train,45.513928351414506,4.102785670282902,False,5.515961045625661,3.5868246246572406,False
14618,1.331382466254502,0.865019441554716,264.1111512599008,194.01830694218944,0.4420757949352264,train,85.77079727345516,12.154159454691033,False,5.846461424781526,11.307698029909506,False
14619,0.6617407139381766,0.9385676643335533,401.6116882561678,146.97727776316407,0.5150209844112397,train,75.69638227966897,10.139276455933794,False,5.507865675801886,9.631410780131908,False
14620,1.683325231026847,0.9397967726735451,223.6885818546129,205.2311508662998,0.4024385154247284,train,82.59291967354216,11.518583934708431,False,5.987056783264704,10.531527151443727,False
14621,1.7681663916171044,0.9779728961371441,273.1151660424165,267.10529214842546,0.15188405513763428,train,40.56903492022537,3.113806984045075,False,6.018185148527168,2.095621835517907,False
14622,1.7670733051966598,1.0,434.4814601229518,413.0361479142585,0.4420757949352264,train,182.5932834261796,31.518656685235918,True,6.017790193116193,30.500866492119727,True
14623,2.4310539026073323,0.9806011184682252,218.6670604580655,293.3356345039842,0.031157984957098962,train,9.139747287256219,-3.172050542548756,False,6.232867474218463,-4.404918016767219,False
14624,1.0208733153731313,0.7521964128062035,134.5173747228832,75.89850373915155,0.4989220082759857,train,37.8674339106799,2.57348678213598,False,5.703529752326684,1.8699570298092958,False
14625,2.8343489089065015,0.9831462185997673,434.8489519599836,681.596149886236,0.031157984957098962,train,21.237162584971912,-0.7525674830056177,False,6.343999644370827,-2.096567127376445,False
14626,2.1926218287434285,0.9684151699087522,396.90710043019016,481.52065343207653,0.018114506825804712,train,8.722509163361295,-3.255498167327741,False,6.16084246911843,-4.416340636446171,False
14627,0.4482049505026783,1.0,434.4814601229518,107.34182317443612,0.7030795097351075,train,75.46983641155514,10.093967282311027,False,5.370324824350029,9.723642457960999,False
14628,1.1184940793688876,0.9567910695664255,426.713667120968,264.26072549603737,0.3204639792442322,train,84.68604365042786,11.937208730085572,False,5.750705496352645,11.186503233732928,False
14630,0.3202167669659957,1.0,434.4814601229518,77.01311089964518,0.8071539163589477,test,62.161434073634574,7.432286814726915,False,5.27779594051456,7.154490874212355,False
14631,2.157855942468981,0.9511148558186262,337.9967114997176,401.270317310379,0.08832684345543385,test,35.442940500386115,2.0885881000772235,False,6.149893298095378,0.9386948019818453,False
14632,0.8096376790891622,1.0,434.4814601229518,192.1152042067168,0.6925609827041626,test,133.05149461781465,21.610298923562933,True,5.593126647940779,21.017172275622155,True
14633,0.7878618654834396,1.0,434.4814601229518,187.0370114117569,0.597990345954895,train,111.84632716048615,17.369265432097233,True,5.581020417325861,16.788245014771373,True
14634,0.8202872717145014,0.5267819285740504,167.57270146600473,75.83556463062894,0.6173507690429687,train,46.817144145526534,4.363428829105308,False,5.598994330234404,3.764434498870904,False
14635,0.3496864249048345,1.0,434.4814601229518,84.01434320577044,0.7579189777374268,test,63.67606511779886,7.735213023559773,False,5.29987228762139,7.435340735938382,False
14636,0.7774095758761286,1.0,434.4814601229518,184.59834691764715,0.5882226228713989,test,108.58492380162282,16.716984760324564,True,5.575157009882908,16.141827750441657,True
14637,0.21006635865100307,1.0,434.4814601229518,50.73445956993971,0.9864406824111939,train,50.04653491993445,5.009306983986891,False,5.190675199965224,4.818631784021667,False
14639,1.4455327095217019,0.933614022864467,611.3035052385162,488.74833130023154,0.16521738916635514,train,80.74972325683703,11.149944651367406,False,5.894262976300056,10.25568167506735,False
14640,1.428367381787271,0.9645964032148806,413.9986033222175,327.24496700419024,0.15188405513763428,train,49.703292611977744,4.94065852239555,False,5.887219172207022,4.053439350188528,False
14643,0.9811442382510365,0.9055631208517881,338.15098347161205,183.85784917187593,0.4572018444538116,test,84.06014775869238,11.812029551738476,False,5.683674575894222,11.128354975844253,False
14644,1.2777581620082312,0.9381352226488112,322.6214418123243,228.35015785211007,0.3084963262081146,train,70.44518478641902,9.089036957283804,False,5.823191696969797,8.265845260314007,False
14645,0.5411044611951968,0.9348738659893899,275.07073511107745,82.50191473972951,0.7031416893005371,test,58.01053570062229,6.60210714012446,False,5.432499341967279,6.16960779815718,False
14646,19.034023285662975,0.9945400494240897,5482.627237861812,57631.185299718556,0.012173912674188613,train,701.5970171487562,135.31940342975125,True,7.997431992496125,132.32197143725512,True
14647,0.6982626916153344,0.9485426743828395,271.7420045825745,104.88171492418667,0.5698892951011658,train,59.77096658714616,6.954193317429233,False,5.529605782410582,6.424587535018651,False
14648,0.6303485356649656,0.16846420804763004,357.0924897710004,124.47464429531553,0.6265012145042419,train,77.98351582599868,10.596703165199736,False,5.488793817522573,10.107909347677165,False
14649,1.7415907272132904,0.9717139076364302,461.56409860283725,444.6709154282824,0.11969987973570824,train,53.22705509873269,5.64541101974654,False,6.008538309318855,4.636872710427685,False
14650,0.24913316106905467,1.0,434.4814601229518,60.075762965235086,0.8850211501121521,test,53.16832083335739,5.63366416667148,False,5.222449839607117,5.4112143270643625,False
14651,2.2775842039070726,0.9731066604395618,242.10199654747151,304.50837078698197,0.11969987973570824,test,36.449615361718195,2.2899230723436395,False,6.1871066278305245,1.102816444513115,False
14653,1.239648096526645,0.9116123474168873,378.0416108797365,259.6012410858629,0.2754639804363251,train,71.51079119572185,9.30215823914437,False,5.806318753760598,8.495839485383772,False
14654,0.18947457943224372,1.0,434.4814601229518,45.800549399016965,0.8843242883682251,train,40.50253825415942,3.1005076508318847,False,5.1735116797315435,2.9269959711003413,False
14655,1.325085315060258,0.9604405180111235,583.8095500481313,427.46005709583113,0.1834057942032814,train,78.39865126184093,10.679730252368186,False,5.8437567330156615,9.835973519352525,False
14656,1.2704575516654777,0.9341977455628139,181.34394254267437,127.32841922045921,0.28706775307655336,train,36.55188320840666,2.310376641681332,False,5.819981375792237,1.490395265889095,False
14657,1.848231969812134,0.8924855699823743,310.4407866096266,315.1839424953561,0.17688405364751816,train,55.75101339318485,6.150202678636971,False,6.046698440307337,5.103504238329633,False
14659,4.0964966584336215,0.9730078809529175,209.49424559360114,467.01335185017945,0.05441379956901073,train,25.411970923627553,0.08239418472551119,False,6.62855337396706,-1.546159189241549,False
14662,1.5979499656399556,0.9659111979208997,216.88088267777712,191.8939880274393,0.24393629431724548,train,46.80990834117141,4.361981668234282,False,5.954722659263862,3.4072590089704207,False
14663,0.3753197360068338,1.0,434.4814601229518,90.09506013842393,0.7110795021057129,test,64.06475050541475,7.812950101082951,False,5.318686239364094,7.494263861718856,False
14665,1.2856838648862092,0.9241565577061785,453.89587323351327,322.42308415678644,0.28706775307655336,train,92.55727030890115,13.511454061780231,False,5.826665263983617,12.684788797796614,False
14667,10.405139610896006,0.9735489443548263,412.1314615331859,2368.8727395070955,0.005940594151616097,train,14.072511542238653,-2.1854976915522695,False,7.434064096862306,-4.619561788414575,False
14668,0.3581949119940015,1.0,434.4814601229518,86.03363863407448,0.7579189777374268,test,65.20652744456892,8.041305488913785,False,5.306156547551531,7.7351489413622545,False
14669,1.3076944474940533,0.961656887685595,592.6105139786275,429.281031479636,0.24760906398296356,train,106.29387439031379,16.25877487806276,True,5.836248951447612,15.422525926615148,True
14670,0.45642586431800125,0.9373215208792353,400.3162709568977,101.45510517403619,0.622990345954895,train,63.205551071263066,7.641110214252613,False,5.375985396237255,7.265124818015359,False
14671,0.35935853884019603,0.5419829398716053,228.66527996003387,45.48040735269864,0.6935813903808594,train,31.544364166772585,1.308872833354517,False,5.307012925862656,1.0018599074918608,False
14672,1.1270498237952338,0.959034800670523,326.9513679275284,204.01489282512873,0.3208343505859375,train,65.45498564940982,8.090997129881965,False,5.75473596038909,7.336261169492874,False
14673,1.0467979601050157,0.6389826185843765,547.888240566098,315.0144443581023,0.42688918113708496,train,134.4762581983841,21.89525163967682,True,5.716276601321869,21.178975038354952,True
14674,0.299842701241534,1.0,434.4814601229518,72.16591613443057,0.8607261538505554,train,62.11509143349017,7.423018286698035,False,5.262243258101542,7.160775028596493,False
14675,0.4333496426884885,1.0,434.4814601229518,103.83155531188956,0.622990345954895,train,64.6860565647889,7.93721131295778,False,5.360014112586546,7.577197200371234,False
14676,2.9291715891664722,0.9775242845457274,778.1938410044546,1258.3914804364717,0.018114506825804712,test,22.795141061900964,-0.44097178761980693,False,6.3684286121008125,-1.8094003997206194,False
14677,0.24756339472830116,1.0,434.4814601229518,59.70088351294342,0.9135925769805908,train,54.54228401660805,5.908456803321611,False,5.221192364769851,5.68726443855176,False
14678,0.2545127304432247,1.0,434.4814601229518,61.360181042226294,0.8020402789115906,train,49.21333671717287,4.8426673434345755,False,5.226747234595271,4.615920108839305,False
14679,0.7078857413513023,0.903892543054901,426.22953950495787,167.34144577772432,0.4572018444538116,train,76.50881766314306,10.301763532628613,False,5.5352561969643865,9.766507335664226,False
14680,12.639734113536752,0.9899229334482832,949.6532405839101,6629.765944759661,0.0,test,0.0,-5.0,False,7.612987159082856,-7.612987159082856,False
14681,1.1902884356726806,0.964603615737352,244.46678955265224,161.0113045411202,0.28706775307655336,train,46.221153414544034,4.244230682908807,False,5.784033240942577,3.46019744196623,False
14682,1.8028921170777774,0.9779554161409754,234.34333942389154,233.63125853804917,0.2278325617313385,train,53.22880813324039,5.6457616266480795,False,6.030651783064423,4.615109843583657,False
14683,0.24966085367343305,1.0,434.4814601229518,60.201773844779915,0.8666336059570312,train,52.17288035211131,5.434576070422262,False,5.222872197439824,5.211703872982437,False
14684,1.6636994762930526,0.9500095433720387,265.28235364640307,242.14030345665668,0.2259523779153824,train,54.71217735518386,5.942435471036774,False,5.979715937115402,4.962719533921372,False
14685,0.3207947909143137,0.23173765157752038,791.3135985576235,140.60301552721225,0.7706874132156372,train,108.36097432698527,16.672194865397056,True,5.278233669729203,16.393961195667853,True
14686,0.4900934757133043,0.8874941915949676,528.833145425556,143.73232301844666,0.622990345954895,train,89.54384964216281,12.908769928432562,False,5.398838853367643,12.50993107506492,False
14687,0.5937639005559289,0.8619140157808458,457.019473752768,150.11715091622108,0.5568538665771484,test,83.59331592724303,11.718663185448605,False,5.466098451804009,11.252564733644597,False
14688,8.664404009295158,0.9819543666594656,254.8679666005504,1209.6292570561686,0.018114506825804712,test,21.91183743363705,-0.6176325132725902,False,7.268449445916224,-2.8860819591888145,False
14689,1.2938771978472865,1.0,434.4814601229518,304.3383683466997,0.5796570181846619,train,176.41187111503325,30.28237422300665,True,5.830243485385581,29.45213073762107,True
14690,0.7162630433650706,0.7034981244294948,226.21382570382156,89.16589138515474,0.6510452032089233,train,58.051025876152856,6.610205175230572,False,5.540149277992546,6.070055897238026,False
14691,1.23879263504472,1.0,434.4814601229518,291.6307183703359,0.42191084027290343,train,123.04216143701888,19.608432287403776,True,5.805936718340858,18.80249556906292,True
14692,3.6949642286627222,0.960118437619548,149.75392641027943,305.17941863726475,0.14231883808970452,train,43.432780269347035,3.686556053869408,False,6.546490493603027,2.1400655602663807,False
14693,2.7133199337957143,0.9222678527295944,186.33951792584023,278.30600826852,0.3084963262081146,train,85.85638111248359,12.171276222496719,False,6.3119263373314425,10.859349885165276,False
14694,0.235213505242728,1.0,434.4814601229518,56.75023204849393,0.8850211501121521,train,50.22515563668961,5.045031127337921,False,5.211243833877184,4.8337872934607375,False
14695,0.4101056096940018,0.842205887123942,588.6273122836076,134.0419190537879,0.6925609827041626,test,92.83220318344316,13.566440636688633,True,5.343664602077375,13.222776034611258,True
14696,2.6838269477167556,0.9739061378255154,300.21023259011713,441.8932288307596,0.05441379956901073,train,24.045089584499948,-0.1909820831000104,False,6.303952143271494,-1.4949342263715044,False
14697,1.1645003189507008,1.0,434.4814601229518,274.4708930626608,0.597990345954895,train,164.1309442970895,27.826188859417904,True,5.772189535255259,27.053999324162646,True
14699,1.5549665325894853,0.9612377912274316,172.5482378225284,147.93727923201,0.3084963262081146,test,45.6381071522991,4.12762143045982,False,5.93803912477907,3.1895823056807506,False
14700,1.7363304458679605,0.9689858237098188,675.8631842996937,646.0858531949218,0.14948754161596298,train,96.58178586696081,14.316357173392163,True,6.006617769465873,13.30973940392629,False
14701,2.646126162210097,0.9584493721387468,403.68134130109325,590.3433706553741,0.08832684345543385,train,52.14316648483039,5.428633296966078,False,6.293665278567869,4.134968018398209,False
14702,4.418490666554442,0.8468660540822227,220.82875909859334,539.2499607750942,0.12209639325737953,train,65.8404752748224,8.16809505496448,False,6.689817301864793,6.478277753099687,False
14704,0.5143564666094192,0.8715569242680573,198.59192139218484,56.60776086409459,0.7030795097351075,train,39.79975675552983,2.959951351105966,False,5.4149905742038476,2.5449607769021183,False
14705,1.4559950096184495,1.0,434.4814601229518,341.66688366193193,0.5204034864902496,train,177.80463747592788,30.560927495185574,True,5.89853197836852,29.662395516817053,True
14706,0.234745107987159,1.0,434.4814601229518,56.63827449347764,0.8666336059570312,train,49.08463205946667,4.816926411893334,False,5.210864558484735,4.606061853408599,False
14707,0.5473686269586707,0.8400964561445722,135.28045060130847,40.99052710500046,0.7377771854400634,train,30.24187571723187,1.0483751434463748,False,5.436555828246715,0.6118193151996598,False
14708,1.072685902807459,0.7570375274745389,394.6041337856761,233.0122367342087,0.4572018444538116,train,106.53362441518841,16.306724883037685,True,5.728845303790998,15.577879579246687,True
14709,4.5440050426455905,0.9900750838562349,377.63761924371954,948.5405173298977,0.018114506825804712,train,17.182343675724766,-1.5635312648550466,False,6.712717171455297,-3.2762484363103432,False
14710,1.779635194839255,0.7031360261970496,165.0338074140845,162.50170490467306,0.37332800030708313,train,60.66643653855332,7.133287307710665,False,6.022319694213842,6.110967613496823,False
14711,6.78963959771261,0.9770739688724629,285.6846864715177,1047.9761151845998,0.03818983621895313,test,40.02203620027463,3.0044072400549258,False,7.052794594077188,0.9516126459777379,False
14712,0.39024773059958,1.0,434.4814601229518,93.63252409045889,0.7110795021057129,train,66.58016861114467,8.316033722228935,False,5.3294819547156225,7.986551767513313,False
14713,4.822075274307077,0.9908076347439099,236.5964568571127,630.625020771774,0.005940594151616097,train,3.74628731025958,-4.250742537948084,False,6.761656774526533,-6.012399312474617,False
14714,0.7378395607599277,0.8749960492738763,311.9591098654171,127.55974754915175,0.4572018444538116,train,58.32055185753476,6.664110371506952,False,5.552642710015924,6.111467661491028,False
14715,1.6601013037466514,0.9278505463805747,191.31461989369677,175.69348419297174,0.23803422451019288,test,41.82106226136786,3.3642124522735717,False,5.978364206183708,2.3858482460898633,False
14716,0.35928772221968536,1.0,434.4814601229518,86.29292552257814,0.7110795021057129,train,61.36113051584023,7.272226103168046,False,5.3069608288895855,6.965265274278461,False
14717,0.19100922503223405,1.0,434.4814601229518,46.16851199903338,0.9135925769805908,train,42.179209852556234,3.4358419705112464,False,5.17480103596217,3.2610409345490767,False
14718,0.400878737686194,1.0,434.4814601229518,96.150105013243,0.7030795097351075,train,67.60116869368998,8.520233738737998,False,5.3370997094947805,8.183134029243217,False
14719,0.8896014528892053,1.0,434.4814601229518,210.73628585469308,0.4655351758003235,train,98.10515388287178,14.621030776574358,True,5.63636593534784,13.984664841226518,True
14721,0.4482049505026783,1.0,434.4814601229518,107.34182317443612,0.7466461181640625,test,80.14635558984592,11.029271117969184,False,5.370324824350029,10.658946293619156,False
14722,0.46143073566276965,0.5700009406812122,176.64361689760122,45.00079613546871,0.7656313896179199,test,34.45402207911163,1.890804415822327,False,5.379415911810291,1.5113885040120358,False
14723,1.6565649174461254,0.8496340570700087,174.99826935458137,160.46425544418733,0.3253673493862152,test,52.20982946510778,5.441965893021557,False,5.977033903819434,4.464931989202123,False
14724,0.248607696417765,1.0,434.4814601229518,59.950279822264115,0.824593460559845,test,49.434608700171815,4.886921740034364,False,5.222029087664444,4.66489265236992,False
14725,0.616023911176816,0.8593797106336513,349.065299199093,118.89850168193618,0.5882226228713989,train,69.93878851482793,8.987757702965588,False,5.479968756509743,8.507788946455845,False
14726,0.2190429322397112,1.0,434.4814601229518,52.883051591472835,0.9614406824111938,train,50.843917210092016,5.168783442018404,False,5.198066069107591,4.970717372910813,False
14727,0.6483615388864774,0.9303787859055055,298.4210418725924,107.0199137739503,0.6423507690429687,train,68.74432391560917,8.748864783121835,False,5.499781787819201,8.249082995302635,False
14728,0.39682479243402624,1.0,434.4814601229518,95.19022863507654,0.7379132986068726,test,70.24213560725171,9.048427121450343,False,5.334201655397304,8.71422546605304,False
14729,0.5307762427843578,0.9011430216349754,335.24204877777544,98.61159855125517,0.622990345954895,train,61.43407389661168,7.286814779322336,False,5.425774954971818,6.861039824350518,False
14730,2.7119465401562723,0.9061143358275798,168.41941228311524,248.12500884560345,0.22913655489683152,train,56.85450971062742,6.370901942125485,False,6.311556412922689,5.059345529202796,False
14731,2.8955830918278913,0.9260728984408987,179.35743415113345,279.89360691264113,0.395427930355072,train,110.67774970108177,17.135549940216354,True,6.359843370769964,15.77570656944639,True
14732,3.986001845101434,0.9891699613129016,300.584574621042,662.3432421262178,0.018114506825804712,test,11.998021180520995,-2.600395763895801,False,6.606634355157742,-4.2070301190535435,False
14733,6.514719390522507,0.9715956262997857,993.9656480173952,3539.0720016925115,0.021899644657969473,test,77.50441925603474,10.500883851206948,False,7.016863682590621,8.484020168616327,False
14734,0.9389006828742926,0.6170603104004618,296.1353431276376,153.44256016948307,0.6173507690429687,test,94.72788252455237,13.945576504910473,True,5.662121154151518,13.283455350758956,False
14735,8.303953384239527,0.9905522944306088,299.558046160083,1374.2700132541997,0.018114506825804712,train,24.894223535591934,-0.021155292881612553,False,7.230439404911413,-2.251594697793026,False
14736,0.3193487160987143,1.0,434.4814601229518,76.8067090433085,0.7894243240356446,train,60.63308436791624,7.126616873583249,False,5.277138217943066,6.8494786556401825,False
14737,0.8513025331896792,0.807761763950034,434.0463137998999,203.23313624273194,0.4420757949352264,train,89.8444502616849,12.968890052336981,False,5.615889463342247,12.353000588994734,False
14738,1.624199117915544,0.9754828406733448,156.59086470737645,140.81514477756795,0.28706775307655336,train,40.42348721044599,3.0846974420891993,False,5.964775751554807,2.119921690534392,False
14739,5.881602394323889,0.9762117794122303,418.20242534980054,1359.3357659862677,0.018114506825804712,train,24.623697011518722,-0.07526059769625526,False,6.928851530978553,-2.0041121286748087,False
14740,3.5391280539961967,0.9833341616933405,405.2182725544995,791.6841132282805,0.018114506825804712,train,14.340967272954837,-2.1318065454090327,False,6.512734935016498,-3.6445414804255307,False
14741,1.1123786968606515,0.6974600625073969,266.12029174665696,162.66276165201603,0.4572018444538116,train,74.36971465125247,9.873942930250493,False,5.747814656996083,9.126128273254409,False
14742,0.36943207504276515,1.0,434.4814601229518,88.69912071442504,0.6813801646232605,train,60.43782147433338,7.087564294866677,False,5.314396110128609,6.7731681847380685,False
14743,0.24756339472830116,1.0,434.4814601229518,59.70088351294342,0.8850211501121521,train,52.8365445893368,5.567308917867361,False,5.221192364769851,5.34611655309751,False
14744,3.112922661712779,0.8094228652629991,376.43216212483645,645.5152644938332,0.2399117171764374,train,154.8666755683177,25.97333511366354,True,6.4141338856950805,24.55920122796846,True
14745,2.6159952300215017,0.9831315232982574,220.63710734755543,318.6985152773929,0.10591566115617752,test,33.75516395509722,1.751032791019444,False,6.2853671233978385,0.46566566762160555,False
14746,0.6695206832853318,0.4281198862238067,185.97556699651184,68.44300171515745,0.6457871079444886,test,44.1996081366712,3.83992162733424,False,5.512536569234882,3.327385058099358,False
14747,0.8896014528892053,1.0,434.4814601229518,210.73628585469308,0.5568538665771484,train,117.34931560629308,18.469863121258616,True,5.63636593534784,17.833497185910776,True
14748,2.217543156987731,0.973025737172932,284.4395495141539,348.45077242581334,0.06613810732960701,train,23.045874585782908,-0.3908250828434179,False,6.168618073603389,-1.5594431564468065,False
14749,0.32462888129336837,1.0,434.4814601229518,78.0620493566346,0.7884514212608338,test,61.54813376177191,7.309626752354383,False,5.2811323306158595,7.0284944217385235,False
14750,0.19008546729945078,1.0,434.4814601229518,45.947027175229216,0.8843242883682251,test,40.63207210937008,3.1264144218740153,False,5.174025125804458,2.9523892960695575,False
14751,0.2564486227751948,0.5215531523021368,128.51640457664203,18.299423171078846,0.9328692555427551,train,17.070969270466165,-1.585806145906767,False,5.228289188009294,-1.8140953339160606,False
14753,0.34256681443529474,1.0,434.4814601229518,82.32395168749643,0.7590396642684937,train,62.48714465013298,7.497428930026597,False,5.2945833148293495,7.202845615197248,False
14754,1.3745866932675674,0.9347513345723116,207.82353580173688,158.10254991518187,0.25007936656475066,train,39.538185535060556,2.9076371070121114,False,5.864823398455351,2.0428137085567606,False
14755,4.210417308705704,0.983071046751201,455.35592261922676,1059.9144376240654,0.0,train,0.0,-5.0,False,6.650659950197881,-6.650659950197881,False
14756,0.75074668777364,0.7723846860594549,471.0230987347422,194.73120236118083,0.4314875602722168,train,84.02409141570126,11.804818283140253,False,5.560042375661734,11.24477590747852,False
14758,2.016687860496702,0.972699759450442,429.28681157502365,478.0072584601656,0.09179043546319007,train,43.87649440862425,3.775298881724849,False,6.104159494598063,2.671139387126786,False
14759,1.021755769579074,1.0,434.4814601229518,241.42631614662875,0.4572018444538116,train,110.3805570419277,17.076111408385543,True,5.703966326744673,16.37214508164087,True
14760,0.6520856971140112,1.0,434.4814601229518,155.2963295601287,0.7758354663848877,train,120.48440027214366,19.096880054428734,True,5.502038548519687,18.594841505909045,True
14761,0.799106857749004,0.8753723716695636,158.15522443018,69.65832386048851,0.5796570181846619,train,40.37793630071225,3.0755872601424503,False,5.587290351619613,2.4882969085228375,False
14762,0.5510259779129502,0.9373533351149698,324.60814854263424,99.12815917675753,0.6423507690429687,test,63.67504928100402,7.735009856200804,False,5.43891663319208,7.296093223008724,False
14766,3.091487759069911,0.9714148690601705,532.4916250199431,906.6637324637558,0.018114506825804712,train,16.423766370424282,-1.7152467259151436,False,6.408908659185617,-3.12415538510076,False
14767,0.32916445307423486,1.0,434.4814601229518,79.14006604488007,0.8020402789115906,train,63.473520643717315,7.694704128743464,False,5.284550514042772,7.4101536147006914,False
14769,3.7177654761418863,0.9841658154405086,806.6552472682096,1657.793024898896,0.007530122995376587,test,12.483385378366087,-2.5033229243267825,False,6.551335271429062,-4.054658195755845,False
14770,2.49830157108177,0.9657266651219594,387.37910500013123,534.5769495888144,0.018114506825804712,test,9.683597802244439,-3.063280439551112,False,6.252277585310798,-4.315558024861911,False
14771,0.3476758715701929,0.7186335937861389,330.1259703300283,63.73690028515798,0.824593460559845,train,52.557031171496185,5.511406234299237,False,5.298381532219629,5.213024702079608,False
14773,0.24756339472830116,1.0,434.4814601229518,59.70088351294342,0.8899944424629211,test,53.13345453664588,5.626690907329177,False,5.221192364769851,5.405498542559326,False
14774,0.2860141939930224,1.0,434.4814601229518,68.87266325947064,0.8297021389007568,train,57.14379601817436,6.428759203634874,False,5.251547663074129,6.177211540560744,False
14775,0.46048425696745904,1.0,434.4814601229518,110.24156892184914,0.6173507690429687,train,68.057717354407,8.6115434708814,False,5.378768063580072,8.232775407301329,False
14776,3.4977991971415308,0.9610144937223802,329.9685369030005,633.1388846300207,0.05441379956901073,train,34.451492367604956,1.8902984735209918,False,6.503588209841972,0.38671026367901984,False
14777,0.4106685908275494,1.0,434.4814601229518,98.46731041664057,0.7110795021057129,train,70.01808606475346,9.003617212950694,False,5.344063769895145,8.659553443055549,False
14778,0.6145444276632398,1.0,434.4814601229518,146.49476094675714,0.6813801646232605,train,99.81862433034657,14.963724866069313,True,5.479052828746061,14.484672037323252,True
14779,1.9055601777781364,0.8230782917616984,98.667823002256,102.65018057376791,0.5698892951011658,train,58.49923904919198,6.699847809838396,False,6.066626203995751,5.633221605842644,False
14782,0.5811038306955103,1.0,434.4814601229518,138.64444581804423,0.7389337062835694,train,102.44905420395894,15.48981084079179,True,5.458123230135095,15.031687610656697,True
14783,0.21702679807157704,1.0,434.4814601229518,52.40059537209681,0.8850211501121521,train,46.37563518277463,4.275127036554926,False,5.196410833542398,4.078716203012528,False
14784,0.9364466830943182,0.8542181617222538,172.24083784881753,88.66010619779435,0.5698892951011658,train,50.52644542465553,5.105289084931107,False,5.6608546869803265,4.44443439795078,False
14786,0.2715164906710702,1.0,434.4814601229518,65.41707690158998,0.8850211501121521,train,57.89549663642026,6.5790993272840534,False,5.240210275258042,6.338889052026011,False
14787,0.33194723231625295,1.0,434.4814601229518,79.80134239391049,0.8666336059570312,train,69.15852511904635,8.83170502380927,False,5.286641955955299,8.54506306785397,False
14788,0.24550091465461227,1.0,434.4814601229518,59.20827970738354,0.7874671936035156,train,46.624577859265294,4.32491557185306,False,5.219537790087241,4.105377781765819,False
14790,1.8907593053185863,0.9588696850196134,276.5919971642375,289.4309712522443,0.1309208706021309,train,37.89255473556415,2.5785109471128296,False,6.0615192030197935,1.516991744093036,False
14791,0.2404921179066783,1.0,434.4814601229518,58.0116990120039,0.8850211501121521,train,51.34158057956369,5.268316115912739,False,5.2155081701647426,5.052807945747997,False
14793,0.28123597786472987,1.0,434.4814601229518,67.73409531413765,0.8020402789115906,test,54.32547269757522,5.865094539515045,False,5.247825219739117,5.617269319775928,False
14794,3.153679424321833,0.9731448329730317,206.98014014838452,358.7597135424246,0.031157984957098962,train,11.178229757768,-2.7643540484464,False,6.423994549707974,-4.1883485981543735,False
14796,5.424976225274504,0.9777639482013388,301.54875875477063,903.9285166538053,0.005940594151616097,train,5.369872459512609,-3.926025508097478,False,6.860192930428056,-5.786218438525534,False
14797,0.30137661372555063,1.0,434.4814601229518,72.5310497647201,0.8071539163589477,test,58.543720875219556,6.708744175043911,False,5.263422637827802,6.445321537216109,False
14798,1.7464357029576516,0.9066879420572173,102.36241702163909,98.8020489555142,0.41283069252967836,train,40.78851829365611,3.157703658731222,False,6.010303962988606,2.1473996957426165,False
14799,0.18977953149423307,1.0,434.4814601229518,45.873671164935395,0.8850211501121521,train,40.59916921425779,3.119833842851559,False,5.173768022307361,2.946065820544198,False
14800,5.919037078091387,0.9834856990724365,574.819732851312,1863.1684183780021,0.018114506825804712,train,33.75037703233209,1.7500754064664186,False,6.934276609382412,-0.18420120291599318,False
14803,1.4387477356561966,0.8465718745582582,232.87948560449266,182.80147191526513,0.4455351769924164,test,81.44448614424188,11.288897228848377,False,5.891484684469339,10.397412544379037,False
14805,1.2028849279261675,0.9170193289708982,168.65974124427126,112.17514624917594,0.3559523820877075,train,39.92901051843114,2.985802103686229,False,5.78976783219638,2.1960342714898493,False
14806,0.3648535129376356,1.0,434.4814601229518,87.61326578203297,0.7579189777374268,train,66.4037568377559,8.280751367551183,False,5.311047106348887,7.9697042612022955,False
14807,0.5048927969189952,0.8975013062605822,204.88863332787437,57.35734159562603,0.6708616375923157,train,38.47884011078352,2.695768022156705,False,5.408721664380711,2.287046357775994,False
14809,0.23335105154787095,1.0,434.4814601229518,56.30504269419775,0.8046083569526672,train,45.303507890328234,4.060701578065647,False,5.209734896998772,3.8509666810668746,False
14810,5.436159365793327,0.9779857116848933,163.8143100556538,487.6021418529838,0.14231883808970452,train,69.39497027856794,8.878994055713589,False,6.861931990444662,7.017062065268927,False
14811,0.4349513177684019,1.0,434.4814601229518,104.21014420454426,0.7466461181640625,train,77.80809964364015,10.56161992872803,False,5.361130923736054,10.200489004991976,False
14812,0.24448251918276226,1.0,434.4814601229518,58.96502112620831,0.8666336059570312,train,51.10106888393844,5.220213776787688,False,5.21871979626865,5.0014939805190375,False
14813,0.85919623620699,0.8820540736343963,247.1765836199358,117.49857074729442,0.42950822710990905,train,50.46660280961865,5.093320561923731,False,5.6201442632580605,4.4731762986656705,False
14814,0.2534182937623258,1.0,434.4814601229518,61.09891107052697,0.8843242883682251,test,54.03125105251723,5.806250210503446,False,5.225874454012543,5.580375756490903,False
14816,1.4744964672971808,1.0,434.4814601229518,345.9206343047218,0.4870166540145874,train,168.4691098736893,28.69382197473786,True,5.906036927765697,27.78778504697216,True
14817,2.303830322877875,0.9767302084448658,515.9769110105595,656.3899671752645,0.018114506825804712,test,11.890180540786059,-2.621963891842788,False,6.19508249927884,-3.817046391121628,False
14818,1.1875748902219847,0.9517067582757952,187.55559841848412,123.23025199447662,0.3501921474933624,train,43.154266582093975,3.6308533164187953,False,5.782793574193661,2.848059742225134,False
14819,0.7698694739874856,0.9623413270134982,150.77766174227412,64.36526436448582,0.44865222573280333,train,28.877619117006855,0.7755238234013717,False,5.570905800356655,0.20461802304471632,False
14820,1.2612673098477045,0.8383689164564806,177.18911668198902,123.65250468140479,0.4572018444538116,train,56.53415321167185,6.30683064233437,False,5.815925412688761,5.490905229645609,False
14821,1.2969722977424163,0.8605762230653888,292.9373129429832,210.21006027072409,0.4572018444538116,train,96.10842727852196,14.221685455704392,True,5.831591863443735,13.390093592260659,False
14822,0.3193487160987143,1.0,434.4814601229518,76.8067090433085,0.8317963480949402,train,63.88754009141463,7.777508018282926,False,5.277138217943066,7.50036980033986,False
14823,1.5329698386085315,1.0,434.4814601229518,359.3565308359528,0.5183854103088379,train,186.28518268455596,32.257036536911194,True,5.929392463569463,31.32764407334173,True
14824,1.486774238108066,0.7560084331553072,420.5412147515459,345.47893786329746,0.406724226474762,test,140.514653765772,23.102930753154403,True,5.910986383904691,22.19194436924971,True
14825,5.966090419770671,0.9825793117041438,207.67067663600054,682.7769828068454,0.018114506825804712,test,12.368168315556947,-2.5263663368886107,False,6.941054152016139,-4.467420488904749,False
14826,0.3828632028144114,0.7391629154176856,248.17852788573742,52.729665164063796,0.8614230155944824,test,45.42254717691517,4.084509435383033,False,5.324156134424075,3.7603533009589585,False
14828,3.6700215227376063,0.98582129617779,757.1731961122656,1536.4008321669824,0.018114506825804712,train,27.831143361460843,0.5662286722921692,False,6.541163680393442,-0.9749350081012729,False
14829,2.56205914245472,0.9750927587735191,246.33517385503825,346.4165863614084,0.1285243570804596,train,44.52296904410752,3.904593808821504,False,6.2703387884507755,2.6342550203707287,False
14831,0.27504969118543415,0.5694422704242237,769.2314405640323,117.49470446251385,0.7874671936035156,test,92.52322518637024,13.504645037274049,False,5.242985151329716,13.261659885944333,True
14833,0.3084782636933827,1.0,434.4814601229518,74.22110317972789,0.8843242883682251,train,65.63552425131748,8.127104850263496,False,5.268864831228677,7.858240019034819,False
14834,0.9589900557794251,0.9323122078004471,278.014119987266,146.69221601306424,0.48857060074806213,test,71.6695041025673,9.333900820513461,False,5.672429062777711,8.66147175773575,False
14835,0.44079017636975526,0.7366467950878673,175.61876143931778,42.89374677925573,0.8245885014533997,train,35.36969037842807,2.0739380756856143,False,5.365191696678794,1.7087463790068202,False
14837,1.7591005664425794,0.9746632779670928,406.30686986689074,395.33747799309367,0.129265096783638,train,51.10333735497662,5.220667470995323,False,6.014904744894367,4.205762726100956,False
14838,0.4344529716412117,0.8979792149812884,611.8136421717955,147.6015027833173,0.613222622871399,train,90.51258067654592,13.102516135309184,False,5.360783572103493,12.74173256320569,False
14839,0.7136699595406631,0.871426874484864,263.83172962338165,104.37981775444688,0.4572018444538116,test,47.722645201085825,4.544529040217165,False,5.538637245940464,4.005891794276701,False
14840,0.6603001800780653,0.9321303356453073,129.74623112658136,47.3770025961782,0.6423507690429687,train,30.432654052605795,1.0865308105211593,False,5.506998417392759,0.5795323931284004,False
14841,2.906389768519649,0.9345245763359732,503.6430698379071,809.6053810544636,0.08939392194151878,train,72.37380023741629,9.474760047483258,False,6.3626136146034895,8.112146432879769,False
14842,1.4779539615356831,0.9486980890881072,1208.4107003910283,975.9373246363909,0.24174131751060485,test,235.924374665376,42.18487493307521,True,5.907433204154492,41.277441728920714,True
14843,0.36827667701319705,1.0,434.4814601229518,88.42513036034713,0.7579189777374268,train,67.01908440901299,8.403816881802598,False,5.313552048029383,8.090264833773215,False
14844,1.6460363599784247,0.9564471318039232,787.2328010234537,715.7416675670318,0.2107239454984665,test,150.82390814737673,25.164781629475346,True,5.973062807086795,24.19171882238855,True
14845,0.24397648598685798,1.0,434.4814601229518,58.84414169866071,0.8666336059570312,test,50.996310709756834,5.199262141951367,False,5.218313092198519,4.980949049752848,False
14846,0.3789434419427411,1.0,434.4814601229518,90.95401331946287,0.7110795021057129,test,64.67553450572004,7.9351069011440085,False,5.321317584150453,7.6137893169935555,False
14847,0.5763303271491419,0.8615358969927974,680.6265370627357,217.0770607991113,0.5385205388069153,train,116.90045574415893,18.380091148831788,True,5.455099567917889,17.924991580913897,True
14848,0.40924080914323396,1.0,434.4814601229518,98.1294317994375,0.6813801646232605,test,66.86344839388774,8.372689678777547,False,5.343051126151101,8.029638552626446,False
14849,4.771426307316188,0.9795376175010488,623.4130748588967,1642.9740563250814,0.0,train,0.0,-5.0,False,6.752919243615015,-6.752919243615015,False
14850,1.3274435868928511,0.9063276134365092,432.6613276220565,317.1077746696098,0.2953673481941223,train,93.66328249590191,13.732656499180383,True,5.844770492235327,12.887886006945056,False
14851,0.5477342845840313,0.9390409693429433,247.21926317678538,75.05063435289868,0.6173507690429687,test,46.33256683492465,4.266513366984929,False,5.436792109648344,3.829721257336585,False
14852,2.50090935674525,0.9524078470689024,478.4816448193801,660.8574471737498,0.1285243570804596,train,84.93627851983999,11.987255703968,False,6.253022750961909,10.73423295300609,False
14853,1.3055248446781478,0.9639064437321342,245.5227710515396,177.1577327151763,0.28706775307655336,train,50.85627227068227,5.171254454136454,False,5.835308348871209,4.335946105265245,False
14854,2.0494539990500327,0.9684727812455083,409.61773653727727,464.20467807041354,0.031157984957098962,train,14.463682376332912,-2.1072635247334173,False,6.11496255788901,-3.222226082622427,False
14855,0.6891090674035808,0.7074405478132566,1958.0119220749746,746.5238761530926,0.4398208916187286,train,328.3367968243225,60.66735936486451,True,5.5242012108761145,60.143158153988395,True
14857,0.7478729333764996,0.8049025157801315,779.6772362445515,322.7915963620015,0.4420757949352264,train,142.69835156014256,23.539670312028512,True,5.5583995820147365,22.981270730013776,True
14858,0.3029263204105105,1.0,434.4814601229518,72.899909557736,0.8607261538505554,train,62.74685876968345,7.54937175393669,False,5.264612750427654,7.284759003509036,False
14859,0.648766343553617,0.9482284552498255,321.6073717607827,115.43229352221965,0.4989220082759857,train,57.59171170400889,6.518342340801778,False,5.500027337693884,6.018315003107895,False
14861,1.6909556830421553,0.749233476758004,157.25841642030142,147.14474874447967,0.4655351758003235,test,68.50105647485577,8.700211294971155,False,5.989896403025792,7.710314891945362,False
14865,0.704576016192953,0.9098660983595072,63.85284644974745,24.954889318296875,0.580283111333847,test,14.480900816613095,-2.103819836677381,False,5.533316408957183,-2.6371362456345637,False
14866,0.8966132107978708,0.28800504170401653,777.5339865545486,382.64445413378024,0.5517722427845001,train,211.1325886464467,37.22651772928934,True,5.64006977495935,36.58644795432999,True
14867,4.253805388054372,0.9900250590029785,200.0152309533857,470.3451588139777,0.018114506825804712,test,8.520070589820001,-3.2959858820359997,False,6.658952649856801,-4.9549385318928,False
14868,2.0516593781845405,0.9444292613489389,359.9414722839526,405.34419644969137,0.15188405513763428,train,61.56532028328498,7.313064056656998,False,6.115685501094356,6.197378555562642,False
14869,0.9600823092445637,0.8789178723969101,553.0339010114366,294.21226362960425,0.28706775307655336,train,84.45885344771705,11.89177068954341,False,5.672986466873214,11.218784222670196,False
14870,1.4170957734187493,0.9519754193661858,379.60094001881,297.6692791021884,0.28706775307655336,test,85.45125111178267,12.090250222356534,False,5.882566725850966,11.207683496505568,False
14871,1.859760383888135,0.9584612817275941,145.7399703044282,150.0334740384527,0.28706775307655336,test,43.069772278488024,3.6139544556976055,False,6.0507378394645706,2.563216616233035,False
14872,0.6699535645452853,0.719655001222455,273.923027174833,101.58897818042405,0.6173507690429687,train,62.716033805974156,7.543206761194831,False,5.512795820380574,7.030410940814257,False
14873,0.5496841358320335,0.9478682120362858,504.2940063324349,153.64764892018488,0.5961629390716553,test,91.59903396170726,13.319806792341453,False,5.438051126830339,12.881755665511115,False
14874,0.28123597786472987,1.0,434.4814601229518,67.73409531413765,0.8666336059570312,train,58.700643268328356,6.740128653665671,False,5.247825219739117,6.492303433926554,False
14875,0.8527902880088675,0.9256583748124603,375.0146394028131,176.24460372702728,0.4314875602722168,test,76.04735407331864,10.20947081466373,False,5.616692766591386,9.592778048072343,False
14876,0.43118915432043237,0.6402734782016967,121.7523585519756,29.05067942787178,0.7938617467880249,train,23.062223115989234,-0.3875553768021529,False,5.35850567515154,-0.746061051953693,False
14877,0.5021568731607362,0.8809482299906877,257.8941576302584,71.79480088459566,0.7030795097351075,train,50.477453407471174,5.095490681494235,False,5.406901990738192,4.688588690756043,False
14878,5.166700962465959,0.9847654815714086,203.45515139857483,580.029674515787,0.018114506825804712,train,10.506951498185508,-2.8986097003628983,False,6.819164004881671,-4.71777370524457,False
14879,0.2074786859110228,1.0,434.4814601229518,50.114835786013764,0.9335925817489624,train,46.78683892538988,4.357367785077976,False,5.188534454969361,4.168833330108615,False
14880,1.6541589000825998,0.9511882241862054,257.336636260952,232.14001212304515,0.3244778633117676,train,75.32429512285351,10.064859024570703,False,5.976127806040371,9.08873121853033,False
14882,0.9970608805315321,0.2869551287717169,312.4241330984653,171.8770991539389,0.5882226228713989,train,101.10199807585744,15.220399615171488,True,5.691676539963748,14.52872307520774,True
14883,1.252115170500745,1.0,434.4814601229518,294.70532881099507,0.41024417281150816,train,120.9011438412102,19.180228768242042,True,5.811869850399937,18.368358917842105,True
14884,0.21310393306911085,1.0,434.4814601229518,51.46166984493818,0.9864406824111939,train,50.76388471986037,5.152776943972075,False,5.19318230895345,4.959594635018625,False
14885,0.6184504582532517,0.7207254157928954,563.2600899801923,192.16787721222616,0.597990345954895,train,114.9145353755569,17.98290707511138,True,5.481469184248239,17.501437890863144,True
14886,0.8697693397413027,1.0,434.4814601229518,206.12180185989308,0.5234670341014862,train,107.89796828325244,16.579593656650488,True,5.6258150755266145,15.953778581123874,True
14888,1.30843021277153,1.0,434.4814601229518,307.6935247606501,0.4314875602722168,train,132.76592831053185,21.553185662106372,True,5.83656773195631,20.71661793015006,True
14889,0.5360451019710034,1.0,434.4814601229518,128.05077734324456,0.7456257104873657,train,95.4779518350162,14.09559036700324,True,5.42921099755676,13.66637936944648,True
14890,0.8408174073752355,0.9484201979298384,275.2024595429633,128.16295384426124,0.4989220082759857,train,63.94331831856128,7.788663663712256,False,5.61020971611284,7.178453947599416,False
14891,1.4444759403360021,0.9625698919393164,403.71783688683115,320.73281476220865,0.26168313920497893,train,83.93036981302377,11.786073962604757,False,5.8938307606219995,10.892243201982758,False
14892,0.20531092340746787,1.0,434.4814601229518,49.5956734020554,0.9585925817489624,test,47.54204461005463,4.508408922010927,False,5.1867375613832305,4.321671360627697,False
14893,0.235213505242728,1.0,434.4814601229518,56.75023204849393,0.7850553154945373,train,44.552071325218606,3.9104142650437215,False,5.211243833877184,3.6991704311665377,False
14894,0.42970674908461204,0.8895987239274793,518.7895619343858,123.79390301871484,0.5882226228713989,train,72.81837432915603,9.563674865831207,False,5.35746935267177,9.206205513159436,False
14895,4.5552118284784875,0.9845483903139036,1066.3594940113142,2684.787849467216,0.0,train,0.0,-5.0,False,6.714736555303973,-6.714736555303973,False
14896,2.2009372646904266,0.9783904608304352,224.8242174195228,273.80804520246375,0.2009523794054985,train,55.02237818380338,6.004475636760677,False,6.163443662136009,4.841031974624668,False
14897,1.3026472001517966,0.9379983137946873,413.2758139796365,298.14654899938114,0.2716831386089325,test,81.00139019757376,11.200278039514753,False,5.834059417680094,10.366218621834658,False
14898,3.2865934936116012,0.9646607855671476,221.80757146119464,403.1347318028555,0.031157984957098962,train,12.560865909197497,-2.4878268181605003,False,6.455492360076138,-3.9433191782366386,False
14899,0.4224605755010302,1.0,434.4814601229518,101.25693657534812,0.597990345954895,train,60.55067053302528,7.110134106605058,False,5.352388171696518,6.75774593490854,False
14900,0.2902410967448203,1.0,434.4814601229518,69.87958781794498,0.8430354714393615,test,58.91097126008951,6.782194252017902,False,5.25482909761198,6.527365154405922,False
14901,1.5004566583957462,0.5606433618801024,175.64534576023965,144.99348202780533,0.5882226228713989,train,85.2884462976527,12.057689259530541,False,5.916473378551533,11.141215880979008,False
14902,0.594724807902131,0.8672663224227704,327.92048138380346,107.8921763182439,0.5204034864902496,test,56.147464721034865,6.229492944206974,False,5.466701187120426,5.762791757086548,False
14903,2.8125735877887164,0.9514601110478694,613.7970276990145,938.0595414188626,0.05441379956901073,train,51.043383870564114,5.208676774112824,False,6.338304443462328,3.870372330650496,False
14904,0.6622700569270532,0.6879771613558741,273.3899721594941,99.72041940322812,0.5749339938163758,train,57.33265899254196,6.466531798508392,False,5.508184172359112,5.95834762614928,False
14905,1.883723463457852,0.9677107116551986,241.3463420495286,251.6478186015058,0.15285024046897888,train,38.46442958673414,2.6928859173468283,False,6.059082328368247,1.633803588978581,False
14907,1.818563891042513,0.6378186551079805,388.93455475561206,390.2079396760388,0.4070945978164673,train,158.85154426720933,26.77030885344187,True,6.036227496738311,25.734081356703555,True
14908,0.3396036624828339,1.0,434.4814601229518,81.62022394361894,0.8666336059570312,train,70.7348289952789,9.146965799055781,False,5.2923737959464425,8.854592003109339,False
14909,0.732852977434659,0.8327017138962107,516.9971569454264,209.87175870078582,0.4655351758003235,train,97.7026860822934,14.54053721645868,True,5.549769170109019,13.990768046349661,True
14911,47.851510427671506,0.9987722390927091,1053.3370656397778,27830.242881924754,0.012173912674188613,train,338.8029465460112,62.760589309202246,True,8.888785297717472,58.87180401148477,True
14912,0.961994788785371,0.9477799998559362,496.7289660150758,264.2434313329056,0.3580902099609375,train,94.62298580679872,13.924597161359745,True,5.673961705066947,13.250635456292798,False
14913,2.4996025116376823,0.9024789412585786,556.6334297678578,765.0005303729811,0.0718051042407751,train,54.93094282768015,5.986188565536031,False,6.252649393942503,4.733539171593527,False
14915,2.378406962581461,0.939758754390411,187.2825806267977,246.44193701500208,0.17688405364751816,train,43.59164880795992,3.718329761591985,False,6.217404285546396,2.5009254760455892,False
14916,1.5038479268480618,0.8933133322013438,346.9332315353446,288.2656415167364,0.2953673481941223,train,85.14425811027593,12.028851622055186,False,5.917828719304152,11.111022902751033,False
14917,0.24550091465461227,1.0,434.4814601229518,59.20827970738354,0.8059141635894775,train,47.71679121794784,4.543358243589569,False,5.219537790087241,4.323820453502329,False
14918,1.2569450601993641,0.606224102861191,686.9533593013367,476.78345612182284,0.4572018444538116,train,217.98627554396037,38.597255108792076,True,5.814012155580494,37.783242953211584,True
14919,0.2785766466078378,1.0,434.4814601229518,67.10027790678568,0.8163737654685974,train,54.77890653875196,5.955781307750392,False,5.245747464368917,5.710033843381475,False
14920,0.6319424051769662,0.9467670158960125,879.8748358402352,307.7081511411479,0.4572018444538116,train,140.68473425520506,23.136946851041014,True,5.489770964973689,22.647175886067323,True
14921,1.4032036326583965,1.0,434.4814601229518,329.52249136135396,0.33108163475990293,train,109.09884513007306,16.81976902601461,True,5.876802694178745,15.942966331835866,True
14922,0.6472154214162796,0.8447369967906573,327.01040973684974,116.92854084665949,0.5568538665771484,train,65.11211008368637,8.022422016737275,False,5.499086238887885,7.523335777849391,False
14924,0.8742310587566308,0.9499408953499325,322.6901236009332,156.1830660966548,0.5517722427845001,train,86.17748066511105,12.23549613302221,False,5.628198473311089,11.60729765971112,False
14926,0.5544025622107909,0.8914645733799846,192.344402518493,59.061165075396985,0.6925609827041626,train,40.9034585242697,3.18069170485394,False,5.44109126743974,2.7396004374142002,False
14927,0.4209495989297668,1.0,434.4814601229518,100.89957424910988,0.7030795097351075,train,70.94042319554525,9.18808463910905,False,5.351325379752483,8.836759259356567,False
14928,0.23061206590957892,1.0,434.4814601229518,55.65023168373523,0.8850211501121521,test,49.25163204874708,4.850326409749416,False,5.207511660175892,4.642814749573524,False
14929,0.38640529964851567,1.0,434.4814601229518,92.72224712068062,0.6563801646232605,train,60.861043829310994,7.1722087658622,False,5.326714282008979,6.845494483853221,False
14930,1.2699415683725803,0.9395394049583056,977.2496215660419,685.9381251187359,0.2259523779153824,train,154.98935047339748,25.9978700946795,True,5.819754090356981,25.17811600432252,True
14931,0.9549633347382653,1.0,434.4814601229518,225.92769429058254,0.4753188967704773,train,107.38770240009735,16.47754048001947,True,5.670371438651877,15.807169041367594,True
14932,0.8249683901626772,0.7415291622998978,335.27484415244135,152.00411437004777,0.566741144657135,train,86.14698577067493,12.229397154134986,False,5.601562666425647,11.62783448770934,False
14933,0.5206798095728744,0.5703736494642184,803.8141631483229,230.6907778265777,0.6409070014953613,test,147.8513346894645,24.5702669378929,True,5.4191574780148315,24.151109459878068,True
14934,1.3428046815233827,0.9087274231496452,678.6786649025905,501.3463716284268,0.19747986942529677,train,99.00581600602804,14.801163201205611,True,5.851348793491432,13.949814407714179,False
14935,0.5532968334570215,0.9283342989192183,1541.472326645593,472.6009399099286,0.5580103933811188,test,263.71623639142575,47.74324727828515,True,5.440379661418918,47.30286761686624,True
14936,1.3278260794151837,0.9365033881403851,1475.60766665431,1082.2802248962796,0.17688405364751816,train,191.43811336220153,33.28762267244031,True,5.8449348189234085,32.4426878535169,True
14938,0.26421204424989764,1.0,434.4814601229518,63.67485642857345,0.6718820452690124,test,42.78199276944065,3.5563985538881298,False,5.234449038181931,3.3219495157061987,False
14940,0.43749492126404405,0.8999024204881825,364.7496871326528,88.60876373531322,0.6325830459594727,test,56.052401662387695,6.210480332477539,False,5.362901960649419,5.847578371828121,False
14941,0.25506350462531424,1.0,434.4814601229518,61.49165794629337,0.8850211501121521,train,54.42141783793162,5.8842835675863245,False,5.227186172598616,5.657097394987709,False
14942,0.9386322642607405,0.8677329829766247,227.54313311900842,118.36063887885365,0.4753188967704773,train,56.25904829294558,6.251809658589117,False,5.661982706010579,5.589826952578538,False
14943,0.21544043580310848,1.0,434.4814601229518,52.02093529140676,0.9693883180618286,train,50.428486966140014,5.085697393228003,False,5.195106509709149,4.890590883518854,False
14944,2.5049902095254337,0.982662676050467,632.8285223813074,875.7971615775657,0.018114506825804712,train,15.864633661417207,-1.8270732677165586,False,6.2541877271946165,-3.081260994911175,False
14945,0.39682479243402624,1.0,434.4814601229518,95.19022863507654,0.7379132986068726,train,70.24213560725171,9.048427121450343,False,5.334201655397304,8.71422546605304,False
14947,1.0831140326642519,0.8305859279048385,165.16568481412855,98.92166503646087,0.4655351758003235,train,46.05151472320952,4.210302944641905,False,5.733863905218364,3.476439039423541,False
14948,1.1529831783914628,1.0,434.4814601229518,271.80843727589195,0.4504091262817383,test,122.42500074943916,19.485000149887835,True,5.766854405249735,18.7181457446381,True
14949,0.829900040752441,0.7572454495875082,162.73382153874894,74.83308538428605,0.7030795097351075,test,52.61360898394927,5.522721796789854,False,5.604261342821815,4.91846045396804,False
14952,5.654695060319568,0.9846889751429264,667.1251671252261,2084.8334817244786,0.0,train,0.0,-5.0,False,6.895322629658196,-6.895322629658196,False
14953,0.6285229963753562,0.6696693704244736,417.2550819713963,144.4936945142723,0.48857060074806213,train,70.595371133145,9.119074226629,False,5.487673466835158,8.631400759793841,False
14954,0.20076615429533493,1.0,434.4814601229518,48.50697710938501,0.8637323379516602,train,41.89704474565678,3.3794089491313564,False,5.182959814976638,3.1964491341547188,False
14955,0.19131914382366463,1.0,434.4814601229518,46.24281635011668,0.9135925769805908,train,42.24709375614329,3.4494187512286594,False,5.175061217385713,3.274357533842946,False
14956,0.38640529964851567,1.0,434.4814601229518,92.72224712068062,0.7030795097351075,train,65.19111204714561,8.038222409429123,False,5.326714282008979,7.711508127420144,False
14957,0.5338422352430713,0.9400818453359759,126.17153528809064,37.34230281649652,0.7012751817703247,train,26.187230195361103,0.23744603907222128,False,5.427775852312619,-0.19032981324039788,False
14958,1.3280791524314153,0.9750846392184535,176.23171702821097,129.64789895477463,0.3185303270816803,test,41.296787659517,3.259357531903401,False,5.845043529476515,2.4143140024268863,False
14959,1.5526132543723334,0.9343397331589199,278.03871651826387,235.61700011560237,0.3037344217300415,train,71.5649932798796,9.312998655975921,False,5.937117640051732,8.37588101592419,False
14961,4.154660120887828,0.9684953361547143,814.5104126772076,1870.7682793265678,0.018114506825804712,train,33.88804476536005,1.7776089530720105,False,6.639901183362792,0.13770776970921883,False
14962,1.329192221019629,0.9394632478543316,105.7915721252018,77.67449311035882,0.42228121161460874,train,32.800479062192906,1.5600958124385818,False,5.845521521210365,0.7145742912282165,False
14963,1.2975130246411601,0.5188081068196133,298.2886911816304,213.15028363782184,0.4572018444538116,test,97.45270282506524,14.490540565013049,True,5.831827244281107,13.658713320731941,False
14964,0.9033362917498514,1.0,434.4814601229518,213.93065332059257,0.5882226228713989,train,125.8388500088309,20.167770001766183,True,5.643608289333024,19.52416171243316,True
14966,0.9599314982109757,0.8802205628659722,260.77549205459013,138.7124380061793,0.4198208928108215,train,58.23437956771993,6.646875913543987,False,5.672909522739305,5.973966390804682,False
14967,0.670379429395391,0.8629330228700538,620.7843502446857,230.83210018985153,0.4655351758003235,train,107.46046234224042,16.492092468448085,True,5.513050803852692,15.979041664595393,True
14968,0.3445711881341804,1.0,434.4814601229518,82.79991152726852,0.7362196326255799,train,60.958920446036146,7.19178408920723,False,5.296075142989054,6.895708946218177,False
14969,0.20076615429533493,1.0,434.4814601229518,48.50697710938501,0.8843242883682251,train,42.895898013150685,3.5791796026301377,False,5.182959814976638,3.3962197876535,False
14970,2.41926266988802,0.9542230998628859,527.602277168786,705.2366443400382,0.0718051042407751,test,50.63959076125088,5.127918152250176,False,6.229424934230878,3.898493218019298,False
14972,0.44481622074729016,1.0,434.4814601229518,106.54128978952978,0.7850553154945373,train,83.64080586891423,11.728161173782848,False,5.367982130602121,11.360179043180727,False
14973,1.088431117051262,1.0,434.4814601229518,256.87396099781785,0.5385205388069153,train,138.3319038820114,22.66638077640228,True,5.736413122391189,21.929967654011094,True
14975,0.38640529964851567,1.0,434.4814601229518,92.72224712068062,0.7180182814598084,test,66.57626853068277,8.315253706136554,False,5.326714282008979,7.988539424127575,False
14976,2.184475633768099,0.9571723303553167,175.57342144012702,209.44645719254277,0.28706775307655336,test,60.12532385610777,7.025064771221555,False,6.158287639290543,5.866777131931012,False
14977,0.19351707494041473,1.0,434.4814601229518,46.76973159704555,0.9050211548805237,train,42.327596503410284,3.4655193006820575,False,5.176904473305565,3.2886148273764926,False
14978,3.169951515518234,0.9595069583613065,311.862571578697,545.0172726363547,0.05441379956901073,train,29.656460634883484,0.9312921269766967,False,6.427904408769072,-0.49661228179237504,False
14979,0.19039239161819413,1.0,434.4814601229518,46.020618558921534,0.8110046029090882,train,37.32293348000877,2.4645866960017546,False,5.174282993626496,2.290303702375259,False
14980,0.18977953149423307,1.0,434.4814601229518,45.873671164935395,0.8850211501121521,train,40.59916921425779,3.119833842851559,False,5.173768022307361,2.946065820544198,False
14981,0.9079461409137496,0.9310894645632156,161.94309020399226,80.96404019792183,0.597990345954895,train,48.4157144078613,4.683142881572261,False,5.64602734459505,4.03711553697721,False
14982,0.2584189155606697,1.0,434.4814601229518,62.292537606275665,0.8112601280212403,train,50.53545203323512,5.107090406647025,False,5.229856104086236,4.8772343025607885,False
14983,0.2056690639722207,1.0,434.4814601229518,49.68145078936468,0.9135925769805908,test,45.388604654790086,4.077720930958018,False,5.187034652665002,3.890686278293016,False
14984,0.73959786944659,0.8923784865559401,466.9731533689429,191.43568266907195,0.4572018444538116,train,87.52474721057428,12.504949442114857,False,5.553653977003065,11.95129546511179,False
14985,1.1707537193526856,0.9469333697114691,219.433381991823,140.94167418262094,0.42095860838890076,train,59.330611027917975,6.866122205583595,False,5.775074443352375,6.09104776223122,False
14986,0.479792971938345,0.9087298751872819,274.7591790517601,73.14120491265214,0.5677781164646148,train,41.52797556125807,3.3055951122516145,False,5.391902194165926,2.9136929180856885,False
14987,1.4279528380952644,0.864525685446529,244.46064431431685,193.2922541980196,0.4420757949352264,train,85.44982692941137,12.089965385882277,False,5.887048448830373,11.202916937051903,False
14988,2.4109416706085733,0.972486898210725,283.5295485655673,377.2008499495588,0.10591566115617752,train,39.95147741107963,2.9902954822159264,False,6.226988402911689,1.7633070793042371,False
14989,0.21623070540269082,1.0,434.4814601229518,52.21007373630535,0.8850211501121521,train,46.207019505545226,4.241403901109045,False,5.195756490386233,4.045647410722812,False
14990,0.3553510739396495,0.7274073811813778,163.42708090758595,32.24614265489132,0.8379218339920044,train,27.01974699255434,0.40394939851086775,False,5.304060515930723,0.09988888258014494,False
14991,0.3753197360068338,1.0,434.4814601229518,90.09506013842393,0.7110795021057129,train,64.06475050541475,7.812950101082951,False,5.318686239364094,7.494263861718856,False
14992,0.36149350263339586,1.0,434.4814601229518,86.81623663632352,0.7180182814598084,train,62.33564503242107,7.467129006484214,False,5.308582260908316,7.158546745575898,False
14993,0.2636210580611594,1.0,434.4814601229518,63.53386236451501,0.8850211501121521,test,56.22881194091025,6.245762388182051,False,5.23398145493922,6.011780933242831,False
14994,1.3161441872212478,0.7911101388132161,202.972552902524,147.6239643753431,0.4070945978164673,train,60.09691840545279,7.019383681090559,False,5.8399038147768545,6.179479866313705,False
14995,0.7201143776516326,1.0,434.4814601229518,171.216784299875,0.6675609827041626,train,114.2976447826712,17.85952895653424,True,5.542390787249095,17.317138169285144,True
14996,0.32284950561190195,1.0,434.4814601229518,77.63905120385385,0.7124559998512268,train,55.31440785294229,6.062881570588459,False,5.279788126290571,5.783093444297888,False
14997,0.21863671213733513,1.0,434.4814601229518,52.78584946358329,0.8850211501121521,train,46.71659320190741,4.343318640381481,False,5.197732784865691,4.14558585551579,False
14998,0.9347187634846148,0.9499175945128429,226.99849356058303,117.37640228652697,0.3766728937625885,test,44.21250910870782,3.842501821741564,False,5.6599619740501765,3.1825398476913875,False
14999,0.24756339472830116,1.0,434.4814601229518,59.70088351294342,0.9135925769805908,train,54.54228401660805,5.908456803321611,False,5.221192364769851,5.68726443855176,False
15001,0.42398246121480393,1.0,434.4814601229518,101.61685279747078,0.7306869387626648,test,74.25010709728025,9.85002141945605,False,5.353457496351297,9.496563923104754,False
15002,2.19393457093469,0.9171665437711071,424.05336913693424,514.4180863941125,0.12470508813858032,train,64.15055280385762,7.830110560771525,False,6.161253564590731,6.668856996180794,False
15003,0.7793655437062286,0.4302814046468391,145.74364253551738,62.83102779336241,0.7229745268821717,train,45.42523259242677,4.085046518485354,False,5.576256864645445,3.5087896538399095,False
15005,11.777745369330832,0.9952051398689323,252.97584379724265,1645.8072617466657,0.005940594151616097,train,9.777072993819544,-3.044585401236091,False,7.547705014710575,-5.592290415946666,False
15006,0.3496864249048345,1.0,434.4814601229518,84.01434320577044,0.7162139534950256,test,60.17224489769279,7.03444897953856,False,5.29987228762139,6.7345766919171695,False
15008,0.47695519987965646,0.828808243007704,274.98874667441567,72.70477360203145,0.7107919216156006,train,51.677965739215125,5.335593147843026,False,5.389982671254191,4.945610476588835,False
15011,0.7076476970650661,0.7091832863605484,236.94611206295917,92.30034833725493,0.6866701960563659,train,63.37989828881371,7.675979657762744,False,5.5351168077352,7.140862850027544,False
15012,0.5803864103297407,0.8907689659689649,232.81389485516246,74.79836484852956,0.5484078168869019,train,41.020007973292074,3.204001594658415,False,5.457669380637934,2.746332214020481,False
15013,0.10422625241156037,0.03342584415790186,161.84571662557235,9.321594490781587,0.7466461181640625,train,6.959932341641583,-3.6080135316716833,False,5.099144865636408,-3.707158397308091,False
15015,0.084197215154132,0.026548232097555458,226.06181419159103,10.527446597967968,0.7656313896179199,train,8.060143567930659,-3.387971286413868,False,5.0808398192687045,-3.4688111056825726,False
15016,0.912976521508061,0.8106815883022925,182.88510712138023,92.21047611163566,0.5051337063312531,test,46.578619560839996,4.315723912168,False,5.648660417255806,3.6670634949121936,False
15018,1.0970483412817678,0.9202491204435362,225.86947426983866,136.0232411772473,0.4753188967704773,train,64.65441693151374,7.930883386302748,False,5.740530804244333,7.190352582058415,False
15019,0.7878618654834396,1.0,434.4814601229518,187.0370114117569,0.5385205388069153,train,100.72327216229449,15.1446544324589,True,5.581020417325861,14.56363401513304,True
15020,0.4482049505026783,1.0,434.4814601229518,107.34182317443612,0.7319949269294739,train,78.57367001104787,10.714734002209575,False,5.370324824350029,10.344409177859546,False
15021,2.5792763057695054,0.9638045017264393,221.07072282081117,313.6730458244801,0.09918158426880837,train,31.11058962729446,1.2221179254588925,False,6.275160630751305,-0.053042705292412506,False
15022,0.21006635865100307,1.0,434.4814601229518,50.73445956993971,0.9135925769805908,train,46.35062566021882,4.2701251320437645,False,5.190675199965224,4.079449932078541,False
15023,3.689261767073543,0.9753601226720443,625.7984337367686,1275.0096253288352,0.005940594151616097,train,7.5743147234827095,-3.4851370553034577,False,6.5452751643273555,-5.030412219630813,False
15024,2.731409665101251,0.7008058160012339,311.3344185388253,465.9861059060876,0.28706775307655336,train,133.76958438735338,21.753916877470676,True,6.316786088560171,20.437130788910505,True
15025,0.26070538309436186,1.0,434.4814601229518,62.838180368722156,0.7319949269294739,test,45.99722924738388,4.199445849476776,False,5.231671392170902,3.9677744573058735,False
15026,1.87640250274566,0.9427783420093157,166.2092430012641,171.42772926096865,0.17785023897886276,test,30.488462616667057,1.0976925233334116,False,6.056540382342353,0.04115214099105824,False
15027,2.300958499889071,0.9698251191016797,378.41563687433046,480.75698408621577,0.08137032128870487,train,39.119350256884154,2.823870051376831,False,6.194212880810529,1.6296571705663023,False
15028,0.9773720125874636,0.5662102747797566,209.38827832458958,112.311456923182,0.597990345954895,test,67.1611669801919,8.432233396038379,False,5.681768696738304,7.750464699300075,False
15029,0.23427857400745963,1.0,434.4814601229518,56.526758823293534,0.8850211501121521,train,50.02737710590348,5.005475421180698,False,5.210486648796257,4.794988772384441,False
15030,2.146666014247897,0.9419202787181645,211.7680956693965,251.13492304482628,0.15666160881519317,train,39.34320107388221,2.868640214776443,False,6.146343484152805,1.722296730623638,False
15031,2.3829685389571553,0.9340189506152029,297.67727544679394,392.42160322753375,0.09635044410824775,test,37.809995748643466,2.5619991497286936,False,6.2187535900087,1.3432455597199935,False
15032,1.8848700149265214,0.9574347174493666,1543.4773107011747,1610.1240750900718,0.10831217467784882,train,174.39604007416563,29.879208014833125,True,6.059479843460292,28.819728171372834,True
15033,2.1372659204885296,0.9498098479492492,311.3824642910478,363.52411107381477,0.09635044410824775,test,35.025709546018035,2.0051419092036076,False,6.143351694659053,0.8617902145445546,False
15034,3.6362756150016122,0.9600015935705597,650.1219647546981,1302.5054480103365,0.018114506825804712,test,23.594243828631065,-0.2811512342737865,False,6.5339113747460855,-1.815062609019872,False
15037,0.4533862046956033,1.0,434.4814601229518,108.56556988654933,0.7030795097351075,train,76.33022764994764,10.26604552998953,False,5.3738961474088285,9.892149382580701,False
15038,3.805883180215723,0.9796931373350569,166.6008577742448,347.4379877717946,0.14231883808970452,test,49.44697072790678,4.889394145581356,False,6.569840829947637,3.319553315633719,False
15039,19.040820780064028,0.9973825376575174,517.6412831711087,5442.264096132703,0.013698217459022999,test,74.54931705825902,9.909863411651806,False,7.9977712324669685,6.912092179184837,False
15040,0.27726577175357986,1.0,434.4814601229518,66.78780968615501,0.8666336059570312,train,57.880560342284454,6.576112068456892,False,5.244721677364378,6.331390391092514,False
15041,0.35928772221968536,1.0,434.4814601229518,86.29292552257814,0.75689857006073,train,65.31499193439647,8.062998386879295,False,5.3069608288895855,7.75603755798971,False
15042,0.5941587359668653,0.9494590557931604,189.66338063962502,62.4093748510844,0.6708616375923157,train,41.86805541371116,3.373611082742233,False,5.4663461588270295,2.9072649239152035,False
15043,0.33237389477157026,0.16452123416713763,477.4121115782207,87.46524782237289,0.6925609827041626,test,60.57501798432568,7.115003596865137,False,5.286962234509281,6.828041362355855,False
15044,6.35768759586986,0.9840395312231923,547.3143371383482,1922.3484219235445,0.0,train,0.0,-5.0,False,6.9957456980304595,-6.9957456980304595,False
15045,0.8386209039309608,1.0,434.4814601229518,198.86926101776425,0.6423507690429687,train,127.74382275376774,20.54876455075355,True,5.609015781865622,19.939748768887927,True
15046,5.4679599844205455,0.9887085124196303,258.04814945239156,779.1681544022913,0.005940594151616097,train,4.6287217811677595,-4.074255643766448,False,6.866860754995127,-5.941116398761575,False
15047,0.7722872659525143,1.0,434.4814601229518,183.40296311224327,0.5882226228713989,train,107.88177200427016,16.576354400854033,True,5.572270953012527,16.004083447841506,True
15048,1.1141261524762875,0.9382907568126821,205.74951191283157,125.84315606553389,0.4411748945713043,test,55.51884110973211,6.103768221946423,False,5.7486415604434935,5.355126661502929,False
15049,0.7524588779170472,1.0,434.4814601229518,178.77390328403865,0.7456257104873657,train,133.29841865276092,21.659683730552185,True,5.561019874839349,21.098663855712836,True
15050,0.6314402432332942,0.7673977610391262,949.2698486314795,330.85046941481863,0.4655351758003235,train,154.02253144264714,25.804506288529428,True,5.489463209493111,25.315043079036318,True
15051,1.3883354770735905,0.8418832343919086,394.45385616549544,303.2437178244365,0.28706775307655336,train,87.05149271044135,12.41029854208827,False,5.8705966702000065,11.539701871888264,False
15052,0.5811038306955103,1.0,434.4814601229518,138.64444581804423,0.7379132986068726,test,102.30758034711484,15.46151606942297,True,5.458123230135095,15.003392839287876,True
15053,0.7157203584534497,1.0,434.4814601229518,170.1895486840377,0.6167334914207458,train,104.96159456322758,15.992318912645516,True,5.539833026511926,15.45248588613359,True
15055,0.6522940997445595,0.8221161102609319,180.25416168832282,65.20323450552924,0.6423507690429687,train,41.88334782871574,3.376669565743148,False,5.50216468573371,2.8745048800094377,False
15056,0.2916779974718079,1.0,434.4814601229518,70.22182515883698,0.8843242883682251,train,62.098865561506436,7.4197731123012876,False,5.255942146334963,7.163830965966325,False
15057,1.2968444567034514,0.9490947618578045,722.1462131744637,518.7474871911331,0.28706775307655336,train,148.91567556206672,24.783135112413348,True,5.831536205568886,23.95159890684446,True
15058,2.477447356867449,0.9594377190478998,250.24051573927255,342.45416859179795,0.0718051042407751,test,24.589957273422023,-0.08200854531559543,False,6.2462985064887855,-1.328307051804381,False
15059,3.638152247157233,0.9788329673827764,207.54811726020543,417.4938512288743,0.04137032143771648,test,17.271854823608713,-1.5456290352782571,False,6.534316064331066,-3.0799450996093234,False
15061,16.150367108999628,0.9970212406558808,1810.1253286689926,16145.996173483803,0.018114506825804712,train,292.4767578939891,53.49535157879782,True,7.842019579155421,50.653331999642404,True
15062,2.366724125889216,0.9702491503079215,308.9340096762092,403.5504282110946,0.018114506825804712,train,7.310116986386287,-3.5379766027227424,False,6.21394020212927,-4.751916804852012,False
15063,1.225753173558284,1.0,434.4814601229518,288.62068756352375,0.5204034864902496,train,150.1992120812708,25.03984241625416,True,5.800095363308337,24.239747052945823,True
15064,0.9400986893077424,0.8521568036213343,302.76939160300174,157.70276566048884,0.4304091274738312,train,67.87670976814107,8.575341953628214,False,5.66273884255855,7.912603111069664,False
15065,1.5427581314248124,0.9449268394795934,676.5748095648553,573.3162391089893,0.17781081646680832,train,101.94182856964929,15.388365713929858,True,5.933249370404528,14.45511634352533,False
15067,0.9169653980503736,0.93566961105652,1034.7843373365417,524.9302827087682,0.2616302251815796,train,137.33762806972527,22.467525613945057,True,5.650743413848634,21.816782200096423,True
15068,0.9014736141646669,0.9459733901768996,280.2345931880404,139.80378739337394,0.3204639792442322,train,44.802078021495234,3.9604156042990475,False,5.64262917196314,3.3177864323359074,False
15070,0.7189375814383051,0.9075967482469379,228.70590506594021,91.18288282420984,0.4572018444538116,train,41.68898220984452,3.3377964419689032,False,5.5417064147689725,2.7960900271999307,False
15071,0.9910831974954537,0.9354210612009082,446.60134643695017,244.6297094929264,0.3770553946495056,train,92.23895165584926,13.447790331169852,False,5.68867881099729,12.759111520172562,False
15072,0.32462888129336837,1.0,434.4814601229518,78.0620493566346,0.8071539163589477,train,63.008088857213096,7.601617771442619,False,5.2811323306158595,7.32048544082676,False
15073,2.0940736809401126,0.9809377269744851,357.42451958678237,413.8282218960556,0.10135565251111985,train,41.94382945779121,3.3887658915582417,False,6.129488566004398,2.2592773255538434,False
15074,0.6132964379522882,0.7188032373149821,453.55956172560445,153.46363605130696,0.597990345954895,train,91.76977281381714,13.35395456276343,False,5.4782795627610925,12.875675000002339,False
15076,0.4693065972353827,0.6359668997334192,87.19423249868059,22.618959508672233,0.6423507690429687,train,14.529306035347378,-2.094138792930524,False,5.38479058694303,-2.478929379873554,False
15077,0.4199656224884765,0.8596601017034823,1352.8087350412386,315.4571797429947,0.7030795097351075,train,221.7914792761244,39.35829585522488,True,5.350632661804957,39.00766319341992,True
15078,6.865635628474965,0.9919541311972992,491.0989792440568,1863.0350734339613,0.004838798940181732,train,9.014852138853648,-3.1970295722292703,False,7.0625033505968835,-5.259532922826153,False
15079,2.2027454000028666,0.9760408665073043,413.0738052796779,503.4665894266892,0.018114506825804712,test,9.12004897073438,-3.1759902058531235,False,6.1640083794885605,-4.339998585341684,False
15080,0.6105939375364609,0.7847469253269543,229.8131180733112,77.50946017602861,0.6675609827041626,train,51.74229140397882,5.348458280795764,False,5.476603016269691,4.871855264526073,False
15081,3.638329746557161,0.9745101471586468,172.45614804022,345.29114329116123,0.08939392194151878,train,30.866929510467845,1.1733859020935693,False,6.534354333019578,-0.3609684309260084,False
15082,0.21348982199910685,1.0,434.4814601229518,51.55404251259387,0.9864406824111939,train,50.85500487717879,5.17100097543576,False,5.193500358839174,4.977500616596586,False
15083,0.8446698019321223,1.0,434.4814601229518,200.27816111655963,0.718791913986206,test,143.95832275860963,23.791664551721926,True,5.612300292333121,23.179364259388805,True
15084,0.5111589097075685,0.90183948346283,583.101291652546,165.2483759534324,0.613222622871399,train,101.33404252740283,15.266808505480569,True,5.412876846329651,14.853931659150918,True
15085,0.1922549673774247,1.0,434.4814601229518,46.467173852002496,0.8850211501121521,train,41.12443164496057,3.224886328992115,False,5.175846444576634,3.049039884415481,False
15086,0.3887544165258778,0.660033888276583,167.17395246306768,36.01752916491273,0.8899944424629211,train,32.05540078801851,1.4110801576037026,False,5.3284072421832995,1.0826729154204031,False
15087,0.7157203584534497,1.0,434.4814601229518,170.1895486840377,0.5882226228713989,train,100.1093427122243,15.021868542444864,True,5.539833026511926,14.482035515932939,True
15090,0.6145444276632398,1.0,434.4814601229518,146.49476094675714,0.6813801646232605,train,99.81862433034657,14.963724866069313,True,5.479052828746061,14.484672037323252,True
15091,0.2111952399072099,1.0,434.4814601229518,51.00473734161836,0.8348582625389099,train,42.58172639827696,3.5163452796553933,False,5.191607673629925,3.3247376060254688,False
15092,1.3237858401622238,0.9534507069970117,249.23088347862497,181.67062231892845,0.3244778633117676,train,58.94809535656502,6.789619071313005,False,5.843197683350273,5.946421387962732,False
15093,5.118510662841189,0.9842600336791911,717.0723918164268,2028.4492573874134,0.018114506825804712,test,36.7443579187428,2.3488715837485605,False,6.8113187111635165,0.537552872585044,False
15094,0.4820982703014021,0.8489680747317645,105.27268278278868,28.137294255252723,0.8430354714393615,train,23.720737127505018,-0.2558525744989959,False,5.393458833920745,-0.6493114084197407,False
15095,1.7490353304562147,0.9741725637758324,452.52538539075124,437.81706683920874,0.129265096783638,train,56.59446551849883,6.318893103699766,False,6.01125006121264,5.307643042487126,False
15097,0.2523332376508045,1.0,434.4814601229518,60.83986230407082,0.6935813903808594,train,42.19739628743748,3.4394792574874966,False,5.2250084015203155,3.214470855967181,False
15100,1.810488254087262,0.877898733212092,333.15193244752766,333.6392947818853,0.3334625899791718,test,111.25622335679185,17.25124467135837,True,6.033358224154785,16.217886447203586,True
15101,1.4519930651008939,0.8163050985653305,292.70981203515487,234.65754065500016,0.4655351758003235,test,109.24133944169706,16.848267888339414,True,5.8969011898076875,15.951366698531727,True
15102,0.3811674669217003,0.5469717602259856,241.19311308208233,50.8533682060214,0.7555961608886719,train,38.424609784727814,2.684921956945563,False,5.322929132043798,2.3619928249017645,False
15104,1.7034504147838967,0.9453319537025204,585.6429331890889,543.6811129221561,0.1834057942032814,test,99.71426630881196,14.942853261762394,True,5.994528888552394,13.94832437321,False
15105,0.5102209643437123,0.8679438913806661,459.9546597852896,130.0595345224169,0.5882226228713989,test,76.50396052620933,10.300792105241866,False,5.412255974123515,9.88853613111835,False
15106,1.8253309553271322,0.9335141056379053,379.7289745109141,377.1550228156786,0.1834057942032814,train,69.17241649726625,8.834483299453252,False,6.0386255100647945,7.7958577893884575,False
15107,2.2465248553745116,0.4820085976630597,103.03579058921993,126.94709134903704,0.6173507690429687,train,78.37088447209601,10.674176894419203,False,6.177585148989619,9.496591745429583,False
15108,2.5623536552135375,0.9491039419332198,395.55274278680065,547.9293237039016,0.1834057942032814,train,100.49341278118092,15.098682556236184,True,6.270421465512689,13.828261090723496,False
15109,0.7411754295424547,0.9525313405160029,381.7197092333759,156.92418832288465,0.5302907645702362,train,83.21544780530623,11.643089561061245,False,5.554560419375706,11.08852914168554,False
15110,1.1538961210656522,0.8860524855211704,213.1635048192851,135.56654954487666,0.4572018444538116,train,61.981276498156646,7.3962552996313295,False,5.767278351510768,6.628976948120561,False
15111,0.8816105056815949,0.8722302903841608,437.8885922117235,213.4902898633329,0.4126042008399963,train,88.08699043615964,12.61739808723193,False,5.632128062083281,11.985270025148647,False
15112,0.23806365071923988,1.0,434.4814601229518,57.431406107422355,0.9135925769805908,train,52.46890630529883,5.493781261059766,False,5.213548587091986,5.28023267396778,False
15114,2.6393488616988243,0.9577631567793014,245.5626186888723,355.4658966592845,0.07876162640750409,train,27.99707215328702,0.5994144306574043,False,6.291804781498297,-0.6923903508408928,False
15115,0.19131914382366463,1.0,434.4814601229518,46.24281635011668,0.8899944424629211,train,41.15584955543734,3.231169911087468,False,5.175061217385713,3.0561086937017548,False
15116,1.3541435959540675,1.0,434.4814601229518,318.22701564608684,0.4420757949352264,test,140.68046091160858,23.13609218232172,True,5.856177007807714,22.279915174514002,True
15117,0.8894872341959096,0.9573179403109034,442.53779715507045,217.90309177005972,0.34189255237579347,train,74.49944421584247,9.899888843168496,False,5.6363054876035354,9.263583355564961,False
15119,0.9175046703553363,1.0,434.4814601229518,217.22465519702845,0.5568538665771484,train,120.96238916235315,19.19247783247063,True,5.651024689904462,18.54145314256617,True
15121,0.6864082463966843,1.0,434.4814601229518,163.33319891937472,0.6458616375923156,train,105.4906473272588,16.098129465451763,True,5.522600969294058,15.575528496157705,True
15122,3.0472491071540673,0.9783378480339865,388.74663329806975,653.6231293875503,0.018114506825804712,train,11.840060638794617,-2.6319878722410768,False,6.398037417533874,-4.030025289774951,False
15123,1.2373628021430711,0.9656000493610221,983.023355702608,672.7372646496848,0.17688405364751816,train,118.99649441097947,18.799298882195895,True,5.805297851808922,17.994001030386972,True
15124,0.8658599412563031,0.9623391128800494,143.60563241106445,68.85791815105175,0.4572018444538116,train,31.481967183910452,1.2963934367820906,False,5.6237220413317734,0.6726713954503172,False
15125,2.6942781165348317,0.9758956072957029,1363.7749454541479,2027.8369411697652,0.031157984957098962,test,63.183312908417115,7.636662581683424,False,6.306785167663849,6.329877414019576,False
15126,0.41958469319745206,0.798889966772961,288.95957628172545,67.27299648911153,0.8112601280212403,test,54.57589974412907,5.9151799488258145,False,5.350364359256342,5.564815589569473,False
15127,0.2924018025233568,1.0,434.4814601229518,70.39420802566852,0.7884514212608338,train,55.50241336636913,6.100482673273827,False,5.256502349677352,5.843980323596475,False
15128,0.8980442802322643,0.9418762559821698,474.7945668212251,234.8628955183095,0.48857060074806213,train,114.74710595680982,17.949421191361964,True,5.640824029858834,17.30859716150313,True
15129,5.249039418583348,0.9783738889428587,304.35716668772056,880.4939365223638,0.018114506825804712,train,15.94971342321402,-1.810057315357196,False,6.832427758909663,-3.642485074266859,False
15131,0.42398246121480393,1.0,434.4814601229518,101.61685279747078,0.7743134140968323,test,78.68329221938485,10.736658443876971,False,5.353457496351297,10.383200947525674,False
15132,1.9307382489498899,0.9421311833673055,222.59813564700028,233.64248907252835,0.2754639804363251,train,64.36009003896925,7.87201800779385,False,6.075254353390795,6.796763654403055,False
15133,1.5394262400466707,0.9400649005814724,328.9142511842847,279.13449973437184,0.26168313920497893,train,73.04479215090178,9.608958430180358,False,5.931938165768109,8.67702026441225,False
15134,2.066858504177668,0.9576461735161952,142.70433716720063,161.9124564577791,0.395427930355072,train,64.02470755580529,7.80494151116106,False,6.120653749140468,6.684287762020592,False
15135,0.6406430997921755,0.9406189511807775,192.2214198634997,68.13259116765427,0.6925609827041626,train,47.18597429325158,4.437194858650317,False,5.495088298991275,3.9421065596590417,False
15137,0.4321549505684142,0.812762381427039,431.2423092660387,103.39278643615746,0.7040999174118042,test,72.79885239067478,9.559770478134958,False,5.3591802683888385,9.20059020974612,False
15138,0.4255153748576937,1.0,434.4814601229518,101.97935050384328,0.6813801646232605,test,69.4867066344819,8.897341326896381,False,5.354533414901828,8.542807911994553,False
15139,1.2557409764695557,0.9234881565773916,124.83512377049034,85.86557780951986,0.4420757949352264,train,37.95909356771603,2.5918187135432067,False,5.81347851164932,1.7783402018938865,False
15140,1.9564793033109602,0.9653612938322939,379.80324194685534,408.3264144233373,0.1261381059885025,train,51.50552054043612,5.301104108087225,False,6.083999135852066,4.217104972235159,False
15141,0.6919682337665134,0.3411060849805309,229.75309846243368,87.81578457096707,0.6925609827041626,test,60.81778605940599,7.163557211881198,False,5.525892486638117,6.637664725243081,False
15142,0.929543547041268,0.5396862691911102,553.0183718717457,283.19819996876316,0.5066876530647277,test,143.49303129432806,23.698606258865613,True,5.657283470821588,23.041322788044027,True
15143,0.8905322602346932,0.9399302484927358,290.93549760529464,142.7240178519447,0.531327736377716,train,75.83322933200651,10.166645866401304,False,5.63685840859611,9.529787457805194,False
15144,3.9663866086027797,0.9779358579186179,529.5187010027859,1160.9696147678899,0.005940594151616097,train,6.896849303694119,-3.620630139261176,False,6.6026925351638255,-5.223322674425002,False
15145,2.0576397497663783,0.9074227813077498,325.65760053191417,363.55222958795326,0.2616302251815796,train,95.11625169236153,14.023250338472305,True,6.1176432947354265,12.905607043736879,False
15146,0.6745711989468633,1.0,434.4814601229518,160.5625284226788,0.5204034864902496,train,83.55729959085184,11.71145991817037,False,5.5155571318745364,11.195902786295832,False
15147,0.9549633347382653,1.0,434.4814601229518,225.92769429058254,0.4572018444538116,train,103.29455854285122,15.658911708570244,True,5.670371438651877,14.988540269918367,True
15149,0.3794408905037223,0.6745109283444544,635.7214703026159,133.74997773971805,0.7190386891365051,test,96.17140866600361,14.234281733200724,True,5.3216782652640475,13.912603467936677,True
15150,1.5033943612087861,0.9700116277373947,955.3659579155619,792.4066935208044,0.17688405364751816,train,140.16410808738647,23.032821617477296,True,5.9176475554561,22.115174062021197,True
15151,0.6113824752208001,0.8020395157369328,993.4206217743033,335.5728873859591,0.5204034864902496,train,174.63330056725303,29.92666011345061,True,5.47709249080275,29.44956762264786,True
15152,0.48785900114994685,0.9515834826665202,698.1310682902028,189.02240629141448,0.48857060074806213,train,92.35079059664065,13.47015811932813,False,5.397338174629443,13.072819944698686,False
15154,0.325525954873414,1.0,434.4814601229518,78.27528805368927,0.6925609827041626,test,54.21041041591443,5.842082083182888,False,5.281809327749812,5.5602727554330755,False
15155,0.4414784620731439,1.0,434.4814601229518,105.75267438277716,0.7030795097351075,train,74.35253845821943,9.870507691643887,False,5.365669296654932,9.504838394988955,False
15157,0.719243493995027,0.9154202905628356,653.5540370256043,260.69884201942847,0.40971364378929137,train,106.81187249542886,16.362374499085774,True,5.541884364999525,15.82049013408625,True
15158,0.41355431316546104,1.0,434.4814601229518,99.15013258264734,0.7758354663848877,test,76.92418935438165,10.384837870876332,False,5.3461073220086055,10.038730548867726,False
15159,6.58388200820949,0.9879133300076669,698.632281371256,2517.7976762120866,0.018114506825804712,test,45.60866319173908,4.121732638347817,False,7.026025206842439,2.095707431505378,False
15160,1.2565572881694955,0.5803041576198155,181.1886511457792,124.9831285438938,0.6173507690429687,test,77.15843052396905,10.43168610479381,False,5.813840328028013,9.617845776765797,False
15161,0.4333496426884885,1.0,434.4814601229518,103.83155531188956,0.7309745192527771,train,75.89822122737661,10.179644245475323,False,5.360014112586546,9.819630132888777,False
15162,0.19163007052139971,1.0,434.4814601229518,46.31736066404438,0.9135925769805908,test,42.315196888003754,3.463039377600751,False,5.175322176954325,3.2877172006464255,False
15163,1.5746320634952458,1.0,434.4814601229518,368.92243021519886,0.5517722427845001,train,203.5611567333485,35.712231346669704,True,5.945706635943231,34.76652471072647,True
15164,2.36058178374507,0.9767069110846621,202.04373466939072,263.67830347326947,0.0718051042407751,test,18.933448066928847,-1.2133103866142303,False,6.212114108910523,-2.4254244955247533,False
15165,0.45868893992942356,1.0,434.4814601229518,109.81770808977818,0.7030795097351075,test,77.21058036399438,10.442116072798877,False,5.377538045939257,10.06457802685962,False
15166,0.33573173820280333,1.0,434.4814601229518,80.70049598924594,0.8430354714393615,train,68.03338068168425,8.606676136336851,False,5.289479260194106,8.317196876142745,False
15167,1.0962876988644235,0.9213370686802763,330.33982620778227,200.47473878100197,0.28706775307655336,train,57.54983281047121,6.509966562094242,False,5.740168017947979,5.769798544146263,False
15169,0.4482326453500416,0.9115553918812433,252.89286299383883,62.93625410657827,0.622990345954895,train,39.208678718962375,2.8417357437924755,False,5.370343947736221,2.4713917960562544,False
15170,0.4064148821817471,1.0,434.4814601229518,97.46061803397373,0.7850553154945373,train,76.51197623895384,10.302395247790768,False,5.341043829648866,9.961351418141902,False
15171,0.5485530798217685,1.0,434.4814601229518,130.9933963463701,0.7180182814598084,train,94.05565332720421,13.811130665440842,True,5.437320998062408,13.373809667378435,True
15172,2.3513503568336684,0.942152384938206,225.63170780351706,287.2798703086486,0.1834057942032814,test,52.68879277257337,5.537758554514674,False,6.209363356209524,4.3283951983051505,False
15173,1.5503795760091816,0.6444870450007436,191.96351672117146,164.30618134252086,0.4753188967704773,test,78.09783284829699,10.619566569659398,False,5.93624220142971,9.683324368229687,False
15174,0.8863991505360819,0.8706010925443437,189.5158014536323,92.44238631122106,0.5765088677406311,train,53.293855463524075,5.658771092704816,False,5.634669800491327,5.024101292213489,False
15176,0.21387711195198775,1.0,434.4814601229518,51.64674805560269,0.8533052325248718,train,44.070440358739525,3.8140880717479053,False,5.193819461773922,3.6202686099739836,False
15177,0.3813984418325081,1.0,434.4814601229518,91.53584844835994,0.7030795097351075,train,64.35697945026,7.871395890052,False,5.32309634970953,7.5482995403424695,False
15178,0.8209858579841125,1.0,434.4814601229518,194.76036982242647,0.7646109819412231,train,148.91591761316127,24.783183522632257,True,5.599378034643987,24.18380548798827,True
15179,3.019906321483165,0.9694816540416715,594.1586966790973,992.3845784420704,0.018114506825804712,test,17.976557220012214,-1.404688555997557,False,6.391258599245767,-2.7959471552433244,False
15180,0.891167270684666,0.8761534503056377,207.0096153303187,102.01253821456571,0.4455351769924164,test,45.450174268872175,4.090034853774435,False,5.637194241969835,3.4528406118046,False
15181,0.7414656242141308,0.946770656631795,334.91230675141946,137.72646267309096,0.5302907645702362,train,73.0350711924675,9.6070142384935,False,5.55472707144686,9.05228716704664,False
15182,1.7945169744161524,0.9455734093439012,436.24880475279423,432.7469222296243,0.1285346195101738,train,55.622960992983536,6.124592198596709,False,6.02765927393216,5.096932924664548,False
15183,0.3149978210505895,0.30643032999372727,199.71594982326454,34.785142966788634,0.7429802060127259,train,25.844672687646742,0.16893453752934917,False,5.273835008632606,-0.10490047110325662,False
15184,0.7638180575658748,0.9626753752632922,221.03832094425712,93.62519915847385,0.44865222573280333,train,42.00515398712628,3.401030797425255,False,5.567480810295642,2.8335499871296133,False
15186,0.667481172716891,0.8039837906082099,416.17878734545275,153.97476767370242,0.5580103933811188,train,85.91952068036906,12.183904136073814,False,5.511314208019398,11.672589928054416,False
15187,1.23879263504472,1.0,434.4814601229518,291.6307183703359,0.42228121161460874,train,123.15017309746418,19.630034619492836,True,5.805936718340858,18.82409790115198,True
15188,0.19351707494041473,1.0,434.4814601229518,46.76973159704555,0.8843242883682251,train,41.35960961173019,3.2719219223460385,False,5.176904473305565,3.0950174490404736,False
15189,9.409085730859994,0.9926546598690179,332.4562283170372,1717.1771540415014,0.018114506825804712,train,31.105817278000686,1.2211634556001378,False,7.342679052723835,-1.1215155971236968,False
15190,0.37059475794999625,1.0,434.4814601229518,88.97482186685458,0.7030795097351075,train,62.55637413691664,7.511274827383328,False,5.315244775523426,7.1960300518599025,False
15191,0.4541611388066685,0.8662277050559357,279.3341338175342,70.39188148446547,0.7505440354347229,train,52.83220679119347,5.566441358238695,False,5.374429197459516,5.1920121607791785,False
15192,1.1410387538309639,0.9692262495417996,355.38211687110885,224.50300013311752,0.26168313920497893,train,58.748649835769996,6.749729967154,False,5.761291110252213,5.988438856901787,False
15194,5.964808104344207,0.9884459331894804,387.02752020113473,1275.7684942763863,0.0,test,0.0,-5.0,False,6.940870055429997,-6.940870055429997,False
15196,0.4388502835064796,0.8924764660466714,212.677534810823,51.82026865149857,0.7110795021057129,train,36.84833083169189,2.3696661663383782,False,5.3638443804539,2.0058217858844785,False
15197,1.3214141060560458,0.9577390112983281,366.9912282422039,268.5895041428834,0.28706775307655336,train,77.10338545424317,10.420677090848635,False,5.842176528463623,9.578500562385011,False
15198,0.7351277526821028,0.8748211326052631,176.7447327630627,72.00786343688029,0.48682683110237124,train,35.05535997142873,2.0110719942857465,False,5.55108104335787,1.4599909509278763,False
15199,2.893145128149724,0.9588281929398841,319.3146736251548,509.20834573925254,0.06819484643638134,train,34.7253849418121,1.9450769883624206,False,6.359217347191035,0.5858596411713854,False
15200,0.31174326015694637,1.0,434.4814601229518,74.99787356778471,0.7239949345588684,train,54.298080565762575,5.859616113152516,False,5.271356985516936,5.588259127635579,False
15201,1.2924011828266797,0.9658605366063339,314.01248873821714,224.33357340279247,0.2754639804363251,train,61.79581907503772,7.359163815007545,False,5.829599819672751,6.529563995334794,False
15203,2.79632599862698,0.9826483565352241,336.77937578303346,520.8815385935683,0.018114506825804712,train,9.435512186288854,-3.112897562742229,False,6.334033756572097,-4.446931319314326,False
15204,0.4892104461432443,1.0,434.4814601229518,117.01897832709106,0.6813801646232605,train,79.73441071655905,10.94688214331181,False,5.398246077592443,10.548636065719368,False
15206,0.7429234529484452,1.0,434.4814601229518,176.54679730974513,0.7646109819412231,train,134.9896200495823,21.99792400991646,True,5.5555638487338355,21.442360161182624,True
15207,0.8535307661774821,0.7649623025054829,167.28864635212727,78.86476121219206,0.5400584876537323,train,42.59158366942918,3.518316733885836,False,5.617092342433652,2.9012243914521845,False
15208,0.8143471066583495,0.8351047281592444,131.83693626147831,59.11832300079205,0.6925609827041626,train,40.94304387325064,3.1886087746501275,False,5.595725682152355,2.5928830924977726,False
15209,0.19194201005280262,1.0,434.4814601229518,46.392146106814806,0.9335925817489624,train,43.31136345673631,3.662272691347262,False,5.175583918175182,3.48668877317208,False
15210,0.9994224172573108,0.9536335406941369,436.84792715173,241.33344866647838,0.3204639792442322,train,77.3386772843933,10.46773545687866,False,5.6928583474803425,9.774877109398318,False
15211,0.4734570859965741,1.0,434.4814601229518,113.3033368243954,0.7030795097351075,train,79.66125450584767,10.932250901169533,False,5.387611398914412,10.544639502255121,False
15212,1.0686152931434687,0.9284691634754297,161.68072720667215,94.89707871038787,0.597990345954895,train,56.74753692813374,6.349507385626749,False,5.726879442926344,5.622627942700405,False
15213,1.092389833210413,0.7778307317117221,90.63774683851065,54.20485978959639,0.597990345954895,train,32.41398285801732,1.4827965716034646,False,5.738306873589503,0.7444896980139619,False
15214,0.9396163524808873,1.0,434.4814601229518,222.36301006701999,0.448281854391098,train,99.68130250083011,14.936260500166025,True,5.662490197065701,14.273770303100324,True
15215,1.0843822744130858,0.8120196875213073,430.6052695271649,258.12536822294476,0.4310857176780701,train,111.27415961130424,17.25483192226085,True,5.734472540089056,16.52035938217179,True
15216,0.234745107987159,1.0,434.4814601229518,56.63827449347764,0.8666336059570312,test,49.08463205946667,4.816926411893334,False,5.210864558484735,4.606061853408599,False
15217,0.2636210580611594,1.0,434.4814601229518,63.53386236451501,0.7282125353813171,train,46.26615499503112,4.253230999006226,False,5.23398145493922,4.019249544067006,False
15218,4.265942409715138,0.9765092576166694,542.7685379664414,1278.6524476472077,0.005940594151616097,train,7.59595525244261,-3.480808949511478,False,6.661260124765766,-5.142069074277244,False
15219,0.22151233264733972,1.0,434.4814601229518,53.473882118840784,0.8850211501121521,train,47.32551665377812,4.465103330755623,False,5.200089707978518,4.265013622777105,False
15220,2.7710444159683436,0.9489611459278394,287.1948854724107,432.5422141385482,0.14948754161596298,train,64.65967223669699,7.931934447339399,False,6.327351996506603,6.604582450832797,False
15221,1.1065738746836062,0.8701760539024264,569.6935620703563,348.6999914118293,0.4572018444538116,train,159.4262792345166,26.885255846903323,True,5.745062871693164,26.14019297521016,True
15222,2.671310902644004,0.8396920490095925,314.07543078649263,463.920133593871,0.1834057942032814,test,85.08564054867632,12.017128109735264,False,6.300548792468752,10.716579317266511,False
15223,1.320172254939284,0.9661688225604201,304.08722722769096,222.36725919757052,0.31706775426864625,train,70.50548749664766,9.101097499329533,False,5.841641430740642,8.259456068588891,False
15224,1.285855003545067,0.878950681356454,209.34494812283833,148.98978708009977,0.4655351758003235,test,69.35998672078702,8.871997344157405,False,5.826740135340447,8.045257208816958,False
15225,1.004190567638397,1.0,434.4814601229518,237.35283801891944,0.4572018444538116,train,108.51815532859675,16.70363106571935,True,5.69524027233344,16.00839079338591,True
15226,0.6081799783207076,1.0,434.4814601229518,145.0014322984572,0.7456257104873657,train,108.1167959792228,16.62335919584456,True,5.475103091309796,16.148256104534767,True
15227,2.2654723724776,0.9716637589442038,306.6445373249928,383.6567173033058,0.018114506825804712,train,6.949752224356562,-3.6100495551286875,False,6.183404429898388,-4.793453985027076,False
15228,1.1465090362275083,0.9136182133992442,1006.1637956649449,636.1292508172697,0.17785023897886276,test,113.13573927929636,17.627147855859274,True,5.763842818423214,16.86330503743606,True
15229,0.2507229797071835,1.0,434.4814601229518,60.45539221500922,0.9135925769805908,train,55.23159756608262,6.046319513216524,False,5.223721767880534,5.82259774533599,False
15230,2.1086036356922353,0.8732475836494471,126.91763006172057,145.01147953631147,0.37189255356788636,train,53.92868942141617,5.785737884283236,False,6.134173633625339,4.651564250657897,False
15231,0.23335105154787095,1.0,434.4814601229518,56.30504269419775,0.8673304677009582,test,48.83507901388096,4.767015802776193,False,5.209734896998772,4.557280905777421,False
15233,0.41355431316546104,1.0,434.4814601229518,99.15013258264734,0.7850553154945373,train,77.83833861599541,10.567667723199083,False,5.3461073220086055,10.221560401190477,False
15234,0.7382462232809627,1.0,434.4814601229518,175.45413643059752,0.6610939145088196,train,115.9916618696682,18.198332373933642,True,5.552876687281247,17.645455686652394,True
15235,7.283800829147051,0.9452295684976034,220.3708235918536,876.2962379696249,0.11969987973570824,train,104.89255429781767,15.978510859563535,True,7.114301900408362,13.864208959155173,False
15236,0.6484836161336012,1.0,434.4814601229518,154.45232724530032,0.5993777990341187,test,92.57529595998555,13.51505919199711,False,5.499855844829123,13.015203347167986,False
15237,2.520221367053203,0.9334990710892899,205.07720673219762,279.40748297937483,0.19951842501759529,train,55.74694094217543,6.149388188435086,False,6.258523876000003,4.890864312435084,False
15238,1.7670733051966598,1.0,434.4814601229518,413.0361479142585,0.42228121161460874,train,174.41740498186383,29.883480996372768,True,6.017790193116193,28.865690803256577,True
15240,2.78804316843821,0.9844831770841135,362.7474550684474,559.4165455218938,0.018114506825804712,train,10.133554832324437,-2.9732890335351123,False,6.331849571361909,-4.305138604897021,False
15241,1.8604937074187506,0.9767353964697748,394.44427719854906,405.6424152277287,0.09895913898944855,train,40.14202414853641,3.0284048297072825,False,6.050994234905377,1.9774105948019054,False
15242,0.38514127925286595,1.0,434.4814601229518,92.42276013992783,0.7180182814598084,train,66.36123140344306,8.272246280688613,False,5.325802141117744,7.946444139570869,False
15243,0.36943207504276515,1.0,434.4814601229518,88.69912071442504,0.6813801646232605,train,60.43782147433338,7.087564294866677,False,5.314396110128609,6.7731681847380685,False
15244,0.5133813132312836,0.9416130390392977,322.4928468767374,91.82735721918593,0.6925609827041626,train,63.59604475484558,7.719208950969117,False,5.414346427660942,7.3048625233081745,False
15245,2.465604801234161,0.9803180799083792,549.1983767360963,747.0557012422292,0.018114506825804712,train,13.532545599408687,-2.2934908801182625,False,6.242887163221243,-3.536378043339506,False
15246,1.0395672888357028,0.9489113932306357,274.6122988379448,157.71203824469515,0.34241253733634947,test,54.002579183853456,5.800515836770693,False,5.712737672041081,5.087778164729611,False
15247,0.5153853540115148,0.7241347401328686,331.1508257883104,94.3790147870151,0.7190386891365051,train,67.86216307445017,8.572432614890033,False,5.415669765701053,8.15676284918898,False
15248,0.8736084681193281,0.7594494018665736,345.28291700295597,166.538581908995,0.4420757949352264,train,73.62267598480429,9.724535196960858,False,5.627866233556124,9.096668963404735,False
15249,3.386235725691935,0.9824243760843449,513.398541381458,959.1417392781339,0.018114506825804712,train,17.37437958306796,-1.525124083386408,False,6.4784713935792855,-3.0035954769656934,False
15250,0.2248928638928582,1.0,434.4814601229518,54.282548437215624,0.9260092973709106,test,50.26614453784846,5.053228907569693,False,5.202853382125366,4.850375525444327,False
15251,3.355263289932224,0.9788270772091194,1287.7791476901778,2386.8144067342814,0.018114506825804712,train,43.235965862717165,3.6471931725434334,False,6.471385065407496,2.1758081071359374,False
15252,0.7973344147127963,0.820195415663711,387.4366094980154,170.91776977937266,0.4655351758003235,train,79.56823400163947,10.913646800327895,False,5.586304686599428,10.327342113728466,False
15253,0.8490008000980623,0.8294263243927744,369.79485895717477,173.59640581928306,0.4126042008399963,train,71.62660629176098,9.325321258352197,False,5.614645385124236,8.710675873227961,False
15254,0.3530070870697284,0.5230068728014954,355.05045507546447,69.35531187462746,0.6423507690429687,train,44.550437919881894,3.910087583976379,False,5.302329587216121,3.6077579967602578,False
15255,1.4732310589204811,0.7568060940747342,426.0861812658585,347.47200376434455,0.3876137137413025,test,134.68491380022942,21.936982760045886,True,5.905525416815434,21.031457343230453,True
15256,0.2648056887404887,1.0,434.4814601229518,63.81647940324122,0.8843242883682251,train,56.434462734436785,6.286892546887358,False,5.23491850464217,6.051974042245188,False
15257,0.9130103570226424,0.9089065284948324,338.2428255596277,169.97517524769557,0.597990345954895,test,101.64351385011338,15.328702770022677,True,5.648678104464705,14.680024665557973,True
15258,1.1762519163755984,1.0,434.4814601229518,277.1869118215254,0.4420757949352264,train,122.53762438914136,19.507524877828274,True,5.777604092686019,18.729920785142255,True
15259,0.6117492020205191,0.7191401602362876,439.35273136539473,148.93781914775803,0.6112233161926269,train,91.03426772599039,13.20685354519808,False,5.477320050107194,12.729533495090886,False
15260,5.138193661228833,0.9912347180529701,468.60765601478107,1330.7435058244823,0.0,train,0.0,-5.0,False,6.814530506893826,-6.814530506893826,False
15261,0.9813977687535149,0.6499117619905097,216.36208573961116,116.77708886958976,0.47852617502212524,train,55.88089366698358,6.176178733396718,False,5.683802539460224,5.492376193936494,False
15262,1.1386562868035914,0.8814238541597597,174.42013029138965,109.47434448152029,0.4655351758003235,test,50.964158203829726,5.192831640765945,False,5.760177728457077,4.432653912308868,False
15264,0.2846324834057752,1.0,434.4814601229518,68.54345903202739,0.7239949345588684,train,49.62511713633115,4.925023427266231,False,5.250472672308223,4.674550754958008,False
15265,0.7392846198260621,0.9546879659625132,1060.0531266071196,434.69559234301875,0.3422629237174988,train,148.78018436243158,24.75603687248632,True,5.5534738906550265,24.202562981831292,True
15266,1.3035920906090561,0.9033610658356432,174.3311365273963,125.80204267843904,0.4572018444538116,train,57.516925948639454,6.503385189727892,False,5.834469683153019,5.668915506574873,False
15268,0.495543074960855,0.8083640809897618,417.8945917773635,114.71482010650597,0.6610939145088196,train,75.83726947638507,10.167453895277015,False,5.402489401722786,9.76496449355423,False
15269,0.7551817363673157,0.691388062799844,353.09093143922746,146.58258098764128,0.49365222454071045,train,72.36081718346797,9.472163436693595,False,5.562572405042187,8.90959103165141,False
15270,3.3637099217945976,0.9651672852281117,627.4054166204074,1166.7305113755729,0.08137032128870487,train,94.9372365679653,13.987447313593062,True,6.47332259504537,12.514124718547691,False
15271,6.422285271097008,0.9777383311903403,172.48642773040524,608.0006912896137,0.018114506825804712,train,11.01363267245969,-2.797273465508062,False,7.00448699777918,-4.801760463287242,False
15272,0.8913454057304439,0.7357124406728187,301.06118623715383,148.52218709868157,0.4572018444538116,test,67.90461788383132,8.580923576766265,False,5.637288430706873,7.943635146059393,False
15273,0.24397648598685798,1.0,434.4814601229518,58.84414169866071,0.8666336059570312,train,50.996310709756834,5.199262141951367,False,5.218313092198519,4.980949049752848,False
15276,0.7126990434100092,0.7569815504681809,170.63386449023025,66.99963337777433,0.5462966382503509,train,36.60167447828412,2.320334895656824,False,5.538070514128565,1.7822643815282593,False
15277,0.3813984418325081,1.0,434.4814601229518,91.53584844835994,0.7180182814598084,train,65.72441259485687,8.144882518971375,False,5.32309634970953,7.821786169261845,False
15278,0.4028439243454487,0.7375462926264842,273.70972706247767,61.15618283667904,0.8430354714393615,train,51.5568314291515,5.311366285830301,False,5.338501550702325,4.972864735127977,False
15279,1.3240390971242606,0.8769775101393196,313.72283859466637,229.81836404658574,0.42191084027290343,train,96.96285908503901,14.392571817007806,True,5.843306662051367,13.549265154956439,False
15280,0.49683203830139994,0.7542729266717635,202.4289802279951,55.6673121797027,0.7454424500465393,train,41.496777578743135,3.299355515748628,False,5.403350900279268,2.8960046154693604,False
15281,6.6145451923691905,0.9800407252914943,398.1042000613661,1441.086600897684,0.018114506825804712,train,26.10457306853681,0.22091461370736187,False,7.03006025933293,-1.8091456456255681,False
15282,0.2595571092252104,1.0,434.4814601229518,62.56416614143217,0.8020402789115906,train,50.178981261945346,5.035796252389069,False,5.230760158557653,4.805036093831416,False
15283,0.9447889545671233,0.7900362263772015,64.94757203233809,33.860395490233486,0.6423507690429687,test,21.75025108325055,-0.6499497833498902,False,5.665153464533843,-1.3151032478837328,False
15284,0.3068713102917642,1.0,434.4814601229518,73.83874120549096,0.8430354714393615,train,62.248678002660085,7.449735600532017,False,5.267635967890617,7.182099632641401,False
15285,0.40501653221701633,1.0,434.4814601229518,97.1296353025816,0.7739600896835327,test,75.17446124971488,10.034892249942978,False,5.340049069418985,9.694843180523993,False
15287,0.7027437969252176,0.9060467231915217,183.1554097343651,71.39326117269461,0.4572018444538116,train,32.64113068972867,1.528226137945734,False,5.532240948158183,0.9959851897875511,False
15288,2.1462445773835643,0.9770952687319276,447.7557798260294,531.13756796291,0.04874680265784263,train,25.891258209654453,0.17825164193089105,False,6.146209543948562,-0.9679579020176705,False
15289,0.903532930009971,0.9481344166288385,308.3956204175605,154.2042241371568,0.3742388904094696,train,57.709217737542716,6.5418435475085435,False,5.643711596407074,5.89813195110147,False
15290,4.857226793847936,0.9834275593559899,309.70534842861264,830.059714708053,0.018114506825804712,test,15.036122367904538,-1.9927755264190923,False,6.767676248203276,-3.7604517746223687,False
15291,8.021832932070723,0.8676045304882617,357.0999389154929,1582.602895976053,0.04892058942932635,train,77.42186650370738,10.484373300741476,False,7.199647520977319,8.284725779764157,False
15292,1.4032036326583965,1.0,434.4814601229518,329.52249136135396,0.4870166540145874,train,160.48294116535737,27.09658823307148,True,5.876802694178745,26.219785538892733,True
15293,0.21465592557632543,1.0,434.4814601229518,51.83316500337922,0.8850211501121521,test,45.87344730524363,4.174689461048727,False,5.194460847860914,3.980228613187813,False
15294,0.400878737686194,1.0,434.4814601229518,96.150105013243,0.7050930380821228,test,67.79476965570265,8.55895393114053,False,5.3370997094947805,8.22185422164575,False
15295,0.2190429322397112,1.0,434.4814601229518,52.883051591472835,0.8673304677009582,train,45.867081870286036,4.173416374057208,False,5.198066069107591,3.9753503049496173,False
15296,1.7445950349745267,0.9716990681735619,1401.0155346429215,1352.0380489250792,0.031157984957098962,train,42.126781189833046,3.425356237966609,False,6.009633535835701,2.415722702130908,False
15298,4.565971553557028,0.9900700984918058,383.12324147229293,966.9113899461636,0.0,train,0.0,-5.0,False,6.716671552339117,-6.716671552339117,False
15299,1.3853930698504975,0.9518928602300004,817.2107852320707,626.6593895330425,0.26631948053836824,train,166.89160309493082,28.378320618986166,True,5.869363919922401,27.508956699063766,True
15301,4.5959917337414815,0.9833316331941271,511.96040747843114,1290.135550942067,0.018114506825804712,train,23.370169243753395,-0.3259661512493208,False,6.722050579629428,-2.048016730878749,False
15302,0.19194201005280262,1.0,434.4814601229518,46.392146106814806,0.8614230155944824,train,39.963262399232235,2.9926524798464476,False,5.175583918175182,2.817068561671266,False
15303,0.7967594355158223,0.9382771660167063,458.34148992761357,202.3646081233603,0.4572018444538116,train,92.52147208617312,13.504294417234625,False,5.5859847287876185,12.918309688447007,False
15304,3.2056281929214823,0.9581383563219029,91.38875248606664,160.57170554496466,0.28706775307655336,train,46.09495871846295,4.218991743692589,False,6.436423674162769,2.7825680695298205,False
15305,0.2684243990854443,1.0,434.4814601229518,64.67966377188941,0.8843242883682251,train,57.19779763697217,6.439559527394435,False,5.237775499609819,6.2017840277846155,False
15306,0.4374174467372304,0.2317376597795487,386.66424024342257,93.51174015298433,0.7012938022613525,test,65.57920380796197,8.115840761592395,False,5.362848063683588,7.752992697908807,False
15308,0.7476606165268853,1.0,434.4814601229518,177.65329740708373,0.5882226228713989,train,104.49968856254749,15.899937712509498,True,5.558278103077777,15.341659609431721,True
15309,0.32281316760028733,0.30132970611602256,192.4472774206847,34.43360104008021,0.778247344493866,train,26.797858570803648,0.3595717141607295,False,5.279760656415454,0.07981105774527553,False
15310,0.325525954873414,1.0,434.4814601229518,78.27528805368927,0.7319949269294739,train,57.29711375924379,6.459422751848759,False,5.281809327749812,6.177613424098947,False
15311,43.473242615648225,0.9983205780175941,582.5059395934895,13982.433598264472,0.018114506825804712,train,253.2848888571229,45.65697777142458,True,8.794887718789148,41.86209005263543,True
15312,2.816659681952235,0.977008848642575,258.9022535387778,403.27960269500784,0.018114506825804712,train,7.305211115726531,-3.5389577768546934,False,6.339375611274281,-4.878333388128975,False
15314,1.4750227798348983,0.9584721729921779,199.6573842571183,161.90862994279692,0.28706775307655336,train,46.47874660138188,4.295749320276377,False,5.906249599951994,3.389499720324383,False
15316,0.5616606698840403,1.0,434.4814601229518,134.07550425526543,0.7656313896179199,train,102.6524146366822,15.53048292733644,True,5.4457497870260285,15.084733140310412,True
15317,0.21006635865100307,1.0,434.4814601229518,50.73445956993971,0.9135925769805908,train,46.35062566021882,4.2701251320437645,False,5.190675199965224,4.079449932078541,False
15319,0.7070919578258245,1.0,434.4814601229518,168.17197458420569,0.6827932596206665,train,114.82669070319368,17.965338140638735,True,5.534791313378198,17.430546827260535,True
15321,1.7105215141919563,0.9311600807729765,920.4732471452569,870.7048795231068,0.15840579569339752,train,137.92469925498156,22.584939850996314,True,5.99714105703852,21.587798793957795,True
15322,0.32733507927621663,1.0,434.4814601229518,78.70529279208232,0.7309745192527771,train,57.531563561341436,6.506312712268288,False,5.2831732323493865,6.223139479918902,False
15323,0.45737024431041123,0.5177931824452462,190.03010619129154,48.14312660059018,0.7976712703704834,train,38.40238895509978,2.680477791019957,False,5.376633609077324,2.303844181942633,False
15324,0.2014522004933822,1.0,434.4814601229518,48.67134158727782,0.9376131176948548,train,45.6348883280388,4.126977665607759,False,5.183530992209824,3.9434466733979354,False
15325,1.379902201227351,0.7337700785917529,252.81733507970873,192.87382248273096,0.406724226474762,train,78.4464562565193,10.68929125130386,False,5.867059394917806,9.822231856386054,False
15326,1.2432996182121518,0.915762238542265,352.6610408501463,242.89002494068484,0.28304258584976194,test,68.74822073632461,8.749644147264924,False,5.807947825846831,7.9416963214180925,False
15328,0.40501653221701633,1.0,434.4814601229518,97.1296353025816,0.7656313896179199,train,74.36549764979732,9.873099529959465,False,5.340049069418985,9.53305046054048,False
15329,1.7392306569809064,0.7631568481859747,233.55301916399551,224.744371146687,0.47152023315429686,train,105.97151828320169,16.19430365664034,True,6.007677098849541,15.186626557790799,True
15331,0.47477112106349584,0.7807984334181509,408.07237706518254,107.33305617905135,0.6925609827041626,test,74.3346868640049,9.86693737280098,False,5.388502805590996,9.478434567209984,False
15332,1.281260923302897,0.768927859545624,1019.2932143614564,719.7989836846822,0.4070945978164673,train,293.0262777718176,53.605255554363524,True,5.824728326634361,52.780527227729166,True
15333,1.2938771978472865,1.0,434.4814601229518,304.3383683466997,0.43316500186920165,train,131.82872989376796,21.365745978753594,True,5.830243485385581,20.535502493368014,True
15336,0.41355431316546104,1.0,434.4814601229518,99.15013258264734,0.7110795021057129,train,70.5036269105843,9.100725382116861,False,5.3461073220086055,8.754618060108257,False
15337,0.39951823294149913,1.0,434.4814601229518,95.82799197200194,0.7030795097351075,train,67.37469761457494,8.474939522914989,False,5.33612805807107,8.138811464843918,False
15338,0.21006635865100307,1.0,434.4814601229518,50.73445956993971,0.8666336059570312,train,43.96818764337806,3.793637528675612,False,5.190675199965224,3.6029623287103885,False
15339,1.395090737759558,0.9141814854153029,347.1465136364347,267.91320969964056,0.28706775307655336,train,76.90924312800328,10.381848625600657,False,5.87342111647488,9.508427509125777,False
15340,0.2648056887404887,1.0,434.4814601229518,63.81647940324122,0.8850211501121521,test,56.47893399756501,6.295786799513003,False,5.23491850464217,6.060868294870833,False
15341,0.3538894532033067,1.0,434.4814601229518,85.01195155249373,0.6608692884445191,train,56.18178793177646,6.236357586355293,False,5.302981526550856,5.933376059804437,False
15346,1.2553041073861566,0.8234981433281233,193.29175772131444,133.41975330479605,0.597990345954895,train,79.78372443595173,10.956744887190347,False,5.8132848230132526,10.143460064177095,False
15347,1.1987057548436106,0.5824353925066273,217.89643154387633,143.50196813474585,0.5498422086238861,train,78.90343910108318,10.780687820216636,False,5.7878688939989935,9.992818926217643,False
15349,1.689566317403206,1.0,434.4814601229518,395.2827463021462,0.3901921510696411,test,154.23622506034965,25.847245012069934,True,5.989379960320153,24.85786505174978,True
15350,0.7852190862026949,0.7005652808722341,173.0361256844454,74.66155062119616,0.5765088677406311,train,43.04304601238561,3.6086092024771226,False,5.579541145068444,3.0290680574086783,False
15351,1.1303843507606086,0.5407385242620301,370.77770595930366,230.21275067337658,0.4905886769294739,train,112.93976876514667,17.587953753029336,True,5.756302409809329,16.831651343220006,True
15352,0.27277338698188236,1.0,434.4814601229518,65.71678545735517,0.8245885014533997,train,54.18930564061507,5.837861128123015,False,5.241198288789124,5.596662839333891,False
15353,1.863567162267613,0.9588889026280286,420.9412995777353,434.220994655375,0.1316616103053093,train,57.17023538469977,6.4340470769399545,False,6.052068107183883,5.381978969756071,False
15356,4.321363521962281,0.9581743859866563,218.89467120116566,518.0371732099112,0.031157984957098962,train,16.14099445009248,-1.7718011099815034,False,6.671729571634762,-3.443530681616265,False
15358,6.2668918737087065,0.9842468007641101,569.78722769865,1973.0764908116773,0.0,test,0.0,-5.0,False,6.983328672441474,-6.983328672441474,False
15359,0.04730697362146028,0.041176401926882614,83.75572290576739,2.1944944390658367,0.8607261538505554,train,1.8888587581835696,-4.622228248363286,False,5.046222082441327,-4.668450330804613,False
15361,1.2670621493448644,0.8175167712902282,221.47434532834254,154.82305289085375,0.566741144657135,train,87.7445942146746,12.54891884293492,False,5.818484785946643,11.730434056988278,False
15362,0.4280012236057765,0.8874911865454385,326.0921392462266,77.5046760499633,0.6075830459594727,test,47.09052715053889,4.418105430107778,False,5.356275720783817,4.061829709323961,False
15363,0.6850444259694662,0.8599071568218563,345.49880220426934,130.6938907611553,0.5882226228713989,train,76.87710321679486,10.375420643358973,False,5.521791929017273,9.8536287143417,False
15364,0.8570347707827123,1.0,434.4814601229518,203.15745771346107,0.6384328365325928,train,129.70239199075522,20.940478398151043,True,5.618981006364747,20.321497391786295,True
15365,1.0999914065993956,0.9244499029081588,690.0288655244774,420.17536425127713,0.3501921474933624,test,147.14211313096052,24.428422626192106,True,5.741933252625478,23.686489373566626,True
15366,1.5846915775181454,0.8273156931975504,320.1191568560101,280.39237954547417,0.32311171293258667,test,90.59806204818214,13.119612409636428,False,5.949606188470015,12.170006221166414,False
15367,2.180150917309142,0.962906086452727,544.300854419082,656.5810984166272,0.031157984957098962,train,20.457743987580784,-0.9084512024838434,False,6.156928653939292,-2.065379856423135,False
15368,0.42398246121480393,1.0,434.4814601229518,101.61685279747078,0.7110795021057129,train,72.25766109277505,9.45153221855501,False,5.353457496351297,9.098074722203714,False
15369,0.4740393535152093,0.21001971382560702,835.722607360515,219.2418167464116,0.7306869387626648,train,160.19713192720062,27.039426385440123,True,5.388006491860686,26.651419893579437,True
15370,2.1611541951514237,0.9623172582505244,379.95542751581365,450.4685163976643,0.0718051042407751,test,32.345938777121596,1.4691877554243193,False,6.15093721254088,0.31825054288343946,False
15371,0.2158348467221741,1.0,434.4814601229518,52.11533255976256,0.9414406776428222,train,49.0634940006439,4.81269880012878,False,5.195430957479715,4.617267842649065,False
15372,0.9689521782473002,0.6280732767988831,870.3914922380496,466.50399431888616,0.4870166540145874,train,227.19521439762403,40.439042879524806,True,5.677501512032082,39.761541367492725,True
15373,4.003430365020249,0.9764395603963278,179.7310816333134,396.4829027073753,0.018114506825804712,train,7.182092247407615,-3.563581550518477,False,6.610123750197657,-5.173705300716134,False
15374,0.23197346767344273,1.0,434.4814601229518,55.9757179042256,0.8673304677009582,train,48.54944558976889,4.709889117953779,False,5.208617328900077,4.5012717890537015,False
15375,0.20531092340746787,1.0,434.4814601229518,49.5956734020554,0.9614406824111938,train,47.683298080314835,4.536659616062968,False,5.1867375613832305,4.3499220546797375,False
15376,1.1197699698997914,1.0,434.4814601229518,264.1269059553608,0.3637061476707458,train,96.06457946121766,14.212915892243533,True,5.751307578032604,13.46160831421093,False
15377,0.9123155136009841,0.5682407587967786,451.79566164981804,226.4681227994099,0.6423507690429687,train,145.47197284391845,24.09439456878369,True,5.648314818589045,23.44607975019465,True
15378,0.5370166222094898,0.6901860368146825,190.13071472860196,56.39919478138409,0.8430354714393615,train,47.54652176132451,4.509304352264904,False,5.429843279208123,4.07946107305678,False
15379,4.139108649052105,0.9800131277719883,589.7191433566583,1335.5323311565123,0.018114506825804712,train,24.19250952881752,-0.16149809423649586,False,6.6368796498477245,-1.7983777440842204,False
15380,1.6247384434497443,0.8373220905152708,260.58980733864246,234.370337601729,0.3334625899791718,test,78.15373979096542,10.630747958193083,False,5.96498125048856,9.665766707704524,False
15381,1.745157071581445,0.9667409490116111,387.81704051298186,373.59181567475866,0.2259523779153824,train,84.41395912143695,11.882791824287391,False,6.009838294301284,10.872953529986107,False
15382,2.2045905063547058,0.9831709202433004,1174.1624345669284,1432.412224642174,0.018114506825804712,train,25.94744102064677,0.1894882041293542,False,6.164584315081702,-0.9750961109523475,False
15384,0.894489699706696,0.8849726801329401,679.3003609124546,336.02715398737155,0.36768356561660764,train,123.55166212207764,19.71033242441553,True,5.638949514516209,19.07138290989932,True
15385,0.4818540869223448,0.9014173047629123,338.44779665128334,90.47092957769426,0.6708616375923157,train,60.69347597099104,7.138695194198208,False,5.3932940651591865,6.7454011290390214,False
15386,1.7146249558426925,1.0,434.4814601229518,401.0245178721225,0.40169455409049987,train,161.08936488599994,27.21787297719999,True,5.99865380603283,26.219219171167158,True
15387,0.3134018481551772,1.0,434.4814601229518,75.3924095214897,0.7239949345588684,train,54.583722597746345,5.916744519549269,False,5.272620601927071,5.644123917622198,False
15388,0.7672323504494016,1.0,434.4814601229518,182.22312649016266,0.7030795097351075,train,128.11734643510204,20.62346928702041,True,5.569414679004996,20.054054608015413,True
15389,0.9937554326228727,0.8470972259185606,457.93034372485187,251.9582716510693,0.4042987525463104,train,101.86641492225174,15.373282984450348,True,5.690020012373824,14.683262972076523,True
15390,0.6965979067520263,0.6818624000452428,391.2237533310132,149.9663589975254,0.4420757949352264,train,66.29649736737258,8.259299473474517,False,5.528625014600818,7.730674458873699,False
15391,0.2517941896703412,1.0,434.4814601229518,60.71116202110275,0.8248445987701416,train,50.07727407816556,5.015454815633113,False,5.2245778739178395,4.790876941715274,False
15392,1.2568603976915884,0.5993500538551706,440.7426919164865,304.25322026875506,0.4905886769294739,train,149.26318478318032,24.852636956636065,True,5.813974642883691,24.038662313752376,True
15393,1.031199888912312,0.9455743757066098,214.6632646605174,122.66089813750199,0.40262527465820314,test,49.386377802433614,4.877275560486723,False,5.70862669671766,4.168648863769063,False
15394,2.23310040213688,0.9783042364001143,600.8122970046833,742.2761178804946,0.04854928962886333,train,36.03697823156843,2.207395646313687,False,6.173441553669958,1.0339540926437287,False
15395,0.5643579641810553,1.0,434.4814601229518,134.70954644528524,0.7656313896179199,train,103.13785723970346,15.627571447940696,True,5.44747549328831,15.180095954652387,True
15396,0.2523332376508045,1.0,434.4814601229518,60.83986230407082,0.7319949269294739,train,44.534470561667575,3.906894112333516,False,5.2250084015203155,3.6818857108132006,False
15397,0.6824164785052534,1.0,434.4814601229518,162.39897791259583,0.7646109819412231,train,124.1720419680009,19.83440839360018,True,5.520231140000121,19.31417725360006,True
15400,1.850998841528869,0.9751946192481595,224.26047639232803,228.9785069992591,0.2009523794054985,train,46.01377581421971,4.202755162843943,False,6.047669403591929,3.155085759252014,False
15401,0.5392196632970924,0.8132391030458452,144.42216128919074,43.100361913366235,0.7300647735595703,train,31.46605596061725,1.2932111921234508,False,5.431275575858809,0.8619356162646419,False
15402,1.7255002383418674,0.9721211277041628,273.9789039572954,261.0156329584388,0.16521738916635514,train,43.1243214089969,3.624864281799381,False,6.002651984971054,2.6222122968283266,False
15403,0.42093264788407564,0.8616393871778885,139.806212305085,32.676028865016754,0.8017797946929932,test,26.198979714775454,0.23979594295509088,False,5.35131345030276,-0.11151750734766885,False
15404,0.4551400754513938,1.0,434.4814601229518,108.9797460452973,0.7030795097351075,train,76.62142642058414,10.32428528411683,False,5.375102167777524,9.949183116339306,False
15405,0.6196962708654445,0.9510985338752848,364.43813107333534,125.01601063971319,0.5882226228713989,train,73.5372456794108,9.707449135882161,False,5.482238644546289,9.225210491335872,False
15406,0.8049811029677304,0.9059340153501958,285.0651255402523,126.52516257220266,0.4304091274738312,train,54.45758482618639,5.89151696523728,False,5.590550122460085,5.3009668427771945,False
15407,1.4727108587458053,0.930566028747016,213.38263536612098,171.67260522959722,0.3586838126182556,train,61.576184565860615,7.315236913172123,False,5.9053150624743385,6.409921850697785,False
15408,0.7986005708594929,1.0,434.4814601229518,189.5417167469768,0.5882226228713989,train,111.49272576845445,17.298545153690892,True,5.58700890188925,16.71153625180164,True
15409,0.19479587250852987,1.0,434.4814601229518,47.07626207896593,0.9135925769805908,test,43.00852358733615,3.6017047174672303,False,5.177975352807927,3.4237293646593034,False
15410,2.0633357245930672,0.9731895931110642,430.99953086531684,490.8668613209245,0.08939392194151878,train,43.88051388460105,3.77610277692021,False,6.119504428306276,2.656598348613934,False
15413,0.016458364329026007,0.012121938626906864,1498.6399888080255,13.66509481699735,0.7713085651397705,test,10.54000467579714,-2.891999064840572,False,5.016324393413669,-2.9083234582542405,False
15414,0.9396163524808873,1.0,434.4814601229518,222.36301006701999,0.6780795097351074,train,150.77980084946768,25.155960169893536,True,5.662490197065701,24.493469972827835,True
15415,0.5988775498996908,1.0,434.4814601229518,142.81811767279194,0.6173507690429687,train,88.1688747785673,12.63377495571346,False,5.469301851744806,12.164473103968653,False
15416,1.1332098528372632,0.9574723660081564,797.9874446460503,500.6176196365408,0.2917166858911514,train,146.0385128990887,24.207702579817738,True,5.757627818539786,23.450074761277953,True
15418,0.5455648320320174,0.8554771308008126,277.3910078686297,83.79417275138375,0.5882226228713989,train,49.289628077158056,4.857925615431611,False,5.4353894306147765,4.422536184816835,False
15420,1.1646970097124518,0.7017422165982731,142.02125597954392,91.58921546420626,0.5882226228713989,train,53.8748485470891,5.774969709417821,False,5.772280402336129,5.002689307081692,False
15421,2.197103016485226,0.9751129542195458,477.6769107962861,580.7268936142214,0.018114506825804712,train,10.51958127830318,-2.896083744339364,False,6.162245092419124,-4.058328836758488,False
15422,1.6603186952139861,0.8973887568091108,271.3545519173824,249.12855857021069,0.3016831398010254,train,75.15788576356482,10.031577152712964,False,5.978445925847757,9.053131226865208,False
15423,0.35064954840804646,0.5906756269095139,135.47722284929856,26.32545816504623,0.819042444229126,train,21.561667600951065,-0.6876664798097867,False,5.3005856237051745,-0.9882521035149612,False
15424,0.8036849026486667,0.931236725687891,392.51097178661615,174.0035490389574,0.5517722427845001,train,96.01032850568828,14.202065701137656,True,5.589831740447014,13.612233960690642,False
15425,1.0137540994268543,0.8367526371176182,395.6367527742943,221.98056018947204,0.4126042008399963,train,91.59011163899181,13.318022327798364,False,5.700000691224842,12.618021636573522,False
15426,1.6979726849743082,0.946603904757832,255.59872644567076,239.5874397931932,0.1834057942032814,test,43.94172467640146,3.7883449352802927,False,5.992500633558743,2.7958443017215497,False
15428,0.7141902088854247,0.8986495110389694,261.2683598435704,103.47388928772466,0.4572018444538116,train,47.308453035157214,4.461690607031443,False,5.538940787697242,3.922749819334201,False
15430,0.5337141339732117,0.7339019469559296,174.9628539460167,51.62454644289153,0.6708616375923157,train,34.632927766638765,1.9265855533277536,False,5.427692332237019,1.4988932210907349,False
15431,0.3052810329309337,1.0,434.4814601229518,73.46031188187563,0.8430354714393615,train,61.92964865941955,7.385929731883911,False,5.266418368494909,7.119511363389002,False
15432,0.27726577175357986,1.0,434.4814601229518,66.78780968615501,0.8303990006446839,train,55.46053041863046,6.092106083726094,False,5.244721677364378,5.847384406361716,False
15433,1.8453553237969864,0.9313897208412412,209.93912102629142,210.74973350782176,0.25163022577762606,train,53.03100302514771,5.606200605029542,False,6.045687953908665,4.560512651120877,False
15434,2.0752729689886786,0.9772571690550622,264.09636576420485,303.04735443929843,0.1316616103053093,test,39.89970268424185,2.979940536848371,False,6.1233936677214444,1.8565468691269267,False
15436,1.004190567638397,1.0,434.4814601229518,237.35283801891944,0.3913528800010681,train,92.88871673513114,13.577743347026228,True,5.69524027233344,12.882503074692789,False
15437,0.5367494860969381,0.9380608232333741,242.32455350802675,72.10425070365491,0.7030795097351075,train,50.69502123454297,5.139004246908595,False,5.429669462395905,4.70933478451269,False
15439,0.775446891166505,0.8650585047142937,277.33785018554755,119.10179322852761,0.500078535079956,train,59.56025028311792,6.912050056623585,False,5.574052160909985,6.3379978957136,False
15440,1.2938771978472865,1.0,434.4814601229518,304.3383683466997,0.5281531333923339,train,160.73726285381977,27.147452570763953,True,5.830243485385581,26.317209085378373,True
15441,0.7018925971214417,0.8947883693059964,472.15395345116184,183.79939304248296,0.4572018444538116,train,84.03342150851428,11.806684301702855,False,5.531740924236099,11.274943377466755,False
15442,0.8964159390167555,1.0,434.4814601229518,212.32130239138016,0.5882226228713989,train,124.89219338412906,19.978438676825814,True,5.639965756891731,19.338472919934084,True
15443,2.24334797965705,0.8510910580044249,281.86476223717597,349.19688810727416,0.19747986942529677,train,68.95935586714447,8.791871173428895,False,6.176606123343981,7.615265050084914,False
15445,0.5916892646916715,0.9356718697422283,171.2733742961989,56.117265780332346,0.6925609827041626,train,38.86462873549765,2.7729257470995297,False,5.464795882875842,2.3081298642236874,False
15446,0.7151467133961512,0.9057690935482458,166.1173350291912,65.88246787709582,0.48857060074806213,train,32.18823690947761,1.4376473818955224,False,5.53949862412872,0.8981487577668021,False
15447,1.176567318783374,0.9040213748301643,151.25468148025342,98.40788007795118,0.4989220082759857,train,49.09785715867377,4.819571431734754,False,5.7777490113657475,4.041822420369007,False
15448,0.49857330842249786,0.9277183654193375,483.76410179211445,133.79490051554373,0.6423507690429687,train,85.94325724018701,12.188651448037401,False,5.404513527780845,11.784137920256555,False
15449,1.9624076550955118,0.9510064727934715,325.6412028445826,347.3571175851603,0.1834057942032814,train,63.707308022868936,7.741461604573788,False,6.086002334699638,6.655459269874149,False
15451,0.5296848349539423,0.8534834308964054,178.3243798491844,52.3163553551377,0.6925609827041626,test,36.232266476254345,2.24645329525087,False,5.425061723959263,1.8213915712916071,False
15452,1.564300266755719,0.9341002238381549,222.79742802988974,192.07163219238564,0.1770521268248558,train,34.00669098238332,1.8013381964766637,False,5.941685640920812,0.8596525555558516,False
15453,1.689566317403206,1.0,434.4814601229518,395.2827463021462,0.4572018444538116,train,180.72400069010934,31.14480013802187,True,5.989379960320153,30.155420177701718,True
15454,0.5404506847151902,0.9049843954663933,225.05778874687803,67.39729289272684,0.7030795097351075,train,47.38565564449183,4.477131128898366,False,5.432075026023635,4.045056102874731,False
15455,0.2449906576800323,1.0,434.4814601229518,59.08639942875645,0.8850211501121521,test,52.292713178424044,5.458542635684809,False,5.2191280260170565,5.239414609667753,False
15456,2.380283006232727,0.9329661222017404,240.339967839883,316.4780648970866,0.15840579569339752,train,50.1319596895297,5.026391937905942,False,6.217959435644449,3.8084325022614927,False
15457,0.8096376790891622,1.0,434.4814601229518,192.1152042067168,0.5385205388069153,train,103.4579832824017,15.691596656480343,True,5.593126647940779,15.098470008539564,True
15458,0.4121063901737345,1.0,434.4814601229518,98.80753580025645,0.7389337062835694,train,73.01221863762996,9.602443727525992,False,5.345082483381134,9.257361244144859,False
15459,0.6284809750975723,0.7993673534901337,164.3043571798762,57.03076994722145,0.7447159647941589,train,42.47172486419875,3.49434497283975,False,5.48764766319589,3.00669730964386,False
15460,0.4953923799868944,1.0,434.4814601229518,118.47637264337068,0.7110795021057129,train,84.24612007053894,11.849224014107786,False,5.4023886339353435,11.446835380172443,False
15461,0.492130445227435,0.845355918875805,258.34509403190293,70.46868261990225,0.7744328498840332,train,54.57326270890434,5.9146525417808675,False,5.40020492773691,5.514447614043958,False
15462,0.8656624329933815,0.951162786135954,164.3043571798762,78.39646207840435,0.4572018444538116,train,35.84300706089977,2.168601412179955,False,5.623616181983606,1.5449852301963487,False
15464,0.53120064747478,1.0,434.4814601229518,126.91067379665168,0.597990345954895,train,75.89135772902856,10.178271545805712,False,5.426052164570944,9.752219381234768,False
15465,7.204997776062087,0.9506474180912847,379.3796505839586,1510.0891745430074,0.018114506825804712,train,27.35452065983311,0.4709041319666225,False,7.104743453495349,-1.6338393215287264,False
15466,0.6993874381687264,0.9002730012230585,261.6918339372474,101.51761762967436,0.3608246147632599,train,36.63005527291117,2.326011054582235,False,5.530267855638557,1.7957431989436783,False
15468,0.4270594369498621,1.0,434.4814601229518,102.34445768292396,0.597990345954895,train,61.20099765637781,7.240199531275563,False,5.355615989309046,6.884583541966517,False
15469,0.36598746303776764,1.0,434.4814601229518,87.8822185283153,0.689380156993866,train,60.58425760601924,7.116851521203849,False,5.311877583242476,6.804973937961373,False
15470,0.2567302367502105,1.0,434.4814601229518,61.889500116810915,0.8666336059570312,test,53.63552065710995,5.72710413142199,False,5.228513297785744,5.498590833636246,False
15471,0.6064185390088317,0.8782650695557928,544.1403865504684,182.53763271082838,0.48365222811698916,train,88.28473277579275,12.656946555158552,False,5.474007191166329,12.182939363992222,False
15473,0.35928772221968536,1.0,434.4814601229518,86.29292552257814,0.7228576064109802,train,62.37749759345182,7.4754995186903646,False,5.3069608288895855,7.168538689800779,False
15474,0.2460133033927046,1.0,434.4814601229518,59.3306650889688,0.9135925769805908,train,54.20405521260338,5.840811042520677,False,5.219949097188445,5.620861945332233,False
15476,1.0013912435973347,0.679751354736091,661.3252371489317,364.3451805261426,0.4753188967704773,train,173.1801492513265,29.636029850265302,True,5.693842560525912,28.94218728973939,True
15477,0.22109690385761527,1.0,434.4814601229518,53.37449333576433,0.8666336059570312,train,46.25612962570297,4.251225925140593,False,5.199749556318136,4.051476368822457,False
15478,0.2567302367502105,1.0,434.4814601229518,61.889500116810915,0.7446108818054199,train,46.08359525647521,4.216719051295042,False,5.228513297785744,3.9882057535092983,False
15479,0.19100922503223405,1.0,434.4814601229518,46.16851199903338,0.9340740799903869,train,43.124810370022246,3.624962074004449,False,5.17480103596217,3.450161038042279,False
15480,0.4593075003850196,0.8577148338261184,1610.2196307872055,410.2840029131512,0.6068629145622253,train,248.98614580613147,44.7972291612263,True,5.377962008392615,44.41926715283368,True
15481,0.41355431316546104,1.0,434.4814601229518,99.15013258264734,0.6458616375923156,train,64.03726699732383,7.807453399464766,False,5.3461073220086055,7.46134607745616,False
15482,2.426549247045617,0.9603209250343043,573.5180231712421,769.969864543296,0.11167627908289432,train,85.98736947815546,12.197473895631092,False,6.231553704345426,10.965920191285665,False
15483,1.4113612729110914,0.9497854052839192,149.69705385161808,116.91446805394551,0.28706775307655336,train,33.56237364638662,1.7124747292773241,False,5.880191431570074,0.8322832977072503,False
15484,0.4004851735746202,0.8251140726608194,383.36926109873485,85.25549877594848,0.6708616375923157,test,57.19464352258246,6.438928704516492,False,5.336818729139047,6.102109975377445,False
15485,1.2401195571881243,0.9134197383611959,641.774408080762,440.88210428019966,0.28706775307655336,train,126.5630350473796,20.312607009475922,True,5.806529238187319,19.506077771288602,True
15486,0.2867100976676792,1.0,434.4814601229518,69.0384577557101,0.8430354714393615,train,58.20186878153151,6.640373756306303,False,5.252088648902953,6.38828510740335,False
15487,0.20932045625905193,1.0,434.4814601229518,50.55586320564049,0.9585925817489624,train,48.4624754328423,4.69249508656846,False,5.19005859545123,4.50243649111723,False
15488,0.7917726856353662,0.5584171205253747,123.62523614465107,54.06995658865517,0.7030795097351075,test,38.015478569750215,2.6030957139500437,False,5.583205456972821,2.019890256977223,False
15489,1.7272273450773858,0.972071084543659,290.246190532131,277.3464207393257,0.144921737909317,train,40.19352529647172,3.038705059294344,False,6.003285468587044,2.0354195907073,False
15490,0.3753197360068338,1.0,434.4814601229518,90.09506013842393,0.7389337062835694,test,66.57427670592666,8.314855341185334,False,5.318686239364094,7.9961691018212395,False
15491,2.3035070076089443,0.9152387281813218,588.5699203779427,734.0095398452943,0.17785023897886276,train,130.54377207425068,21.10875441485014,True,6.194984633753586,19.913769781096555,True
15493,1.8215860211274177,0.9563063571902918,527.4424858906722,531.0749203641104,0.0720026172697544,train,38.23878423254234,2.647756846508469,False,6.037299145691333,1.6104577008171361,False
15494,0.6448685816751716,0.8207593660552384,731.5408459154169,261.6344335456242,0.4487315952777863,train,117.4036367445279,18.48072734890558,True,5.497660491466828,17.983066857438754,True
15495,0.4482049505026783,1.0,434.4814601229518,107.34182317443612,0.7030795097351075,train,75.46983641155514,10.093967282311027,False,5.370324824350029,9.723642457960999,False
15496,0.22882154640456653,1.0,434.4814601229518,55.22210584804182,0.8850211501121521,test,48.872731629248975,4.774546325849796,False,5.206055617766467,4.568490708083329,False
15497,2.0462814556530984,0.8920514542995434,1134.2761597596334,1284.0566446843545,0.15840579569339752,train,203.4020145166194,35.68040290332388,True,6.113921651928783,34.566481251395096,True
15498,6.7047186639557355,0.9919859063805816,700.6378241541679,2595.082451540248,0.012173912674188613,test,31.59230714737028,1.3184614294740564,False,7.041832954666867,-0.7233715251928103,False
15499,0.19415436683985096,1.0,434.4814601229518,46.92249536430957,0.8637323379516602,train,40.52847662354104,3.1056953247082077,False,5.177438292074276,2.9282570326339314,False
15501,0.6652815628972522,0.6645087786327618,214.39929198073673,78.5139950548581,0.5765088677406311,train,45.264014390869754,4.052802878173951,False,5.509994215980653,3.5428086621932984,False
15502,1.7871107959872101,0.9288898196494175,883.6078731021981,870.899475877729,0.15188405513763428,train,132.27574401354977,21.455148802709957,True,6.025005502279842,20.430143300430114,True
15503,0.45127218166963406,0.9177362761780317,193.85298975308527,48.57039478637346,0.6708616375923157,train,32.58401458489177,1.516802916978354,False,5.372440538440037,1.1443623785383172,False
15504,0.5896229472070427,0.6723962489647762,128.99127113565814,42.13159663811979,0.718791913986206,train,30.283850986808925,1.0567701973617858,False,5.463496847988619,0.5932733493731668,False
15506,1.0044462027948586,0.7546491085832907,431.6536119388626,238.89434448941756,0.42688918113708496,train,101.98141109736815,15.396282219473633,True,5.6953678145236895,14.700914404949945,True
15508,5.330020993106114,0.9645454228459894,243.58162859034934,699.7422078882213,0.1834057942032814,train,128.33677537529687,20.667355075059376,True,6.8453035525970485,18.822051522462328,True
15509,0.4465041414038914,1.0,434.4814601229518,106.94004983997758,0.7466461181640625,train,79.84637308929062,10.969274617858126,False,5.369149708481382,10.600124909376744,False
15510,0.5511252715903858,1.0,434.4814601229518,131.5983456421011,0.7379132986068726,test,97.10816932397017,14.421633864794035,True,5.438980649205152,13.982653215588883,True
15512,0.7792512694109301,0.9063762962912991,165.87406267750413,71.61696234655513,0.49690393209457395,train,35.58675019467229,2.1173500389344584,False,5.576192640649809,1.5411573982846498,False
15513,6.377831680194803,0.9875686859021987,819.5053298498616,2885.818104691844,0.005940594151616097,train,17.143474155360217,-1.5713051689279567,False,6.99847978516998,-3.569784954097937,False
15514,3.037549279820625,0.9735853130136771,437.12306179598824,734.3481621260465,0.018114506825804712,train,13.302354795349416,-2.339529040930117,False,6.395637894002617,-3.7351669349327334,False
15515,0.4349513177684019,1.0,434.4814601229518,104.21014420454426,0.7466461181640625,train,77.80809964364015,10.56161992872803,False,5.361130923736054,10.200489004991976,False
15517,1.0128964707728179,1.0,434.4814601229518,239.3719984341239,0.4420757949352264,test,105.82056649299909,16.16411329859982,True,5.699574715018537,15.464538583581282,True
15518,2.834971142697741,0.9769270361036926,335.90191457921196,526.5765312890347,0.018114506825804712,train,9.538674170343787,-3.0922651659312423,False,6.344161910070633,-4.436427076001875,False
15519,0.7294759054557002,0.803955758480384,240.14366109280087,96.56240417007837,0.6925609827041626,train,66.87535352430599,8.3750707048612,False,5.5478184177893395,7.82725228707186,False
15521,2.6101545355154356,0.9768171350165402,647.0893437785071,933.8240632401393,0.018114506825804712,train,16.915762367664193,-1.6168475264671613,False,6.283750579050574,-2.9005981055177354,False
15523,1.1203968821815453,0.2811248872152911,1213.6969830695243,751.9989838118555,0.4655351758003235,test,350.0819791305168,65.01639582610336,True,5.751603279738783,64.26479254636457,True
15524,0.2404921179066783,1.0,434.4814601229518,58.0116990120039,0.9135925769805908,train,52.99905759539904,5.5998115190798075,False,5.2155081701647426,5.384303348915065,False
15525,0.7841361175350355,0.6969849831699811,303.6273076006685,130.8206965139521,0.5066876530647277,test,66.2852316889474,8.257046337789482,False,5.578934330313916,7.678112007475566,False
15527,3.974760596150097,0.9768120467012825,289.19709770560024,635.3769561996011,0.005940594151616097,train,3.774516630070987,-4.2450966739858025,False,6.604377248075821,-5.849473922061623,False
15528,0.8570347707827123,1.0,434.4814601229518,203.15745771346107,0.5882226228713989,train,119.50181263209738,18.900362526419478,True,5.618981006364747,18.28138152005473,True
15529,4.779930574677966,0.9637584663044723,280.2636046972518,732.4027528217824,0.031157984957098962,test,22.820193954958967,-0.4359612090082061,False,6.75439167131076,-2.190352880318966,False
15530,0.708890035071843,0.9370279681010717,527.5869211882851,206.6560460871411,0.4572018444538116,train,94.48352543857281,13.896705087714562,True,5.535844057459297,13.360861030255265,False
15532,1.7062103189644418,0.6136644768463506,355.81031295713285,334.47761571481976,0.36859031915664675,test,123.28521112707966,19.657042225415935,True,5.995549249922851,18.661492975493083,True
15534,0.19351707494041473,1.0,434.4814601229518,46.76973159704555,0.9614406824111938,train,44.966322662851844,3.99326453257037,False,5.176904473305565,3.816360059264805,False
15535,1.876648693253986,0.9457243258222209,248.38945023822666,256.23372316935223,0.1834057942032814,train,46.99474949953879,4.398949899907759,False,6.056625968407935,3.3423239314998243,False
15536,0.40224855814563326,1.0,434.4814601229518,96.4744016209081,0.7030795097351075,train,67.82917499361592,8.565834998723185,False,5.3380770611623385,8.227757937560845,False
15538,0.19428745376751025,0.10368349126055978,557.0989675615276,59.84984559169256,0.7397073388099671,train,44.27137001081834,3.8542740021636686,False,5.177549734544132,3.6767242676195364,False
15540,0.4551400754513938,1.0,434.4814601229518,108.9797460452973,0.7030795097351075,train,76.62142642058414,10.32428528411683,False,5.375102167777524,9.949183116339306,False
15542,0.41039910651032957,0.8496309729605386,361.83909763113127,82.4630650364017,0.7110795021057129,train,58.63779522819554,6.72755904563911,False,5.343872718600422,6.383686327038688,False
15543,0.7988288045199198,0.9149704107116973,183.04691380095164,80.64335129069597,0.5796570181846619,train,46.74548454558303,4.349096909116607,False,5.587135788972731,3.7619611201438765,False
15544,4.610480211084548,0.9799961709747969,397.53508070783556,1012.0058430005176,0.005940594151616097,train,6.011915992330193,-3.7976168015339615,False,6.7246363149950135,-5.522253116528975,False
15545,0.46229371700938304,1.0,434.4814601229518,110.66873390612491,0.7379132986068726,train,81.66393048931488,11.332786097862975,False,5.380006241976929,10.952779855886046,False
15546,0.2404921179066783,1.0,434.4814601229518,58.0116990120039,0.8068934321403504,train,46.8092589200888,4.361851784017761,False,5.2155081701647426,4.146343613853018,False
15547,4.8343531365799155,0.9885615205608594,425.65319112577856,1137.3569006007137,0.018114506825804712,train,20.60265933930772,-0.8794681321384559,False,6.763763400395226,-2.643231532533682,False
15548,0.2460133033927046,1.0,434.4814601229518,59.3306650889688,0.8850211501121521,train,52.50889345395808,5.5017786907916175,False,5.219949097188445,5.281829593603173,False
15549,1.6109003737172274,0.9128412645556543,269.59585358573855,240.28619042714809,0.28706775307655336,train,68.97841678124622,8.795683356249246,False,5.95969513261875,7.835988223630496,False
15550,1.8051684188542227,0.9273490381600011,274.6723131843551,274.4549092001183,0.25007936656475066,train,68.63550984335176,8.727101968670352,False,6.031463579544461,7.695638389125891,False
15551,1.1230530911936858,0.7364061247218987,328.690631572755,203.70561142202894,0.48365222811698916,train,98.52267284419788,14.704534568839577,True,5.75285519003617,13.951679378803407,False
15552,0.5597178810153801,0.9465536872078244,152.10447780447774,47.178973000948396,0.7030795097351075,train,33.17056920731267,1.6341138414625336,False,5.4445049594039645,1.189608882058569,False
15554,0.733627793086659,1.0,434.4814601229518,174.3750549167426,0.6925609827041626,train,120.76535939223157,19.153071878446315,True,5.5502162031181115,18.602855675328204,True
15555,6.3026443898702285,0.9914584731082725,346.99425084816005,1208.4591697832557,0.0,train,0.0,-5.0,False,6.9882365277471,-6.9882365277471,False
15558,0.2253227045270594,1.0,434.4814601229518,54.38535845382184,0.9135925769805908,train,49.68605977984025,4.937211955968051,False,5.203204241571491,4.73400771439656,False
15559,0.26070538309436186,1.0,434.4814601229518,62.838180368722156,0.7635961532592773,train,47.98299280736887,4.596598561473774,False,5.231671392170902,4.364927169302872,False
15560,0.4194494144168532,1.0,434.4814601229518,100.54473862334075,0.7656313896179199,train,76.98020795095891,10.396041590191784,False,5.350269060097844,10.04577253009394,False
15561,1.4928145181317987,0.9676724137315985,274.59031264708364,226.7300031707233,0.2360052913427353,train,53.50948045444585,5.701896090889171,False,5.913412400703246,4.788483690185926,False
15562,0.7250217788862652,0.9182764141242428,183.93478226847253,73.95613698273698,0.4655351758003235,train,34.42918323177127,1.885836646354254,False,5.545239675844936,1.340596970509318,False
15563,1.4541978127342532,0.971762889019634,441.0830603593944,354.9136071510539,0.12209639325737953,train,43.33367135111018,3.6667342702220367,False,5.897799951326213,2.7689343188958233,False
15564,0.46165313405152514,0.8620947190692013,107.48637057267919,27.527382351306066,0.8204822897911072,train,22.58572970355491,-0.4828540592890178,False,5.379568078767585,-0.8624221380566031,False
15566,0.4479222503559569,0.9079456693037213,151.71913215216333,37.730300493485544,0.7030795097351075,train,26.5274011731181,0.3054802346236203,False,5.370129598016369,-0.06464936339274896,False
15569,1.6848142456925395,0.8763257897305123,446.85272116417536,416.1040106969986,0.26541106700897216,train,110.43860946580317,17.087721893160634,True,5.987611543330211,16.100110349830423,True
15570,6.558160133034728,0.9817601465559438,353.9785671214027,1279.4588360174928,0.005940594151616097,train,7.600745678479056,-3.479850864304189,False,7.022627791926287,-5.502478656230476,False
15571,1.69694377006496,0.6672376295590927,391.62748932211423,367.6822683719497,0.2754639804363251,train,101.28322118159439,15.256644236318877,True,5.9921191948727515,14.264525041446126,False
15572,1.6467709351586968,0.9529924326302561,497.6146661535917,452.6025754709397,0.2259523779153824,test,102.26662817828515,15.45332563565703,True,5.973340381970606,14.479985253686426,False
15573,0.38276505924586846,0.4871675442627991,186.76394961771905,39.648154228022186,0.7124559998512268,train,28.24756536278119,0.649513072556239,False,5.324085160627683,0.32542791192855614,False
15574,1.346473379789095,0.7089012662310281,291.97663951878224,216.26122463639658,0.385666024684906,train,83.40460679900853,11.680921359801708,False,5.852913511542383,10.828007848259325,False
15575,0.23427857400745963,1.0,434.4814601229518,56.526758823293534,0.8850211501121521,train,50.02737710590348,5.005475421180698,False,5.210486648796257,4.794988772384441,False
15577,0.7390925704487523,0.9360979062169208,62.74010069295804,25.715957937133687,0.5400584876537323,train,13.888121352095414,-2.222375729580917,False,5.553363465955806,-2.7757391955367234,False
15579,1.7155472641376368,0.8206682719985187,177.2877312557713,167.05125812603274,0.3508343517780304,test,58.607319858351126,6.721463971670225,False,5.998993503658044,5.722470468012181,False
15580,1.707833516172985,0.6821365319634849,189.91316569476598,179.24342007286523,0.4411748945713043,train,79.07769695324633,10.815539390649267,False,5.996148874642047,9.819390516007221,False
15581,6.6704533999241375,0.966831080115624,170.6473263506421,628.9969241180862,0.06613810732960701,train,41.60066607731466,3.320133215462933,False,7.037375727051089,1.2827574884118444,False
15582,1.1416935050769146,1.0,434.4814601229518,269.1979594088571,0.42228121161460874,test,113.67724046335245,17.73544809267049,True,5.761596873588077,16.973851219082412,True
15583,0.4533862046956033,1.0,434.4814601229518,108.56556988654933,0.7646109819412231,train,83.01042699596296,11.602085399192593,False,5.3738961474088285,11.228189251783764,False
15584,0.48562134383560746,0.897160298891797,238.3809097045541,64.2119064717745,0.622990345954895,train,40.003397827274156,3.0006795654548313,False,5.395833098101514,2.604846467353317,False
15586,0.4187429506599875,0.5078427874283404,249.71292313844853,57.96460295489565,0.732461678981781,train,42.45685040185518,3.491370080371036,False,5.349771233537426,3.1415988468336096,False
15587,1.3823254681009678,0.7838813277290169,269.13327503549255,204.87659574240928,0.5204034864902496,train,106.61849472460321,16.323698944920643,True,5.868077098081549,15.455621846839094,True
15588,0.21006635865100307,1.0,434.4814601229518,50.73445956993971,0.8843242883682251,train,44.86571485493342,3.973142970986684,False,5.190675199965224,3.7824677710214605,False
15589,1.387395164293818,0.8998391886398399,318.9181510382473,241.8297232233148,0.4572018444538116,train,110.56499550145429,17.11299910029086,True,5.870202882165239,16.242796218125623,True
15590,1.119380936344353,0.8281439457936621,376.12283584043814,232.70680708257643,0.4420757949352264,train,102.87404672786835,15.57480934557367,True,5.751124034882037,14.823685310691634,True
15591,0.4057718694207277,0.4694505116924098,122.54455381595834,27.550376356091633,0.8243329763412476,train,22.71068374093855,-0.4578632518122898,False,5.340586525188656,-0.798449777000946,False
15594,1.004190567638397,1.0,434.4814601229518,237.35283801891944,0.4572018444538116,train,108.51815532859675,16.70363106571935,True,5.69524027233344,16.00839079338591,True
15595,0.31762667558629337,1.0,434.4814601229518,76.397218487888,0.8020402789115906,test,61.27364642409541,7.254729284819083,False,5.275832145264009,6.978897139555074,False
15596,3.49672830213739,0.9684480727173127,307.17025380675767,590.4240860926135,0.018114506825804712,train,10.695241137644157,-2.8609517724711684,False,6.503350088382165,-4.364301860853333,False
15597,0.2567302367502105,1.0,434.4814601229518,61.889500116810915,0.8607261538505554,train,53.26991139927616,5.653982279855233,False,5.228513297785744,5.425468982069489,False
15598,0.3789434419427411,1.0,434.4814601229518,90.95401331946287,0.7110795021057129,train,64.67553450572004,7.9351069011440085,False,5.321317584150453,7.6137893169935555,False
15599,0.8616971593289541,0.9468058097997466,446.20519895696737,211.9280045043936,0.43352617621421813,train,91.87633742549936,13.375267485099872,False,5.621488522946645,12.753778962153227,False
15600,0.9658441667291702,0.6956941800578289,300.1014854043408,160.15292410438974,0.5698892951011658,test,91.26943702624118,13.253887405248236,False,5.675921754457859,12.577965650790377,False
15601,6.220953752590987,0.9864699223853167,577.5860799200617,1985.6676348626702,0.005940594151616097,train,11.796045538718547,-2.6407908922562906,False,6.976987042877283,-4.617777935133574,False
15602,3.3468784511414493,0.9839334299681264,197.61280864412015,365.754142004984,0.018114506825804712,train,6.625455901915628,-3.674908819616874,False,6.469457990065562,-5.144366809682436,False
15603,0.22151233264733972,1.0,434.4814601229518,53.473882118840784,0.9135925769805908,test,48.85334176610809,4.770668353221618,False,5.200089707978518,4.5705786452431,False
15605,1.9980053337509542,0.9573213111958,193.19507277526617,213.4819602566631,0.26269206702709197,train,56.08001741281832,6.216003482563664,False,6.097947178781878,5.1180563037817866,False
15606,4.5213780803167,0.9714960888590677,297.3356565028137,741.7655222337875,0.04137032143771648,train,30.68707808622742,1.137415617245484,False,6.708627481362358,-0.571211864116874,False
15607,2.2064814126690497,0.8215284289167848,175.2676591346303,213.80829021595648,0.4070945978164673,train,87.04019991529132,12.408039983058266,False,6.165174202823739,11.242865780234528,False
15608,0.3941674930227116,1.0,434.4814601229518,94.56093864391492,0.597990345954895,train,56.54652841349428,6.309305682698856,False,5.3322974579345574,5.977008224764298,False
15609,1.7670733051966598,1.0,434.4814601229518,413.0361479142585,0.4314875602722168,train,178.21995976775787,30.643991953551577,True,6.017790193116193,29.626201760435386,True
15611,4.942876072194921,0.988800277525116,115.17336202287252,314.33052892563353,0.15188405513763428,train,47.74179538678267,4.548359077356535,False,6.782193203431939,2.766165873924596,False
15613,0.23854540940695618,1.0,434.4814601229518,57.546531881074976,0.8110653281211853,train,46.673996762360325,4.334799352472066,False,5.213937634117251,4.120861718354815,False
15614,0.7610422655220456,0.8064805147574678,862.6240980826472,363.354714926302,0.4504091262817383,train,163.65827968030578,27.73165593606116,True,5.565905830090361,27.165750105970798,True
15615,8.187840129879689,0.9798251577222721,537.4109790367764,2431.0968813221766,0.0,train,0.0,-5.0,False,7.217880884792983,-7.217880884792983,False
15616,0.36598746303776764,1.0,434.4814601229518,87.8822185283153,0.689380156993866,test,60.58425760601924,7.116851521203849,False,5.311877583242476,6.804973937961373,False
15617,0.9338161115938233,0.7595940291703056,323.8298996190212,166.80520295937617,0.4572018444538116,train,76.26364645751919,10.252729291503838,False,5.659495310604545,9.593233980899292,False
15620,1.55405952876071,0.9486273749883576,437.1813003744119,373.1521545554372,0.18564720898866655,train,69.27465602132445,8.85493120426489,False,5.937684065389115,7.917247138875775,False
15622,2.5675274887815367,0.9796219351778893,746.6630669974886,1058.7476694409606,0.018114506825804712,train,19.178691884893112,-1.1642616230213774,False,6.271872775673867,-2.436134398695244,False
15623,1.4933979709059366,0.7585590838993128,309.3761479462829,255.71458923954845,0.3876137137413025,test,99.11848159297308,14.823696318594617,True,5.913646427142386,13.910049891452232,False
15624,2.0002802032274247,0.9358219809186067,182.7517554289658,198.5634284197705,0.32876357436180115,test,65.2804224648174,8.056084492963482,False,6.098705685382308,6.957378807581174,False
15625,2.2969297184283852,0.9563707720754112,380.2405850081267,481.2395510704906,0.129265096783638,train,62.20747714524148,7.441495429048295,False,6.192991647037511,6.2485037820107845,False
15626,0.8525069897393214,0.868556933799143,309.32550394872055,145.1929887893253,0.4572018444538116,train,66.38250227624113,8.276500455248225,False,5.616539851319622,7.659960603928603,False
15627,0.5525228826815466,0.7487322965382156,313.31014197052315,95.68557155062537,0.6608692884445191,test,63.235655585068905,7.647131117013782,False,5.4398812739642475,7.207249843049534,False
15628,2.7395281304983663,0.9549116551235678,321.374454302342,486.9137504402622,0.031157984957098962,train,15.171251311622328,-1.9657497376755342,False,6.318959435150604,-3.284709172826138,False
15629,0.7184926344249578,0.6216277501566474,522.6374714697184,207.31226333018083,0.5484078168869019,train,113.691665746787,17.738333149357402,True,5.541447531249663,17.19688561810774,True
15630,0.5388681974620819,0.9489320052411768,403.5958084234028,120.57452739967584,0.5517722427845001,train,66.5296774060003,8.305935481200061,False,5.431047209514224,7.874888271685837,False
15631,0.22403808748353854,1.0,434.4814601229518,54.078092614076205,0.8110046029090882,train,43.85758202655977,3.7715164053119548,False,5.202155300831118,3.569361104480837,False
15632,2.7843713875594625,0.9187030137032699,424.95461218037696,642.6228244007117,0.18945401161909103,train,121.74747204070553,19.34949440814111,True,6.330879793191588,18.01861461494952,True
15633,0.02126005023542024,0.005700224717107779,346.9376461763505,4.079201494377591,0.7317073464393615,train,2.984781701042505,-4.403043659791499,False,5.021037208255446,-4.4240808680469454,False
15634,0.4414784620731439,1.0,434.4814601229518,105.75267438277716,0.7030795097351075,test,74.35253845821943,9.870507691643887,False,5.365669296654932,9.504838394988955,False
15635,0.4224605755010302,1.0,434.4814601229518,101.25693657534812,0.7758354663848877,train,78.5587226126402,10.71174452252804,False,5.352388171696518,10.359356350831522,False
15636,0.989701548633749,0.9320687828106367,330.2180513725737,180.6226299161597,0.3907212495803833,test,70.57309966333703,9.114619932667408,False,5.687984651928012,8.426635280739395,False
15637,0.9288852407880437,0.8517510782375098,118.26147129589,60.871635498852584,0.4572018444538116,train,27.830624024995515,0.5661248049991032,False,5.656942240597676,-0.0908174355985727,False
15638,1.3453371884853338,0.7880491135697726,505.5321717062404,375.7082476555534,0.4572018444538116,train,171.77450380462847,29.354900760925695,True,5.852429181960257,28.502471578965437,True
15639,0.5150617162317426,0.8402021147462717,279.5145083781913,79.75049731150351,0.5517722427845001,train,44.00411076474754,3.8008221529495074,False,5.415456174918241,3.385365978031267,False
15640,5.206407855977221,0.9914766280452806,951.8238342724436,2738.3974369152234,0.012173912674188613,train,33.337011264227854,1.6674022528455712,False,6.825582283489247,-0.1581800306436758,False
15641,2.971194832793207,0.9492568479870217,460.74978819680257,757.1059096012546,0.018114506825804712,train,13.71460016732901,-2.2570799665341976,False,6.379067014857181,-3.636146981391379,False
15642,0.1922549673774247,1.0,434.4814601229518,46.467173852002496,0.8850211501121521,train,41.12443164496057,3.224886328992115,False,5.175846444576634,3.049039884415481,False
15643,1.7084511774493512,0.9481072849763394,346.2366981342321,322.37201896554757,0.3016831398010254,train,97.2542028655221,14.450840573104422,True,5.996376950274693,13.454463622829728,False
15644,1.7615610750539044,0.8536791554265248,229.5425562323237,219.79354054065308,0.3208343505859375,train,70.51731784234435,9.103463568468872,False,6.015796126737351,8.08766744173152,False
15645,0.631827316246639,0.6521431855216422,92.72845197340745,32.26558738046678,0.597990345954895,train,19.294509760083226,-1.1410980479833546,False,5.489700439820141,-1.6307984878034958,False
15646,2.090880246140557,0.9310224224423798,211.57607169024024,242.6856647258742,0.25007936656475066,train,60.69067730899207,7.138135461798415,False,6.128455919643249,6.009679542155165,False
15647,0.3941674930227116,1.0,434.4814601229518,94.56093864391492,0.7456257104873657,train,70.50706706072125,9.101413412144252,False,5.3322974579345574,8.769115954209695,False
15648,1.8602389441508766,0.9389019585975861,357.3871255203503,361.66028623887587,0.28706775307655336,train,103.82100574761722,15.764201149523444,True,6.050905168247813,14.713295981275632,False
15649,1.4363326324616215,0.5898373671654185,378.11056572069697,297.54505957821465,0.5698892951011658,train,169.56774426386312,28.913548852772628,True,5.890493889155301,28.023054963617327,True
15650,0.44776294206690526,0.7646812283671651,237.9299733029103,59.04588089921537,0.7559404492378234,train,44.635169732595884,3.9270339465191775,False,5.370019566518725,3.557014380000452,False
15651,0.9455648309889124,0.9433318224890826,290.23128482494775,151.7800528634437,0.34189255237579347,train,51.89246967321563,5.378493934643126,False,5.665552336448761,4.712941598194365,False
15652,1.1130485656844245,0.6211387571378844,329.8180471142129,202.12056158370595,0.4420757949352264,train,89.35260793487119,12.870521586974238,False,5.748131722602832,12.122389864371407,False
15655,0.9321275501741145,1.0,434.4814601229518,220.62306989185166,0.4651648044586182,train,102.62608716530323,15.525217433060646,True,5.658621753369976,14.86659567969067,True
15656,1.6530895124552663,0.9284478530330386,130.61530855520482,117.69864272787427,0.398544979095459,train,46.90820310554455,4.381640621108911,False,5.9757248146750985,3.4059158064338124,False
15658,2.1981705810218526,0.9818807641981154,261.9264726288495,318.61132139461336,0.1449275329709053,test,46.17555278632153,4.235110557264306,False,6.162578952896011,3.0725316043682955,False
15659,0.5025722014708056,0.9000618967653534,174.6349001993663,48.66709674805629,0.7120999097824097,train,34.65583520366268,1.9311670407325368,False,5.407178440496157,1.5239886002363798,False
15660,2.7610382486556153,0.9791018836733983,210.25886731180034,320.74552594285126,0.018114506825804712,train,5.8101470190381015,-3.8379705961923793,False,6.324695049246541,-5.162665645438921,False
15661,2.41502580214183,0.8055329969777828,137.18300345864156,182.63590919956854,0.450348562002182,test,82.24981907798677,11.449963815597354,False,6.228185048526225,10.221778767071129,False
15662,0.3039653349001506,0.6303137813865644,224.0575298195949,37.821393138947734,0.9135925769805908,train,34.553344022807295,1.9106688045614595,False,5.265409879485581,1.6452589250758782,False
15664,0.7277618110470363,0.8058406696118049,248.92003547369094,100.31631829810637,0.5517722427845001,train,55.351759935229936,6.0703519870459886,False,5.546826820051683,5.523525166994306,False
15665,1.2187669860539003,0.9547472362300876,846.4228313376751,570.5762645829676,0.2259523779153824,train,128.9230637645979,20.784612752919585,True,5.796951629898549,19.987661123021034,True
15666,0.4995480306170657,0.6320539513066865,264.06788691095335,72.85193281173252,0.6708616375923157,train,48.87356694784423,4.774713389568847,False,5.405163749782349,4.369549639786498,False
15668,1.1762519163755984,1.0,434.4814601229518,277.1869118215254,0.6675609827041626,train,185.03916724830958,32.007833449661916,True,5.777604092686019,31.230229356975897,True
15669,0.8040810493898821,1.0,434.4814601229518,190.8196854620592,0.6173507690429687,train,117.80267956853965,18.56053591370793,True,5.590051348230931,17.970484565477,True
15670,0.6291277444752407,0.9237121790570885,220.0974883287903,76.61111115669902,0.6925609827041626,train,53.057866428741306,5.611573285748262,False,5.4880447454987955,5.123528540249467,False
15671,2.71676482444841,0.8737397550519593,347.94990278441,513.1377283390494,0.26007936596870423,train,133.45653504104118,21.691307008208238,True,6.312853619054768,20.37845338915347,True
15672,0.19351707494041473,1.0,434.4814601229518,46.76973159704555,0.9050211548805237,train,42.327596503410284,3.4655193006820575,False,5.176904473305565,3.2886148273764926,False
15673,2.1755533724038707,0.9725197542043884,728.6438111402404,875.9307501688176,0.031157984957098962,train,27.292237137220425,0.45844742744408506,False,6.15548190767873,-0.6970344802346453,False
15674,3.070581844477612,0.9778605628085881,506.81632726016556,860.6189649834544,0.018114506825804712,test,15.58968811560977,-1.882062376878046,False,6.403785948567902,-3.2858483254459476,False
15675,0.9443020441053694,0.908592379419466,115.1112951823034,59.798300148171364,0.5765088677406311,train,34.47425031123669,1.8948500622473379,False,5.664903066451378,1.2299469957959595,False
15676,0.7070919578258245,1.0,434.4814601229518,168.17197458420569,0.49019125699996946,train,82.4364316135987,11.48728632271974,False,5.534791313378198,10.952495009341542,False
15677,0.6347489979280965,0.7354920038472543,330.5359125133411,115.73178961630053,0.597990345954895,train,69.20649291063067,8.841298582126136,False,5.491489274477318,8.349809307648819,False
15678,0.6285900295704866,0.8518080351780487,698.6721919721787,242.74873293117997,0.4870166540145874,test,118.22267567842395,18.64453513568479,True,5.487714627945998,18.156820507738793,True
15680,1.7864522036919468,0.7992247121511298,409.68450380891875,405.0285634837721,0.3253673493862152,test,131.7830701264213,21.356614025284262,True,6.024769175069271,20.331844850214992,True
15681,2.446953281418134,0.9103839456893846,255.33881246570007,344.38247246415136,0.17511290162801743,test,60.30581402302836,7.061162804605672,False,6.23749073403938,5.8236720705662925,False
15682,0.36247493865755226,0.6901610840947401,234.61764046173977,47.18758671799358,0.8850211501121521,train,41.762012268175596,3.3524024536351202,False,5.309302853740263,3.043099599894857,False
15683,0.33008684016856277,1.0,434.4814601229518,79.35926579619588,0.7884514212608338,train,62.57092590722692,7.514185181445384,False,5.285244233461965,7.2289409479834195,False
15684,0.5531400594955846,0.7108758039488349,72.0655408409513,22.11036067046633,0.7884514212608338,train,17.432945295218822,-1.5134109409562355,False,5.4402787265105506,-1.953689667466786,False
15685,0.3528292375393002,1.0,434.4814601229518,84.76032574152529,0.7792343974113465,train,66.0481613535869,8.209632270717382,False,5.302198130979048,7.907434139738334,False
15686,0.387677659530811,1.0,434.4814601229518,93.02369052685779,0.7983836889266968,train,74.26859720040814,9.853719440081628,False,5.327631601346749,9.52608783873488,False
15687,3.8143730352626286,0.9737802029036928,336.83787875046653,700.1703816521073,0.05441379956901073,train,38.09893081137552,2.619786162275104,False,6.571605826026893,1.048180336248211,False
15688,0.39024773059958,1.0,434.4814601229518,93.63252409045889,0.7318620800971984,train,68.52609384559429,8.705218769118858,False,5.3294819547156225,8.375736814403236,False
15689,0.5416967511372864,0.9052691017403082,163.07453062993673,48.94690157039786,0.7030795097351075,test,34.41356355916789,1.8827127118335785,False,5.432883596357091,1.4498291154764873,False
15691,1.0268540378258921,0.9554598833271084,156.82032514497806,89.24550194226647,0.47344455122947693,train,42.25279661630576,3.4505593232611513,False,5.70648485591108,2.744074467350071,False
15693,0.21702679807157704,1.0,434.4814601229518,52.40059537209681,0.9414406776428222,train,49.33205201599416,4.866410403198833,False,5.196410833542398,4.669999569656435,False
15694,4.8518706610374975,0.9905492435756181,383.6883989069634,1028.9188088689166,0.018114506825804712,train,18.638356786454843,-1.2723286427090312,False,6.766761381245399,-3.03909002395443,False
15695,0.8058309605194844,0.9456265477396081,395.4736071907786,176.58852156483695,0.4989220082759857,train,88.10389981761566,12.62077996352313,False,5.591020851787729,12.029759111735402,False
15696,3.310780055637049,0.9743597034766637,267.4071176513784,489.1078307679806,0.018114506825804712,test,8.85994713900112,-3.228010572199776,False,6.461118875126202,-4.6891294473259775,False
15697,0.2056690639722207,1.0,434.4814601229518,49.68145078936468,0.9385925769805908,train,46.63064092452421,4.326128184904842,False,5.187034652665002,4.139093532239841,False
15698,0.23197346767344273,1.0,434.4814601229518,55.9757179042256,0.8850211501121521,train,49.539694237951124,4.907938847590225,False,5.208617328900077,4.699321518690148,False
15702,0.32733507927621663,1.0,434.4814601229518,78.70529279208232,0.8245885014533997,train,64.89947943987421,7.979895887974843,False,5.2831732323493865,7.696722655625456,False
15703,0.7986005708594929,1.0,434.4814601229518,189.5417167469768,0.7030795097351075,train,133.26289728481504,21.65257945696301,True,5.58700890188925,21.065570555073762,True
15704,1.375096532827453,0.9698454464783876,684.09362833514,519.6065020693636,0.17785023897886276,train,92.41214056800727,13.482428113601454,False,5.865038082061636,12.617390031539818,False
15705,1.4032036326583965,1.0,434.4814601229518,329.52249136135396,0.5882226228713989,test,193.83258416369353,33.76651683273871,True,5.876802694178745,32.88971413855997,True
15708,3.708936847338254,0.9547306536125476,379.4462209874841,771.1656673762656,0.031157984957098962,train,24.027968263540863,-0.19440634729182715,False,6.549462160115692,-1.7438685074075195,False
15709,0.5896249547625988,0.9304462140594641,187.46609053706646,61.20703952738923,0.6708616375923157,train,41.06145476952193,3.212290953904386,False,5.463498110900867,2.7487928430035193,False
15710,0.39154561098883217,1.0,434.4814601229518,93.93995362856248,0.597990345954895,train,56.17518536933087,6.235037073866174,False,5.330415079735388,5.904621994130785,False
15711,0.4057293472005425,0.7684640856522145,335.3322360581048,75.48734820911058,0.791365110874176,test,59.738053685100326,6.9476107370200655,False,5.34055627642338,6.607054460596686,False
15712,2.086616368195467,0.9350296849170081,351.781051424334,406.21529794017243,0.1316616103053093,train,53.48296025745409,5.696592051490818,False,6.127075464456171,4.569516587034647,False
15713,0.7224914778449147,0.9105890552224281,227.79588626888906,91.26741545902357,0.4572018444538116,train,41.727630686397895,3.3455261372795793,False,5.543771776343316,2.801754360936263,False
15714,0.7315913363723621,0.6677887095104096,126.29725509290462,51.04671781581599,0.6173507690429687,train,31.51373050071341,1.3027461001426826,False,5.5490408333232075,0.753705266819475,False
15715,0.3916333979275565,0.4093434783163791,177.2673178148352,38.41983430612789,0.7499597907066345,train,28.81333089520725,0.7626661790414504,False,5.330478163668166,0.432188015373284,False
15716,2.7894216499314783,0.9818043677609742,232.9374281268018,359.3915689482059,0.018114506825804712,train,6.51020102884894,-3.6979597942302123,False,6.3322134084872586,-5.030173202717471,False
15717,1.6984022959863305,0.9588545003412057,149.04298874161137,139.76535768577128,0.42228121161460874,train,59.020284585296665,6.804056917059334,False,5.992659855634468,5.8113970614248665,False
15718,0.2779196617848293,1.0,434.4814601229518,66.94367809761401,0.8163737654685974,train,54.65106256286682,5.930212512573364,False,5.245233491526231,5.684979021047133,False
15719,7.098454334260391,0.9887521737864443,301.8773129512591,1184.0723643994975,0.0,train,0.0,-5.0,False,7.091673220538565,-7.091673220538565,False
15720,0.2715164906710702,1.0,434.4814601229518,65.41707690158998,0.8666336059570312,train,56.69263724639334,6.3385274492786685,False,5.240210275258042,6.098317174020626,False
15722,2.255545295411179,0.9804128578000285,546.9925087123116,681.4873142944215,0.08137032128870487,train,55.45284171831367,6.090568343662735,False,6.1803597871016525,4.9102085565610825,False
15723,1.2103510114110283,0.837283874653293,245.28672812825928,163.94858965758596,0.40463427901268006,test,66.33921937124303,8.267843874248607,False,5.793151331610494,7.474692542638113,False
15724,1.617304430358493,0.9570555050917715,141.30806020068886,125.45753467456892,0.4106145441532135,train,51.51468841098409,5.30293768219682,False,5.962144944775742,4.3407927374210775,False
15726,0.43018149742183853,1.0,434.4814601229518,103.08261445744317,0.7030795097351075,test,72.47527403495225,9.495054806990451,False,5.357801357492006,9.137253449498445,False
15727,3.3410980254135,0.9832848433721808,646.4161699733053,1193.1681780493764,0.018114506825804712,train,21.6136531056084,-0.6772693788783197,False,6.468127317360245,-2.1453966962385644,False
15728,0.7390962191691709,0.8096352229381293,321.72215557210916,131.060102853138,0.6173507690429687,test,80.91005528723532,11.182011057447067,False,5.553365564013525,10.628645493433542,False
15729,1.5924476132229997,0.9522513558338908,96.00984730790015,83.9446648778932,0.5019855558872223,train,42.139009262495804,3.4278018524991616,False,5.952602453867428,2.4751993986317338,False
15730,1.4571383581481292,0.9559098340520681,396.5998680782183,317.76327200268037,0.1934587076306343,train,61.47407193412026,7.2948143868240525,False,5.898997403776192,6.395816983047861,False
15731,0.26965273725684985,1.0,434.4814601229518,64.97261931774895,0.8850211501121521,train,57.50214227439321,6.500428454878643,False,5.238743427849444,6.261685027029198,False
15732,2.7480906115048316,0.9762495167529992,171.29431632444215,260.0867806840759,0.19920819252729416,train,51.81141748031752,5.362283496063505,False,6.321246540045744,4.041036956017761,False
15733,0.7113798771745475,1.0,434.4814601229518,169.17468669809557,0.7030795097351075,train,118.94325578328744,18.78865115665749,True,5.537299990825028,18.25135116583246,True
15734,1.0709307601889075,0.9598083193747934,579.9191002048573,343.01811470546335,0.28706775307655336,train,98.46943945305281,14.693887890610565,True,5.727998148821671,13.965889741788894,False
15735,0.38640529964851567,1.0,434.4814601229518,92.72224712068062,0.7110795021057129,train,65.93288931669645,8.18657786333929,False,5.326714282008979,7.859863581330311,False
15736,0.36943207504276515,1.0,434.4814601229518,88.69912071442504,0.597990345954895,train,53.041217881914015,5.6082435763828045,False,5.314396110128609,5.293847466254196,False
15737,3.65366725145437,0.9613577495031915,149.6874412032335,295.6385356684865,0.17785023897886276,train,52.579384220001366,5.515876844000275,False,6.537655565000103,3.978221279000172,False
15738,8.637148149710043,0.9860084912821443,364.73037967419936,1740.1368522910564,0.018114506825804712,train,31.521720888660667,1.3043441777321334,False,7.2656252297623025,-0.9612810520301691,False
15741,0.5018891897466924,0.8404173531671755,197.48507749723902,54.92089469334694,0.7506399154663086,train,41.225815749947984,3.2451631499895974,False,5.406723775485066,2.8384393745045315,False
15742,0.23427857400745963,1.0,434.4814601229518,56.526758823293534,0.861519968509674,train,48.698931481397786,4.739786296279558,False,5.210486648796257,4.529299647483301,False
15743,1.7670733051966598,1.0,434.4814601229518,413.0361479142585,0.4572018444538116,train,188.84088865249635,32.76817773049927,True,6.017790193116193,31.750387537383077,True
15745,0.9872232023800699,1.0,434.4814601229518,233.41640757785586,0.4572018444538116,train,106.71841207037835,16.343682414075673,True,5.686738288604757,15.656944125470915,True
15747,1.4617885339763463,0.8184158944822754,272.5251016784213,220.38439821275864,0.36916775107383726,train,81.35881265996511,11.271762531993023,False,5.900888132105971,10.370874399887052,False
15748,0.3538894532033067,1.0,434.4814601229518,85.01195155249373,0.6423507690429687,train,54.607492457587945,5.921498491517589,False,5.302981526550856,5.618516964966733,False
15749,1.2819590126190563,0.9256514591952621,17735.16422990967,12449.597483571943,0.32561737298965454,test,4053.8052273793096,805.7610454758619,True,5.825034290112523,804.9360111857494,True
15750,3.1082441292739382,0.915220881440508,398.77533600777633,685.4796598897643,0.09179043546319007,train,62.92047648244089,7.584095296488179,False,6.412995718069281,6.1710995784188984,False
15751,0.956303297909872,0.4888761368835677,192.43941827732263,101.86787091798132,0.7022955894470215,test,71.54135645205679,9.308271290411358,False,5.671056619873144,8.637214670538214,False
15752,2.3060141600460513,0.9347950448646437,434.120584659401,550.0537415295282,0.05441379956901073,train,29.930514043772185,0.9861028087544375,False,6.195743282525187,-0.20964047377074913,False
15753,0.6276830435130973,1.0,434.4814601229518,149.57645841045075,0.7656313896179199,train,114.5204317069204,17.904086341384083,True,5.487157557908881,17.416928783475203,True
15754,2.1432201779443663,0.9580634886909151,216.39366586212523,256.2697417883353,0.17688405364751816,train,45.33003075472353,4.066006150944707,False,6.145247808796218,2.9207583421484893,False
15755,3.5844939347133153,0.96749525159323,330.307238284458,654.6593808522125,0.018114506825804712,train,11.85883182302449,-2.628233635395102,False,6.52267972550843,-4.150913360903532,False
15756,2.086859633704006,0.927312738048716,177.07815561191254,200.52078462114335,0.2782877668738365,train,55.80248136400752,6.160496272801504,False,6.127154274354707,5.033341998446797,False
15757,1.8850621914859478,0.9642513529635428,486.6756641688511,505.84986423760165,0.10831217467784882,train,54.78969885606922,5.957939771213844,False,6.059546456568601,4.898393314645244,False
15759,1.8905109092190204,0.9727549273590036,128.7232741209563,134.70367302645468,0.4075163960456848,train,54.89395536585713,5.978791073171427,False,6.061433271696572,4.917357801474855,False
15761,0.36149350263339586,1.0,434.4814601229518,86.81623663632352,0.7758354663848877,train,67.35511544052284,8.471023088104568,False,5.308582260908316,8.162440827196253,False
15764,1.7724026881998884,0.9704682608709813,667.1761835573768,650.8450859814834,0.129265096783638,test,84.13155303055166,11.826310606110333,False,6.019714340690384,10.806596265419948,False
15765,0.21426581057628152,1.0,434.4814601229518,51.73978827961377,0.8843242883682251,train,45.754751450692076,4.150950290138416,False,5.194139623016499,3.9568106671219176,False
15766,0.4603767523683324,0.8688966905534384,335.98814355140405,85.81825817587738,0.6173507690429687,train,52.979967682805935,5.595993536561188,False,5.378694451998534,5.217299084562654,False
15768,9.123244604624405,0.98678357601316,472.7567020559675,2382.720170327988,0.018114506825804712,train,43.161800789388906,3.632360157877782,False,7.314834225579099,1.3175259322986834,False
15769,8.687088816471434,0.990107880264181,1997.446031374406,9584.74008067409,0.018114506825804712,train,173.6228396149348,29.724567922986964,True,7.2707939490273255,27.45377397395964,True
15770,0.23758383557795085,1.0,434.4814601229518,57.31674112593882,0.9135925769805908,train,52.364149229375855,5.472829845875172,False,5.2131609590876336,5.259668886787538,False
15771,0.36508120116174825,0.4374772117482592,353.9641359233352,71.62579392643045,0.8110046029090882,train,58.088848561352904,6.617769712270581,False,5.311213914898165,6.3065557973724164,False
15772,0.39024773059958,1.0,434.4814601229518,93.63252409045889,0.7063564538955689,train,66.13793768582796,8.227587537165594,False,5.3294819547156225,7.898105582449971,False
15773,0.40224855814563326,1.0,434.4814601229518,96.4744016209081,0.7309745192527771,train,70.52032934504264,9.10406586900853,False,5.3380770611623385,8.765988807846192,False
15774,1.139085353630554,0.7289666712731876,218.1132122787191,137.40481184347885,0.5882226228713989,train,80.8246188177222,11.16492376354444,False,5.76037833282474,10.4045454307197,False
15775,0.5480317805148351,0.9413736672123976,164.2223687432136,49.88261043017537,0.7229745268821717,train,36.06385667540372,2.2127713350807445,False,5.43698430500514,1.7757870300756045,False
15777,2.161860328530699,0.954658171064765,354.18004752953277,422.25401630113976,0.21943063735961915,train,92.65546792461811,13.531093584923621,False,6.1511605659365,12.37993301898712,False
15778,0.37412721253297265,1.0,434.4814601229518,89.8123524369471,0.7309745192527771,test,65.65054114555839,8.130108229111679,False,5.317818775055118,7.812289454056561,False
15779,0.5407393885504949,0.7507597792697241,124.70394227182983,37.28384322092508,0.8379218339920044,test,31.2409462899479,1.24818925798958,False,5.432262423639028,0.8159268343505524,False
15780,1.1485398056115181,0.9251341434336131,263.1906106386644,165.82865476796454,0.4563009440898895,train,75.66777172777857,10.133554345555716,False,5.764788451225131,9.368765894330584,False
15781,0.6243458043159552,1.0,434.4814601229518,148.79383870616067,0.7656313896179199,train,113.92123349518243,17.784246699036487,True,5.485105152764415,17.29914154627207,True
15782,0.3753197360068338,1.0,434.4814601229518,90.09506013842393,0.7030795097351075,test,63.343990711678124,7.668798142335625,False,5.318686239364094,7.3501119029715305,False
15784,0.4625761927055743,0.8576654117951438,391.52711054666474,100.46372696453068,0.6925609827041626,train,69.57725747267804,8.91545149453561,False,5.380199396343304,8.535252098192306,False
15785,2.828950242473302,0.9828784552307357,514.5319739624148,804.9741916091003,0.018114506825804712,test,14.581710488499677,-2.0836579023000645,False,6.342590677496464,-3.4262485797965283,False
15786,0.5956543677412772,0.8349286847790919,1550.6550315518077,510.74998310939196,0.4504091262817383,train,230.04645364071382,41.009290728142766,True,5.467283914009159,40.54200681413361,True
15788,0.3006076983540867,1.0,434.4814601229518,72.34802072651476,0.8204822897911072,test,59.360269707545314,6.872053941509064,False,5.262831615514349,6.609222325994715,False
15789,1.4037471435383302,0.84377132576613,396.6303308902016,307.6716677831047,0.28706775307655336,train,88.32261435581165,12.66452287116233,False,5.8770288295845585,11.787494041577771,False
15791,1.2193274482334417,0.966170627106307,933.9171101763949,629.9333293138653,0.17785023897886276,train,112.0337931592216,17.406758631844323,True,5.797204198738992,16.60955443310533,True
15792,0.5290793484089265,0.8859442973882831,452.90365423230367,132.7760944999042,0.613222622871399,train,81.42130492385198,11.284260984770395,False,5.424665821224282,10.859595163546112,False
15793,1.5705120919894775,0.9523682515310001,295.88437047769486,257.31037004342267,0.26007936596870423,test,66.92111789806603,8.384223579613206,False,5.944105136641427,7.440118442971779,False
15794,0.15225796913659187,0.31522336924885336,161.8447040799974,13.684881334695584,0.8059141635894775,train,11.028839694672445,-2.794232061065511,False,5.141723468746955,-2.9359555298124658,False
15795,1.159027521137769,0.6488940604581389,259.08006367027906,166.12289342413484,0.5396770656108856,train,89.65271565392698,12.930543130785395,False,5.769657898620379,12.160885232165016,False
15796,4.505930444291763,0.9880114127070709,297.43759142953564,738.9830184917561,0.018114506825804712,test,13.386312932622685,-2.322737413475463,False,6.705825773929355,-4.028563187404818,False
15797,1.131175104182997,0.9642433874431705,693.7248007705851,434.4715440453228,0.2716831386089325,test,118.03859272250236,18.60771854450047,True,5.756673519699886,17.851045024800584,True
15798,0.647810271947456,0.7601916539755623,569.6656210856137,204.49186360564602,0.622990345954895,train,127.39645685264261,20.479291370528525,True,5.499447298614269,19.979844071914258,True
15799,1.5310415020342136,0.9631414063217871,259.7862005157008,218.55839170945066,0.1934587076306343,train,42.282024001940265,3.4564048003880536,False,5.928630878913424,2.5277739214746298,False
15800,0.9096552185316579,0.9489130309106416,229.3366111629063,115.44192942278585,0.3660846590995789,train,42.2615193785382,3.4523038757076403,False,5.64692271190618,2.80538116380146,False
15803,0.7138516322060243,0.8303071169355843,452.96246792920533,179.15668896912854,0.4687097787857056,train,83.9724920546997,11.79449841093994,False,5.538743254121985,11.255755156817955,False
15804,1.4559950096184495,1.0,434.4814601229518,341.66688366193193,0.40079365372657777,train,136.9379186602393,22.387583732047858,True,5.89853197836852,21.489051753679338,True
15805,4.2882115366867115,0.9900211508639533,478.35486221871787,1133.8554301525148,0.012173912674188613,train,13.803456991831283,-2.239308601633743,False,6.665480104904862,-3.9047887065386053,False
15806,0.7382462232809627,1.0,434.4814601229518,175.45413643059752,0.5882226228713989,train,103.20609232484233,15.641218464968468,True,5.552876687281247,15.08834177768722,True
15807,0.48638960322078606,0.8921097604556172,497.7349313994252,134.27544857211922,0.5546032547950744,test,74.46960081716595,9.893920163433192,False,5.39635009444909,9.497570068984102,False
15808,3.5570107953590204,0.5912377383003327,811.9839852397081,1596.4251585059428,0.32643458247184753,train,521.1283800644404,99.22567601288809,True,6.516666881240761,97.70900913164732,True
15809,2.3891360768193013,0.9785409660270691,207.6256848126677,273.25641192471676,0.129265096783638,train,35.322516534198165,2.064503306839633,False,6.220575044317881,0.8439282625217519,False
15810,1.7752809811826298,0.9646971307293842,429.70062294717627,421.84441548638017,0.10084585063159465,train,42.54125891391185,3.50825178278237,False,6.020751996552736,2.487499786229634,False
15811,2.9755480660605587,0.9637726714654042,329.4654274561572,536.611547124521,0.05441379956901073,test,29.199073171650447,0.8398146343300894,False,6.380162616856191,-0.5403479825261019,False
15812,2.834880279221628,0.9849392832579779,461.969987066984,724.2567366759027,0.018114506825804712,test,13.119553600150686,-2.3760892799698627,False,6.3441382163975435,-3.7202274963674062,False
15813,2.2679645393401886,0.931613448784426,515.4280360312181,633.3062671011935,0.25163022577762606,train,159.3589989770589,26.87179979541178,True,6.18416732606379,25.68763246934799,True
15814,0.5451269722784123,0.8856168272029448,402.09542003247697,121.41559980974428,0.5204034864902496,train,63.18510145529581,7.637020291059162,False,5.43510608967737,7.2019142013817925,False
15815,3.127659432872782,0.9340879491863567,478.65923633700686,811.4227554806441,0.15188405513763428,train,123.2421785333533,19.64843570667066,True,6.417710523049252,18.23072518362141,True
15816,0.27661495467757086,1.0,434.4814601229518,66.63266754807172,0.8245885014533997,train,54.94453148130704,5.988906296261408,False,5.244212008229589,5.74469428803182,False
15817,0.8433655921788299,0.7488693961180309,880.9911606349971,410.3294583891022,0.42228121161460874,train,173.27442084971625,29.65488416994325,True,5.611593026990852,29.0432911429524,True
15818,0.24966085367343305,1.0,434.4814601229518,60.201773844779915,0.8297070980072021,train,49.94983907163822,4.989967814327645,False,5.222872197439824,4.767095616887821,False
15819,1.939072714677106,0.9747485523234556,531.9369371826518,569.8235236646734,0.018114506825804712,train,10.32207210892782,-2.935585578214436,False,6.0780941284294965,-4.0136797066439325,False
15820,0.5811038306955103,1.0,434.4814601229518,138.64444581804423,0.7180182814598084,train,99.54924672021964,14.90984934404393,True,5.458123230135095,14.451726113908837,True
15822,1.2198740089015043,0.8913223819259313,240.74718280650737,162.6725658558354,0.3987417697906494,test,64.86434680574177,7.972869361148355,False,5.79745044152662,7.175418919621735,False
15823,0.15822904758852396,0.3244285744637301,136.26431184125968,11.97265365119094,0.7925808310508728,train,9.489295780745183,-3.1021408438509637,False,5.146892155436796,-3.24903299928776,False
15824,0.556628426908793,0.7728192149810015,484.99392834205395,149.26326821627106,0.5923507690429688,train,88.41621171777508,12.683242343555019,False,5.442522217556017,12.240720125999001,False
15826,0.6280478635892334,0.9472008255610321,668.5332426549991,232.37544577816556,0.40339785218238833,train,93.73975572683702,13.747951145367406,True,5.487381667387257,13.260569477980148,False
15827,5.355477590213564,0.9783326347759791,147.8458616135527,437.29409582327463,0.11513987109065056,train,50.349985821794434,5.069997164358888,False,6.849317053700199,3.220680110658689,False
15828,0.4551400754513938,1.0,434.4814601229518,108.9797460452973,0.6173507690429687,train,67.27873003117172,8.455746006234344,False,5.375102167777524,8.080643838456819,False
15831,0.5670813754741255,1.0,434.4814601229518,135.34966010065352,0.7030795097351075,train,95.16157266638092,14.032314533276185,True,5.44921489276843,13.583099640507754,True
15832,0.8570347707827123,1.0,434.4814601229518,203.15745771346107,0.4572018444538116,train,92.88396438114164,13.576792876228328,True,5.618981006364747,12.957811869863582,False
15833,0.18977953149423307,1.0,434.4814601229518,45.873671164935395,0.9405525922775269,test,43.14660033146682,3.6293200662933653,False,5.173768022307361,3.455552043986004,False
15834,1.4160856453658812,0.9084329226774251,796.5936747738831,620.05170910785,0.17734371572732927,test,109.9622740362672,16.99245480725344,True,5.882148728685104,16.110306078568335,True
15835,1.2620494439285168,0.9028480216353935,231.69885211655154,160.0951830345255,0.4020914018154144,train,64.3728965702477,7.874579314049541,False,5.816271235955705,7.058308078093836,False
15837,0.3193487160987143,1.0,434.4814601229518,76.8067090433085,0.7491377830505371,train,57.53880773611177,6.507761547222355,False,5.277138217943066,6.230623329279289,False
15838,6.0981664195146195,0.9911483483032291,2342.840227423716,7893.423076258611,0.018114506825804712,train,142.98546619385104,23.59709323877021,True,6.959836499922208,21.637256738848002,True
15841,1.9147488768340402,0.97261442188926,311.4453550502251,330.04275059100536,0.1316616103053093,train,43.45396001240533,3.690792002481066,False,6.069783667492495,2.621008334988571,False
15842,0.6245633577913512,0.8567437874789643,386.69799162723774,133.51506674691578,0.5882226228713989,train,78.5365827547207,10.70731655094414,False,5.4852390767769785,10.222077474167161,False
15843,0.6310562879520729,1.0,434.4814601229518,150.36742648397322,0.7456257104873657,train,112.11781920626926,17.423563841253852,True,5.489227834356725,16.934336006897126,True
15845,1.7608223468560653,0.9722032277279617,408.26672650444056,397.61620324476985,0.1316616103053093,train,52.350789602689545,5.470157920537909,False,6.015528587109692,4.454629333428217,False
15846,0.4381905309283901,1.0,434.4814601229518,104.97571166922667,0.7656313896179199,train,80.37270000144011,11.074540000288021,False,5.363385747690441,10.71115425259758,False
15847,1.1809472279986186,0.9357568701925405,195.28910998386746,127.57803323017737,0.3720649242401123,train,47.46731126848847,4.493462253697695,False,5.779759290685869,3.7137029630118263,False
15848,0.23335105154787095,1.0,434.4814601229518,56.30504269419775,0.8666336059570312,train,48.79584218363719,4.759168436727439,False,5.209734896998772,4.549433539728667,False
15850,0.9683624662318662,0.8908586151223978,236.24255717308034,126.77094789903032,0.3204639792442322,train,40.62552241628649,3.1251044832572994,False,5.677201961666876,2.4479025215904233,False
15851,0.2874093998343037,1.0,434.4814601229518,69.20505488969691,0.8843242883682251,train,61.19971091681518,7.239942183363036,False,5.252631982019,6.987310201344036,False
15852,1.1293531863248902,0.9630781921089616,115.3860396153973,71.92574004772779,0.42228121161460874,train,30.372888653631875,1.074577730726375,False,5.755818265212681,0.3187594655136943,False
15854,4.262880084679403,0.9841708531815209,259.9746423156715,612.584798511059,0.018114506825804712,train,11.096671514012783,-2.7806656971974433,False,6.660678421517618,-4.441344118715062,False
15855,1.7683775327255933,0.9629472285970543,136.01438378895347,132.3728236455899,0.27044562101364134,train,35.79965049616079,2.1599300992321577,False,6.01826142033553,1.141668678896628,False
15856,8.83551912284356,0.9868177224308865,731.0221115830111,3568.272343713786,0.0,train,0.0,-5.0,False,7.286000233655314,-7.286000233655314,False
15857,0.3753197360068338,1.0,434.4814601229518,90.09506013842393,0.7180182814598084,test,64.68990024860923,7.937980049721848,False,5.318686239364094,7.619293810357753,False
15858,2.6232164246827248,0.9188255111211995,302.3935259131201,438.7343831799775,0.08939392194151878,test,39.220187203051296,2.8440374406102595,False,6.287362146447518,1.5566752941627415,False
15859,0.3729422561491189,1.0,434.4814601229518,89.53142129056626,0.7110795021057129,test,63.663958474112675,7.732791694822536,False,5.316956069200129,7.415835625622407,False
15860,3.319902252679193,0.9697588687639024,151.9354565623294,278.92373797961153,0.14231883808970452,train,39.696102304895504,2.939220460979101,False,6.463232775305401,1.4759876856737,False
15861,1.420194494023321,0.9490379481186881,381.9873297498821,300.1766333696241,0.17785023897886276,train,53.386485980658115,5.677297196131624,False,5.88384790637027,4.793449289761354,False
15862,2.2403758481509457,0.9782846710140027,235.56554676391875,291.96696072390483,0.1285243570804596,test,37.52486591577566,2.5049731831551334,False,6.175689325592191,1.3292838575629427,False
15863,1.0603864132274263,0.9691558842783189,78.75844575367823,46.27538093283176,0.41283069252967836,test,19.103897557575607,-1.1792204884848783,False,5.722893544447319,-1.9021140329321975,False
15864,0.9697793537923635,0.8587609877984196,276.9728668416504,147.57675557872778,0.4905886769294739,train,72.39948526491241,9.479897052982484,False,5.677921533325991,8.801975519656493,False
15865,0.786349076850857,0.9585461467027308,472.6179729367873,206.0186482924589,0.34189255237579347,test,70.43624150171968,9.087248300343937,False,5.580173915120298,8.507074385223639,False
15867,6.9619528514521,0.9897556286960273,271.113783056527,1042.707246224863,0.0,train,0.0,-5.0,False,7.074674302864046,-7.074674302864046,False
15868,0.2523332376508045,1.0,434.4814601229518,60.83986230407082,0.8843242883682251,test,53.80216793646823,5.760433587293647,False,5.2250084015203155,5.535425185773332,False
15869,0.5490741317919432,0.9340332042927133,200.90399530607075,61.134345104869745,0.7120999097824097,train,43.533761633784444,3.70675232675689,False,5.4376574181281505,3.2690949086287393,False
15870,0.7020241849053142,0.7737016057449305,191.5901089011961,74.14007042252958,0.6173507690429687,train,45.77042949224849,4.154085898449699,False,5.5318182397478255,3.6222676587018734,False
15871,0.36712849551060683,1.0,434.4814601229518,88.1528348754679,0.7976712703704834,train,70.31698378187393,9.063396756374786,False,5.312712551503197,8.75068420487159,False
15872,0.6074584849341441,0.8797711350267233,319.22970709756623,107.27259993189476,0.5396770656108856,train,57.89256195169545,6.578512390339091,False,5.474654350938692,6.103858039400399,False
15873,0.3941245914757406,0.5052251283204744,191.5573135265315,41.7024908446199,0.7925808310508728,train,33.05259485052026,1.610518970104052,False,5.332266685299788,1.278252284804264,False
15874,4.1312592240656665,0.9771635401882252,644.6862294270659,1471.438126577352,0.005940594151616097,train,8.741216729210363,-3.2517566541579273,False,6.635351091842451,-4.887107746000378,False
15875,0.22234789471529307,1.0,434.4814601229518,53.673776637650434,0.9614406824111938,test,51.604152438088626,5.320830487617727,False,5.20077351312511,5.120056974492616,False
15876,0.6677445455499309,0.740370028545054,667.1722346063956,245.59241349709794,0.5882226228713989,train,144.4630136245801,23.89260272491602,True,5.5114721420579516,23.38113058285807,True
15878,0.39044480745159965,0.8031319374428314,175.48757994065767,38.04687357993866,0.7850553154945373,train,29.868900341879524,0.9737800683759055,False,5.329623701312669,0.6441563670632364,False
15879,0.9426843384565066,0.8615751196133026,345.42483250218663,180.4318647733148,0.4052055060863495,train,73.1119850795748,9.62239701591496,False,5.664070696289487,8.958326319625472,False
15880,0.46595574128542644,1.0,434.4814601229518,111.53313279958854,0.6423507690429687,train,71.64339362758726,9.328678725517452,False,5.382507412889648,8.946171312627804,False
15881,1.5086898418627475,0.7801147525138243,217.30363984150964,179.56931369023408,0.6173507690429687,train,110.8572539031841,17.17145078063682,True,5.919760641513648,16.251690139123173,True
15882,1.6324505130328248,0.9756922303660378,198.51033986499826,179.40813006500838,0.322782039642334,train,57.90972215080055,6.58194443016011,False,5.967915166381237,5.614029263778873,False
15884,0.4326507308943109,0.8942544712889565,84.69358518047068,20.34777700270954,0.6925609827041626,test,14.09207643684168,-2.181584712631664,False,5.359526386336073,-2.541111098967737,False
15885,1.278695345817613,0.34581040724441164,136.78988798682832,96.64376035468383,0.6173507690429687,test,59.66309977816844,6.9326199556336885,False,5.8236030624412045,6.109016893192484,False
15886,0.5399057715356844,0.8681555171047156,551.6259308177655,164.95330806506936,0.5568538665771484,test,91.8548874007254,13.370977480145083,False,5.431721227239027,12.939256252906056,False
15887,0.8731449410082954,0.79699879022899,306.53053238796093,147.86293661472584,0.4572018444538116,train,67.6032073466097,8.520641469321939,False,5.627618804882398,7.893022664439541,False
15888,0.620139785119803,0.8486123291730175,225.05778874687803,77.15300122928831,0.6675609827041626,test,51.50433331919917,5.300866663839834,False,5.482512432632763,4.818354231207071,False
15889,1.6195194441227687,0.8226297271486958,176.96136327370658,158.61810584324306,0.3316831409931183,train,52.61095156446575,5.5221903128931515,False,5.962990882676065,4.559199430217086,False
15890,0.8410758101033066,0.8530099562055197,165.72539624036222,77.10711433301573,0.5581755399703979,train,43.039305178390265,3.607861035678054,False,5.610350080166457,2.997510955511597,False
15891,1.0783740339910184,1.0,434.4814601229518,254.54535255173016,0.39238095879554746,test,99.87874949119853,14.975749898239709,True,5.731585873587786,14.244164024651923,True
15892,0.21310393306911085,1.0,434.4814601229518,51.46166984493818,0.8737747669219971,train,44.965908574177625,3.9931817148355258,False,5.19318230895345,3.799999405882076,False
15893,0.32284950561190195,1.0,434.4814601229518,77.63905120385385,0.8020402789115906,train,62.2696462819702,7.453929256394041,False,5.279788126290571,7.17414113010347,False
15894,1.0880423843585754,0.9199515272012234,165.78834788346944,99.03414145864868,0.4917452037334442,train,48.699564068149925,4.739912813629985,False,5.736226968836676,4.003685844793309,False
15897,1.5329698386085315,1.0,434.4814601229518,359.3565308359528,0.5615399658679963,train,201.79305406006247,35.3586108120125,True,5.929392463569463,34.42921834844304,True
15898,6.483290634866274,0.9670486477804476,193.7563338920154,694.0314085412074,0.018114506825804712,test,12.57203668734256,-2.485592662531488,False,7.012672619695359,-4.498265282226847,False
15899,0.46780864986364196,1.0,434.4814601229518,111.97044649820967,0.7758354663848877,train,86.87064358026261,12.374128716052521,False,5.3837705741920185,11.990358141860503,False
15900,0.8520189260644462,0.7900583931960469,229.07531863701988,107.84876398410245,0.48857060074806213,train,52.6917354096489,5.53834708192978,False,5.616276355429032,4.922070726500748,False
15901,0.7284524983437694,0.6468310557172354,96.05489774339756,38.64301240204214,0.5990174412727356,train,23.14783841214187,-0.370432317571626,False,5.547226498569331,-0.9176588161409569,False
15902,0.4465041414038914,1.0,434.4814601229518,106.94004983997758,0.7456257104873657,train,79.73725064148758,10.947450128297517,False,5.369149708481382,10.578300419816134,False
15903,2.0217743597304256,0.9687119300197229,725.1629771231178,810.8413250078094,0.1316616103053093,test,106.75667455261883,16.351334910523768,True,6.10584419518946,15.245490715334308,True
15905,0.27596718892540595,1.0,434.4814601229518,66.47824660687974,0.8793774485588074,train,58.4594708858211,6.691894177164221,False,5.243704470583684,6.4481897065805365,False
15906,2.413905514402173,0.95859369226504,386.38094103231515,512.2978891960723,0.06137032173573971,train,31.43988628450329,1.2879772569006587,False,6.227856948067228,0.060120308833430336,False
15907,1.2657301643842274,1.0,434.4814601229518,297.8466438815591,0.41127127408981323,train,122.49576871254368,19.49915374250874,True,5.817897075367032,18.681256667141707,True
15908,0.4616740472714318,0.6102582937662893,549.813986367522,140.26359481525202,0.6935813903808594,test,97.28421911178,14.456843822356003,True,5.379582386587826,14.077261435768177,True
15910,3.3131516173878204,0.9801694491077613,193.43881004170373,354.0913118989633,0.018114506825804712,train,6.4141894863519155,-3.717162102729617,False,6.461668870627203,-5.17883097335682,False
15911,0.020065677786912425,0.010207961890505069,243.08917072138115,2.7001139795173517,0.778247344493866,train,2.1013565343901437,-4.579728693121972,False,5.019867015210403,-4.599595708332375,False
15912,1.3276699294864556,0.9638374040393398,144.84370115128138,106.51036904613237,0.37317460775375366,train,39.746965190497995,2.9493930380995996,False,5.844867736950407,2.1045253011491925,False
15913,0.28190877154634286,1.0,434.4814601229518,67.89443069187604,0.8666336059570312,train,58.83959529490026,6.767919058980054,False,5.248350194926116,6.519568864053937,False
15914,0.4499187965169717,1.0,434.4814601229518,107.74664422810109,0.7509801983833313,test,80.91559625755758,11.183119251511517,False,5.371507552462202,10.811611699049315,False
15915,0.41355431316546104,1.0,434.4814601229518,99.15013258264734,0.6126590013504029,test,60.745221211844765,7.149044242368953,False,5.3461073220086055,6.802936920360348,False
15916,2.5165188110237757,0.9831902006872167,267.1898379626183,371.9520816140932,0.018114506825804712,train,6.737728521270762,-3.6524542957458475,False,6.2574715261114395,-4.909925821857287,False
15917,1.0218915306350989,0.9569770019153874,161.16848425804474,91.28317981365596,0.40671372413635254,train,37.126122013020336,2.4252244026040675,False,5.704033474567418,1.7211909280366493,False
15918,0.8994628962804709,0.9624721528323966,193.55755529075006,96.36893130930835,0.4572018444538116,train,44.060053142658454,3.8120106285316915,False,5.641571160040955,3.170439468490737,False
15919,0.46780864986364196,1.0,434.4814601229518,111.97044649820967,0.7030795097351075,test,78.72412662878233,10.744825325756466,False,5.3837705741920185,10.361054751564447,False
15920,0.912347803999557,0.8379555952110207,116.61538248880026,58.95686434242305,0.5302907645702362,train,31.264280668807213,1.2528561337614432,False,5.648331703943854,0.6045244298175891,False
15921,0.7969973222726792,0.8676661122592969,197.23817587089954,87.03276961788832,0.5170390605926514,test,44.99934144400962,3.9998682888019257,False,5.586117117690506,3.4137511711114197,False
15922,0.45868893992942356,1.0,434.4814601229518,109.81770808977818,0.7030795097351075,train,77.21058036399438,10.442116072798877,False,5.377538045939257,10.06457802685962,False
15923,0.46048425696745904,1.0,434.4814601229518,110.24156892184914,0.7456257104873657,train,82.19894815259566,11.439789630519133,False,5.378768063580072,11.061021566939061,False
15924,0.19163007052139971,1.0,434.4814601229518,46.31736066404438,0.9335925817489624,train,43.24154432214303,3.6483088644286052,False,5.175322176954325,3.47298668747428,False
15925,1.5329698386085315,1.0,434.4814601229518,359.3565308359528,0.4572018444538116,train,164.29846871472066,27.85969374294413,True,5.929392463569463,26.930301279374667,True
15926,0.27661495467757086,1.0,434.4814601229518,66.63266754807172,0.8673304677009582,train,57.79254270863151,6.558508541726303,False,5.244212008229589,6.314296533496714,False
15927,0.22192932664377799,1.0,434.4814601229518,53.5736425221644,0.9614406824111938,train,51.50787942576309,5.301575885152619,False,5.200431024906549,5.1011448602460705,False
15928,0.21823199699167486,1.0,434.4814601229518,52.689004741508604,0.8850211501121521,train,46.63088357459458,4.326176714918915,False,5.197400624870476,4.128776090048439,False
15929,0.22318978889345878,1.0,434.4814601229518,53.8751744516938,0.8666336059570312,train,46.690036706635524,4.3380073413271045,False,5.201462027734447,4.1365453135926575,False
15931,0.37772777646945105,1.0,434.4814601229518,90.66587328634806,0.7379132986068726,train,66.90355362780183,8.380710725560366,False,5.3204356033440545,8.06027512221631,False
15932,3.576625418272491,0.940107843916079,326.40474221045764,634.1962182194287,0.1285346195101738,train,81.51616960362543,11.303233920725088,False,6.520961918312049,9.782272002413038,False
15934,0.6240265991361575,0.65240677052065,553.6674428906671,190.30974484118923,0.5181955873966217,train,98.61767001528126,14.723534003056255,True,5.484908620383777,14.238625382672478,True
15935,0.9628276699745931,1.0,434.4814601229518,227.75384026128015,0.6675609827041626,train,152.03957741946707,25.407915483893415,True,5.674386122329373,24.73352936156404,True
15936,0.7110598446557003,0.8333829351505818,169.3630437219598,66.4383253264102,0.6675609827041626,train,44.351633744117244,3.87032674882345,False,5.537112970719027,3.3332137781044224,False
15938,3.074725743654216,0.9771631585241572,89.853285208823,152.18736363728925,0.24002645313739776,train,36.52899310618992,2.305798621237985,False,6.4048034422571885,0.9009951789807964,False
15939,5.893148224978641,0.9764649633628091,573.34648571373,1844.0727143726288,0.018114506825804712,train,33.4044677717832,1.6808935543566408,False,6.93052790736862,-0.24963435301197912,False
15940,0.6050471093150221,1.0,434.4814601229518,144.2662202361191,0.8119725465774537,train,117.1402102302254,18.428042046045082,True,5.473153107749375,17.954888938295706,True
15941,0.22618733777490535,1.0,434.4814601229518,54.59215380834304,0.9135925769805908,train,49.874986480684896,4.97499729613698,False,5.2039096298985035,4.7710876662384765,False
15943,0.26529491154332824,0.49631190139195236,197.58346362123413,29.08042265565709,0.9050211548805237,train,26.318397696236527,0.26367953924730614,False,5.235305226663327,0.02837431258397949,False
15944,1.0299352101352883,0.9475063088779926,519.0654608545692,296.246509408191,0.3597688674926758,train,106.58027118844319,16.31605423768864,True,5.70800387635485,15.60805036133379,True
15945,0.9622695567171137,0.9025838732098794,191.58696308188476,102.18295481546845,0.4572018444538116,test,46.71823541337267,4.343647082674535,False,5.674101740450909,3.6695453422236257,False
15946,0.46348452616419544,0.7992359494724733,1020.394817436304,262.14375168270374,0.6827932596206665,train,178.98998670062386,30.797997340124773,True,5.3808202539228756,30.417177086201896,True
15948,0.3826379305981681,1.0,434.4814601229518,91.8295794882401,0.7110795021057129,train,65.29813166107476,8.059626332214954,False,5.323993218405693,7.735633113809261,False
15950,1.7289709283127168,0.8113105786969118,859.1614206903203,821.3532087026705,0.28706775307655336,train,235.784020104493,42.156804020898605,True,6.003924588797608,41.152879432100995,True
15951,1.013197591637831,0.8972090953345502,385.81251651128014,214.7710950394895,0.42852325439453126,test,92.03440859619921,13.406881719239845,False,5.699724299633752,12.707157419606093,False
15952,1.088431117051262,1.0,434.4814601229518,256.87396099781785,0.4420757949352264,train,113.55776050627067,17.711552101254135,True,5.736413122391189,16.975138978862944,True
15953,3.91520531800793,0.9810190854382358,176.27620183339212,381.5763367049966,0.018114506825804712,train,6.912067155808218,-3.617586568838356,False,6.59233352648206,-5.209920095320416,False
15954,0.24913316106905467,1.0,434.4814601229518,60.075762965235086,0.9135925769805908,train,54.88477110148426,5.976954220296854,False,5.222449839607117,5.7545043806897365,False
15955,3.518408372743186,0.981195031375406,471.7803558567209,916.3782577518436,0.018114506825804712,train,16.5997402050648,-1.6800519589870397,False,6.508159801907767,-3.1882117608948066,False
15956,0.39797837425658816,0.8093641617870126,316.9668262456783,70.03878149356228,0.7821452617645264,train,54.780501084950735,5.956100216990148,False,5.335027174633737,5.621073042356411,False
15957,0.387677659530811,1.0,434.4814601229518,93.02369052685779,0.6423507690429687,train,59.75383914914223,6.950767829828447,False,5.327631601346749,6.623136228481698,False
15958,0.8841223490481649,0.7978696476055419,175.30762387069205,85.61465159753746,0.5385205388069153,train,46.105248308072206,4.221049661614442,False,5.633462115153956,3.587587546460486,False
15959,0.20821148849272073,1.0,434.4814601229518,50.29031838371424,0.8843242883682251,test,44.47295001648956,3.894590003297912,False,5.189141157444652,3.70544884585326,False
15960,1.0711971346681055,0.5172587080685801,107.2978986750858,63.141893351394216,0.6925609827041626,train,43.72961170924301,3.745922341848603,False,5.728126766037907,3.0177955758106956,False
15961,0.4482049505026783,1.0,434.4814601229518,107.34182317443612,0.6813801646232605,train,73.1405891455582,9.62811782911164,False,5.370324824350029,9.25779300476161,False
15962,0.3538894532033067,1.0,434.4814601229518,85.01195155249373,0.6608692884445191,train,56.18178793177646,6.236357586355293,False,5.302981526550856,5.933376059804437,False
15964,0.21544043580310848,1.0,434.4814601229518,52.02093529140676,0.9385925769805908,train,48.82646371210203,4.765292742420407,False,5.195106509709149,4.570186232711258,False
15965,1.9019091840445552,0.751454161063727,248.81343160992617,261.8260884868888,0.36477838158607484,train,95.50849681525972,14.101699363051946,True,6.065368859707867,13.036330503344079,False
15966,0.3528292375393002,1.0,434.4814601229518,84.76032574152529,0.6608692884445191,train,56.01549616112747,6.203099232225496,False,5.302198130979048,5.900901101246448,False
15967,2.4453655956651237,0.8690052203724897,289.47998686157246,391.59778739577587,0.15285024046897888,train,59.85581597056441,6.971163194112883,False,6.237030022395183,5.7341331717176995,False
15968,0.4333496426884885,1.0,434.4814601229518,103.83155531188956,0.6423507690429687,train,66.6962794055198,8.339255881103961,False,5.360014112586546,7.979241768517415,False
15969,1.1406977762341959,0.9633070830959822,342.9718296619308,215.91014910524805,0.34114453196525574,train,73.65656676305842,9.731313352611686,False,5.761131839547397,8.97018151306429,False
15970,0.5752538774033032,0.9249910743021474,335.74217824141704,106.969763588248,0.5882226228713989,test,62.9220349058127,7.584406981162541,False,5.454416451289658,7.129990529872883,False
15971,2.743938257185753,0.9642344743182394,292.49415828978124,443.91432899158013,0.17017302364110948,train,75.54224360211141,10.108448720422283,False,6.320138067343082,8.7883106530792,False
15972,0.8251642454116255,0.6030336431821726,360.32659494825344,164.31692058991743,0.5882226228713989,train,96.65493001155261,14.330986002310524,True,5.601669980470746,13.729316021839779,False
15973,0.783318384734587,0.8163325226941005,330.5933044190052,142.6299669731612,0.6458616375923156,test,92.11922403902379,13.423844807804759,False,5.578475889812853,12.845368917991905,False
15974,3.7121838324757594,0.9701285652715358,428.9250166127577,864.869323977698,0.05441379956901073,train,47.060826048308265,4.412165209661653,False,6.550151459271582,2.862013750390071,False
15976,1.8656991215078205,0.9631441864727089,321.75409460122876,331.0384649405001,0.10831217467784882,train,35.855496039722375,2.1710992079444758,False,6.052812341867005,1.1182868660774705,False
15978,0.4955400551855684,0.8726370410296103,1374.8800221908143,377.7230696319984,0.4718906044960022,train,178.24396766072923,30.648793532145845,True,5.402487382537657,30.246306149608188,True
15979,0.24247088807780223,1.0,434.4814601229518,58.48446603668418,0.8666336059570312,train,50.68460369384314,5.136920738768628,False,5.217102048595689,4.9198186901729395,False
15980,1.0309038090867995,0.9431367920323485,1294.1982600620968,737.0962470970398,0.3120526552200317,train,230.0128410593519,41.00256821187038,True,5.708480920121075,40.29408729174931,True
15981,5.8498591073560195,0.9788306562001314,449.5080046968787,1449.4306532792352,0.005940594151616097,train,8.610479262043723,-3.277904147591255,False,6.92422808379341,-5.202132231384665,False
15982,0.24098377389438685,1.0,434.4814601229518,58.12917103252999,0.8533052325248718,train,49.601925804391044,4.92038516087821,False,5.215904431112324,4.704480729765886,False
15983,1.6519692479736414,0.8445560331796502,416.37360930399655,380.7194306677011,0.28706775307655336,train,109.29227151436159,16.858454302872317,True,5.975302476469673,15.883151826402646,True
15984,5.510890546383941,0.96270913510362,320.68483066546713,976.7343909920885,0.018114506825804712,train,17.693061792624395,-1.4613876414751208,False,6.873476243544227,-3.3348638850193475,False
15985,1.810991323326772,0.9562490135766918,492.9058713217727,492.41475456888526,0.15188405513763428,train,74.78994973352522,9.957989946705045,False,6.033537205234029,8.924452741471015,False
15986,0.44481622074729016,1.0,434.4814601229518,106.54128978952978,0.7318202018737793,train,77.9690682016665,10.593813640333302,False,5.367982130602121,10.225831509731181,False
15987,2.4166708259340357,0.9633208239865227,189.92223930716767,251.31326411978426,0.23350471258163452,train,58.68283150624263,6.736566301248526,False,6.2286666342621135,5.507899666986413,False
15988,0.413514486487987,0.7447042690553171,333.0447586752185,76.37160332651261,0.7618168950080871,test,58.18117771299314,6.636235542598628,False,5.346079146763998,6.2901563958346305,False
15989,0.44191376243222896,0.9148679338901297,265.2731169298942,65.09768393590429,0.6423507690429687,train,41.81554733914423,3.3631094678288473,False,5.365971232935881,2.997138234892966,False
15990,1.788749739337937,0.9303933510782028,289.39749406054324,286.1052231340026,0.23321226239204407,train,66.72324636926133,8.344649273852268,False,6.025593373295461,7.3190559005568065,False
15991,0.28190877154634286,1.0,434.4814601229518,67.89443069187604,0.8850211501121521,train,60.08800713713393,7.017601427426786,False,5.248350194926116,6.76925123250067,False
15992,0.6974686675010416,0.7849400537247341,515.919966651194,198.40898017486725,0.566741144657135,test,112.44653253455907,17.489306506911817,True,5.529138122254467,16.96016838465735,True
15994,0.5102478791614368,0.8832627883495641,382.35260448411816,108.14220153271815,0.622990345954895,test,67.37154754519206,8.474309509038413,False,5.412273795739377,8.062035713299036,False
15995,0.39549167078187303,1.0,434.4814601229518,94.87453510031064,0.597990345954895,train,56.73405606694458,6.346811213388918,False,5.333246805350038,6.01356440803888,False
15996,2.124856259730604,0.9045764852182647,224.42488186935267,261.4096299369251,0.17688405364751816,train,46.23919500574093,4.247839001148186,False,6.139388285244269,3.108450715903917,False
15998,3.2092525025845355,0.9449707311064148,567.2536319095267,1006.7664913996251,0.018114506825804712,train,18.23707848044997,-1.3525843039100058,False,6.437285079099643,-2.7898693830096493,False
15999,0.19039239161819413,1.0,434.4814601229518,46.020618558921534,0.8850211501121521,train,40.72922076588939,3.145844153177878,False,5.174282993626496,2.9715611595513822,False
16001,0.44481622074729016,1.0,434.4814601229518,106.54128978952978,0.7030795097351075,train,74.90699779176862,9.981399558353724,False,5.367982130602121,9.613417427751603,False
16002,0.2315178832190167,1.0,434.4814601229518,55.86679932311869,0.8673304677009582,train,48.45497718587611,4.690995437175223,False,5.208247459966334,4.482747977208889,False
16003,1.2152091654272879,0.8922076319202534,892.7079094153279,600.9278145718907,0.28706775307655336,train,172.50699749035638,29.50139949807128,True,5.795346830382888,28.70605266768839,True
16004,0.8160589618339752,0.6980696559408947,555.0340542034443,250.7930768235445,0.613222622871399,test,153.7919883677222,25.758397673544444,True,5.596668747622279,25.161728925922166,True
16005,3.1352978316167035,0.871747795931197,287.23064782996136,494.1285000955802,0.09635044410824775,train,47.609500430751496,4.5219000861503,False,6.419559352874993,3.102340733275307,False
16006,1.0413862677077919,0.9430015887312075,161.35277346002235,92.35117169241484,0.4420800685882568,train,40.82661231598863,3.165322463197727,False,5.713629120065347,2.45169334313238,False
16007,1.4900054502402378,0.961372141436201,454.0138946951531,373.21831788612,0.15188405513763428,train,56.68591157219057,6.337182314438115,False,5.912284899325721,5.424897415112394,False
16008,4.373353281528865,0.9816618955025869,393.0906697117771,948.2145797573073,0.018114506825804712,train,17.17643947734129,-1.5647121045317416,False,6.681452160846819,-3.2461642653785603,False
16010,5.158988070221983,0.8752401766316846,182.05335530097628,513.7448141129463,0.20101104229688643,train,103.26838055946351,15.653676111892704,True,6.817912489736312,13.835763622156392,False
16011,5.681209061367676,0.9924743042517651,175.80550497713492,552.0072200607004,0.08939392194151878,train,49.34609034126103,4.8692180682522075,False,6.899298968381266,2.9699190998709417,False
16012,0.6161438367730121,0.849295497364187,560.2839097293389,190.8528300077805,0.42228121161460874,test,80.5935642957625,11.118712859152502,False,5.480042964042027,10.638669895110475,False
16013,10.450384538088933,0.9955741492589187,868.9317627312231,5015.606372132414,0.018114506825804712,train,90.85523586354223,13.171047172708448,False,7.438023313548885,10.733023859159562,False
16014,0.8046129199289248,0.9375400474057443,250.28956871281667,111.5827406184484,0.4020649254322052,train,44.86350628627755,3.97270125725551,False,5.5903461199945745,3.3823551372609355,False
16016,3.467896470197186,0.972485343268962,235.3989415815553,446.93903467612114,0.11969987973570824,train,53.49854869992524,5.699709739985048,False,6.496917709541266,4.202792030443782,False
16017,0.9434696504725313,0.8353870311422608,261.906013423988,136.87159367538638,0.4304091274738312,train,58.9107832097758,6.7821566419551615,False,5.664474855274927,6.117681786680235,False
16018,0.44191432417520643,0.9075228080384192,154.83469274534306,37.993390083004826,0.6423507690429687,train,24.40508333836765,-0.11898333232646952,False,5.365971622517341,-0.48495495484381035,False
16019,5.62713697632163,0.962638446003752,794.8591428668584,2471.359658912744,0.018114506825804712,test,44.76746141039331,3.9534922820786615,False,6.891172882323842,2.06231939975482,False
16021,0.604396114307536,0.8632701897004074,355.8211463800943,118.94615004295046,0.5150209844112397,train,61.25976328704736,7.251952657409474,False,5.472747433013256,6.779205224396217,False
16022,0.8209858579841125,1.0,434.4814601229518,194.76036982242647,0.4655351758003235,train,90.66780300421932,13.133560600843865,False,5.599378034643987,12.534182566199878,False
16023,1.8888700855130196,0.9470237697166801,342.9161664493963,352.3112448041649,0.20747986882925035,train,73.09749085903805,9.61949817180761,False,6.060865451803203,8.558632720004407,False
16024,0.39951823294149913,1.0,434.4814601229518,95.82799197200194,0.7229745268821717,train,69.28119715802664,8.85623943160533,False,5.33612805807107,8.52011137353426,False
16027,3.5293020218035793,0.9761970813456908,143.60731010381838,280.0677860065928,0.1457356855273247,train,40.81587078779088,3.163174157558176,False,6.510567848551485,1.652606309006691,False
16028,0.2460133033927046,1.0,434.4814601229518,59.3306650889688,0.9128692507743835,train,54.16113978771282,5.832227957542564,False,5.219949097188445,5.612278860354119,False
16029,15.147085161527833,0.9962275814310749,1210.5266844089674,10125.719551193315,0.018114506825804712,test,183.42241592627553,31.68448318525511,True,7.781739548024911,28.902743637230202,True
16030,0.6113455787073178,1.0,434.4814601229518,145.74423952642704,0.6813801646232605,train,99.30723392140875,14.861446784281753,True,5.47706959311305,14.384377191168703,True
16031,0.9033362917498514,1.0,434.4814601229518,213.93065332059257,0.4655351758003235,train,99.59224430268011,14.918448860536024,True,5.643608289333024,14.274840571203,True
16032,0.17262724692522796,0.0686892153940208,316.42933878765905,30.084166342067785,0.6458616375923156,test,19.430208939287525,-1.113958212142495,False,5.159246741612,-1.2732049537544947,False
16033,7.505914511368138,0.9811972876658838,319.3542792739296,1314.9914140613375,0.018114506825804712,train,23.82042094588869,-0.2359158108222621,False,7.140761746389229,-2.376677557211491,False
16034,3.3863571911043544,0.9726642270247996,153.0868785978166,283.94341677278004,0.2810115396976471,train,79.79137673432963,10.958275346865927,False,6.478499085600009,9.479776261265918,False
16035,0.2654020095250402,1.0,434.4814601229518,63.958735515500564,0.8843242883682251,test,56.56026326967656,6.312052653935313,False,5.235389865784578,6.076662788150735,False
16036,0.9010224777747043,0.9436358229042336,555.6459255587754,277.05617522277487,0.3204639792442322,train,88.78652438607769,12.757304877215539,False,5.642391887620871,12.114912989594668,False
16037,1.4994448577454234,0.9454705457891429,296.47305621881355,245.80231740003043,0.28706775307655336,test,70.56191895703653,9.112383791407305,False,5.91606865031404,8.196315141093265,False
16038,1.4032036326583965,1.0,434.4814601229518,329.52249136135396,0.41024417281150816,train,135.184681891326,22.0369363782652,True,5.876802694178745,21.160133684086453,True
16039,0.5115302213750029,0.873573535092195,334.7747146887979,94.90977229263824,0.5882226228713989,train,55.82807519410289,6.165615038820578,False,5.413122529331242,5.752492509489335,False
16040,1.6117126002018407,0.9421989940242882,295.33792148079465,262.9396332600752,0.2360052913427353,train,62.055144753096016,7.411028950619205,False,5.960006174809783,6.451022775809422,False
16042,1.2049909824278446,0.8454197806838093,245.1042635870489,162.56835950595197,0.40463427901268006,test,65.78073093896505,8.156146187793011,False,5.790723419288563,7.365422768504448,False
16043,3.1897008723217977,0.9684739706054978,213.84534165097622,374.7963178397221,0.031157984957098962,train,11.677898033226143,-2.664420393354771,False,6.432629340531611,-4.097049733886383,False
16044,0.36943207504276515,1.0,434.4814601229518,88.69912071442504,0.7110795021057129,train,63.07212659482788,7.614425318965576,False,5.314396110128609,7.300029208836968,False
16045,2.082816315962895,0.9450628017461504,493.4130087621386,565.6611305003486,0.15285024046897888,test,86.46143982093272,12.292287964186546,False,6.125843567486811,11.166444396699735,False
16046,0.26421204424989764,1.0,434.4814601229518,63.67485642857345,0.8297021389007568,train,52.831164572986,5.566232914597201,False,5.234449038181931,5.33178387641527,False
16048,0.9425755818862976,0.8486703862261225,321.30257018760835,167.28227418219444,0.4572018444538116,test,76.48176430052753,10.296352860105507,False,5.664014712096682,9.632338148008825,False
16049,0.9851459604531679,0.8197045174431493,289.72671994737414,157.48984723260662,0.40339785218238833,train,63.53106611416597,7.706213222833194,False,5.685692443150272,7.020520779682922,False
16050,0.7501005971765642,0.7142362817151755,137.41214995453598,56.695474845651084,0.6925609827041626,train,39.26507377398325,2.85301475479665,False,5.5596732703841685,2.2933414844124815,False
16051,0.20857983564441504,1.0,434.4814601229518,50.37852223357683,0.9585925817489624,train,48.29247769258192,4.658495538516384,False,5.189445980745587,4.469049557770797,False
16053,0.8098824303275233,0.8314276885647462,714.3405896424507,320.08281177209693,0.38081254363059996,train,121.89154972336678,19.378309944673358,True,5.5932618875478735,18.785048057125486,True
16054,0.7962844219109051,0.8290002529580913,437.4020475083505,192.7334664836415,0.4572018444538116,train,88.11809636429778,12.623619272859557,False,5.585720321434671,12.037898951424886,False
16055,1.1416935050769146,1.0,434.4814601229518,269.1979594088571,0.597990345954895,train,160.97778087725425,27.195556175450854,True,5.761596873588077,26.433959301862778,True
16057,1.398720064694898,0.9692891961805881,546.8117374714523,423.38545875026546,0.17688405364751816,train,74.89013619916105,9.97802723983221,False,5.874935288718348,9.103091951113862,False
16058,0.4064148821817471,1.0,434.4814601229518,97.46061803397373,0.7983836889266968,test,77.8109677510397,10.56219355020794,False,5.341043829648866,10.221149720559074,False
16059,3.2356041974361576,0.9363326283495659,260.23101344508154,463.90433853529356,0.06119804792106152,test,28.39003994047124,0.6780079880942482,False,6.443525985563415,-0.7655179974691668,False
16060,0.9209654860755387,0.7243509122274331,131.44201482672514,66.74314980251873,0.597990345954895,train,39.91175924052756,2.9823518481055125,False,5.652827916980321,2.329523931125191,False
16061,0.37412721253297265,1.0,434.4814601229518,89.8123524369471,0.8245885014533997,train,74.0582331079868,9.81164662159736,False,5.317818775055118,9.493827846542242,False
16062,1.9089428900347354,0.9517094156950929,436.07093098380346,458.8260172911599,0.09635044410824775,train,44.20809053442182,3.841618106884365,False,6.0677897471562865,2.7738283597280784,False
16063,0.8209858579841125,1.0,434.4814601229518,194.76036982242647,0.5568538665771484,test,108.45306499161354,16.69061299832271,True,5.599378034643987,16.091234963678723,True
16064,0.19351707494041473,1.0,434.4814601229518,46.76973159704555,0.9400695323944092,train,43.96679971264663,3.7933599425293263,False,5.176904473305565,3.6164554692237614,False
16065,1.1320639936164019,0.38452328150345544,316.8393185730315,197.04492957963308,0.5170390605926514,train,101.87992528439862,15.375985056879728,True,5.757090521620677,14.61889453525905,True
16067,0.47888985942916273,0.5560241269222979,677.3091316634627,179.71643803438465,0.6433711767196655,train,115.6243762140489,18.12487524280978,True,5.391291711333731,17.733583531476047,True
16068,0.2470445298624689,1.0,434.4814601229518,59.57696379914852,0.8666336059570312,test,51.6313989692276,5.32627979384552,False,5.220776375653325,5.105503418192195,False
16069,0.39154561098883217,1.0,434.4814601229518,93.93995362856248,0.7110795021057129,train,66.79877545403197,8.359755090806395,False,5.330415079735388,8.029340011071007,False
16071,0.5644019637904697,0.6319595821176638,262.0477323776774,81.91319279027194,0.6173507690429687,train,50.56917256383934,5.113834512767868,False,5.4475036191978905,4.666330893569977,False
16072,1.0290502055091353,0.9265319205409254,1139.3103577779607,647.5816630497636,0.2716831386089325,test,175.93701872295196,30.18740374459039,True,5.707567804504596,29.479835940085795,True
16073,0.6520856971140112,1.0,434.4814601229518,155.2963295601287,0.7758354663848877,train,120.48440027214366,19.096880054428734,True,5.502038548519687,18.594841505909045,True
16074,0.43018149742183853,1.0,434.4814601229518,103.08261445744317,0.7110795021057129,test,73.29993416415385,9.659986832830771,False,5.357801357492006,9.302185475338765,False
16075,0.4740269485887417,0.7086128508877575,297.3141979776468,77.99385036343419,0.6925609827041626,train,54.01549765258139,5.803099530516278,False,5.387998076224675,5.4151014542916025,False
16076,1.2938771978472865,1.0,434.4814601229518,304.3383683466997,0.4314875602722168,train,131.3182200551447,21.263644011028944,True,5.830243485385581,20.433400525643364,True
16077,0.2315178832190167,1.0,434.4814601229518,55.86679932311869,0.8297021389007568,train,46.352802891930935,4.270560578386187,False,5.208247459966334,4.062313118419852,False
16078,0.5067415946174048,0.9344909733516904,143.15134052091952,40.23634692278717,0.7309745192527771,train,29.41174434837231,0.8823488696744626,False,5.409949434880243,0.47239943479421953,False
16080,1.3207805975342832,0.9184515265890152,137.14539996071517,99.68991851486503,0.3596038341522217,train,35.84887692426802,2.1697753848536045,False,5.84190359354118,1.3278717913124245,False
16081,1.7972834022579298,0.9783976238698412,472.73125827075773,469.8495095106446,0.129265096783638,train,60.735142320638325,7.147028464127665,False,6.028648732740103,6.118379731387562,False
16082,0.2127194375687716,1.0,434.4814601229518,51.36962825996969,0.9864406824111939,train,50.67309115597385,5.1346182311947715,False,5.192865306892861,4.941752924301911,False
16083,1.0499022784392993,0.5951637563570832,341.07520632748486,196.45051827845623,0.4603764474391937,train,90.44119170262407,13.088238340524814,False,5.717792122960112,12.370446217564702,False
16084,0.6449212671252111,1.0,434.4814601229518,153.61753001773232,0.5882226228713989,test,90.36130642605636,13.072261285211273,False,5.497692521141953,12.57456876406932,False
16085,2.6472570214708973,0.9655637945543214,183.46374318614306,268.4355287539813,0.0720026172697544,train,19.32806063847707,-1.1343878723045862,False,6.293975384109121,-2.428363256413707,False
16086,2.1892996697925766,0.9794846368605564,272.0694455223384,329.6203292660343,0.04874680265784263,train,16.067937142744483,-1.7864125714511032,False,6.159801353444508,-2.9462139248956114,False
16087,1.2226719781104949,0.829996888584765,352.8601041444952,238.77099152180182,0.4572018444538116,train,109.16653772583321,16.833307545166644,True,5.798710065889371,16.034597479277274,True
16088,0.31919279906452874,0.5058309093959357,662.2037353446434,117.0551694662139,0.7120999097824097,train,83.35497561645559,11.670995123291117,False,5.277020033685989,11.393975089605128,False
16089,0.6511298219989633,0.8541800635689186,167.45271314772003,60.24174971521141,0.6675609827041626,train,40.215041639704744,3.0430083279409494,False,5.501459794190037,2.5415485337509125,False
16090,0.23197346767344273,1.0,434.4814601229518,55.9757179042256,0.9335925817489624,train,52.258514993457595,5.45170299869152,False,5.208617328900077,5.2430856697914425,False
16091,1.4559950096184495,1.0,434.4814601229518,341.66688366193193,0.49019125699996946,train,167.48211917750476,28.496423835500956,True,5.89853197836852,27.597891857132435,True
16092,1.3833604085545514,0.9673637170272614,306.17648485088233,233.92914438635876,0.2654639810323715,train,62.09976194829924,7.419952389659848,False,5.868511428205958,6.55144096145389,False
16094,2.7661458828037353,0.9702321084315634,364.3548473996301,555.9743526482963,0.018114506825804712,train,10.07120120601992,-2.985759758796016,False,6.326052166288676,-4.311811925084692,False
16095,0.346599191335169,1.0,434.4814601229518,83.28142942991195,0.6807643055915833,test,56.69502447452846,6.339004894905692,False,5.297582296605448,6.041422598300244,False
16096,1.1865356886705567,0.9473110750459492,342.72586802414776,224.9750862193174,0.3084963262081146,train,69.40398758701326,8.880797517402653,False,5.7823184140200725,8.09847910338258,False
16097,0.9549633347382653,1.0,434.4814601229518,225.92769429058254,0.5399139046669006,train,121.98150359681824,19.39630071936365,True,5.670371438651877,18.725929280711775,True
16098,3.134586143622402,0.9869669796684177,309.9902165595649,537.2852584316131,0.018114506825804712,train,9.732657481263704,-3.053468503747259,False,6.419387237281064,-4.472855741028322,False
16099,1.5349219650719417,0.9642258722387322,265.0684517340218,224.95365689521856,0.2754639804363251,train,61.96662974206427,7.393325948412855,False,5.930162853560244,6.463163094852611,False
16100,0.3405856591190692,1.0,434.4814601229518,81.85345393063916,0.7229745268821717,train,59.177962129175484,6.835592425835097,False,5.2931065775244175,6.54248584831068,False
16101,0.7983383498712056,0.7386287828224741,545.2753153072379,240.53618045054264,0.42228121161460874,train,101.57390971780531,15.314781943561062,True,5.586863099586497,14.727918843974564,True
16103,5.425839326464058,0.9911914014279032,317.2114805045557,950.5610119988442,0.018114506825804712,train,17.218943940196898,-1.5562112119606204,False,6.860327256718458,-3.4165384686790783,False
16104,1.3245836149204602,0.6771651593748443,302.5479252808258,221.82291489823743,0.4306145429611206,train,95.52017311720806,14.104034623441613,True,5.843540932643936,13.260493690797677,False
16105,1.6467709351586968,0.9529924326302561,446.9601671449578,406.53006541469125,0.2360052913427353,train,95.94324652777544,14.188649305555089,True,5.973340381970606,13.215308923584484,False
16108,0.7618768383526434,0.8152459001184557,523.32674313283,220.70258035129885,0.4563009440898895,train,100.70679577737236,15.141359155474476,True,5.566379626292659,14.574979529181817,True
16109,0.792226232491228,0.9575176871895762,318.6400894497032,139.9234771980004,0.4572018444538116,train,63.97327185731663,7.794654371463327,False,5.583458552394244,7.211195819069083,False
16110,1.1095161261690332,0.9369734011105175,348.508528184581,213.39895723415404,0.28706775307655336,train,61.2599591620881,7.251991832417621,False,5.7464585970986795,6.505533235318942,False
16111,0.37772777646945105,1.0,434.4814601229518,90.66587328634806,0.7110795021057129,train,64.47064403443603,7.894128806887208,False,5.3204356033440545,7.5736932035431535,False
16112,0.995691039193854,0.738892692105401,130.80388195952847,71.35210134840526,0.6423507690429687,train,45.83307717397996,4.166615434795991,False,5.690990375925027,3.475625058870964,False
16115,2.5542419134935748,0.9713613895508092,209.90629160850597,295.6081548604227,0.0720026172697544,train,21.284560836233307,-0.7430878327533383,False,6.268141795365738,-2.011229628119076,False
16116,1.252115170500745,1.0,434.4814601229518,294.70532881099507,0.42191084027290343,train,124.33937291154923,19.86787458230985,True,5.811869850399937,19.056004731909912,True
16117,0.9749532970403841,0.9625648784559532,277.65320323403006,149.69562928320735,0.35524432063102723,train,53.1785221261471,5.63570442522942,False,5.680544751005328,4.955159674224092,False
16118,0.2198599210393872,1.0,434.4814601229518,53.07853602210457,0.824593460559845,train,43.768213699917595,3.753642739983519,False,5.198736033332806,3.554906706650713,False
16119,1.3535949258238018,0.8011345647014971,231.71103930659498,173.62651205376667,0.4420757949352264,train,76.75607833799957,10.351215667599915,False,5.855943914941486,9.495271752658429,False
16120,0.38514127925286595,1.0,434.4814601229518,92.42276013992783,0.597990345954895,test,55.26791831018172,6.0535836620363455,False,5.325802141117744,5.727781520918602,False
16121,1.0243009469090014,0.9561751552866892,371.9662899481553,210.546647171425,0.30080089569091795,train,63.33262005388432,7.666524010776865,False,5.705224429556367,6.961299581220498,False
16122,1.577475808436284,0.7380053944692433,137.32814900668768,118.94330474386967,0.5204034864902496,train,61.89851048338202,7.379702096676404,False,5.946810551195208,6.432891545481196,False
16124,1.001934172930746,0.930767613734726,436.3417337284732,242.28948122558734,0.4011905550956726,train,97.20425146673593,14.440850293347186,True,5.694113799698474,13.746736493648712,False
16125,1.654102011591829,0.4070942436984199,279.737791286868,255.81500861502244,0.4655351758003235,train,119.09088500795573,18.81817700159115,True,5.976106372093653,17.842070629497496,True
16126,3.6522204922450734,0.9889428755129588,828.3422091589232,1672.8269159486217,0.018114506825804712,train,30.302434587341153,1.0604869174682312,False,6.537344630834379,-0.47685771336614735,False
16127,0.1931999961944344,1.0,434.4814601229518,46.69372275275273,0.8430354714393615,train,39.36446457412574,2.8728929148251483,False,5.176638770469078,2.69625414435607,False
16128,2.324820420830498,0.8980429203101311,398.500011804311,509.90973062256194,0.15188405513763428,test,77.44715764109344,10.489431528218688,False,6.201415663876508,9.28801586434218,False
16129,0.8928548578619457,0.7262744897185782,470.56367307809785,231.7566752356247,0.49365222454071045,train,114.40719828222511,17.881439656445025,True,5.638086196208915,17.243353460236108,True
16130,0.9919275810386907,0.7502307584065777,271.74527633127076,149.02825878169253,0.5568538665771484,train,82.98696213184536,11.597392426369073,False,5.689102803601296,10.908289622767777,False
16131,1.6081433626472434,0.9736323427803735,1320.5292227594646,1175.8645515644878,0.1316616103053093,test,154.81622035991086,25.963244071982174,True,5.958638612893794,25.00460545908838,True
16132,0.4205693455698395,0.716844549075526,333.03655983155124,77.62740049633283,0.8020402789115906,test,62.26030194526052,7.4520603890521055,False,5.351057738839559,7.101002650212546,False
16133,10.976336188395116,0.9945498976051137,482.72324089372125,2918.620362757652,0.005940594151616097,train,17.33833905778576,-1.5323321884428478,False,7.4829327185666,-4.015264907009447,False
16134,1.2785316467795156,0.8191552663992122,310.43768078168944,218.95659313259958,0.37399935722351074,train,81.88962509144201,11.377925018288405,False,5.823531220929499,10.554393797358905,False
16135,0.6006635277121353,0.935875877533238,502.5476526315219,167.1274348093603,0.597990345954895,train,99.94059256020353,14.988118512040707,True,5.470418248099542,14.517700263941165,True
16136,0.5128882610108862,0.9355919853199928,208.82407828767933,59.40062603726478,0.7120999097824097,test,42.299180442154906,3.459836088430981,False,5.414020579475469,3.0458155089555117,False
16137,0.20894948924417892,1.0,434.4814601229518,50.46703662568411,0.839716374874115,train,42.37799704595865,3.47559940919173,False,5.189751791805532,3.2858476173861986,False
16138,0.8777716469999511,0.8647996027210786,220.5472711973336,107.05299759672803,0.4455351769924164,test,47.69587623182695,4.5391752463653905,False,5.630085779676211,3.9090894666891796,False
16139,0.7458470083019257,0.9600776288318473,160.09409180316828,66.23024179851305,0.5302907645702362,test,35.121285561005095,2.0242571122010196,False,5.55723982946704,1.4670172827339796,False
16140,0.7568812759011146,0.8215550821206277,179.99694395710156,75.0800284415707,0.4989220082759857,test,37.45907857148658,2.4918157142973163,False,5.563540234867862,1.9282754794294545,False
16141,0.39154561098883217,1.0,434.4814601229518,93.93995362856248,0.7030795097351075,train,66.04725654170844,8.209451308341688,False,5.330415079735388,7.879036228606299,False
16142,0.8896014528892053,1.0,434.4814601229518,210.73628585469308,0.4655351758003235,train,98.10515388287178,14.621030776574358,True,5.63636593534784,13.984664841226518,True
16143,2.7927562696781414,0.978224114423424,379.5526267520246,586.2647278967621,0.018114506825804712,test,10.61989641521444,-2.876020716957112,False,6.3330930027138805,-4.2091137196709925,False
16144,0.9103650095326529,1.0,434.4814601229518,215.56490834355722,0.6675609827041626,train,143.9027220503578,23.78054441007156,True,5.647294328267764,23.133250081803794,True
16145,4.343560929205486,0.9645517581495751,317.6810794073783,760.1754177222932,0.018114506825804712,train,13.770202793139429,-2.245959441372114,False,6.675892271407839,-3.9218517127799526,False
16146,1.3851111472094355,0.9574488670923436,339.92642022229586,259.1001133199994,0.28706775307655336,train,74.37928735265258,9.875857470530518,False,5.869245725857974,9.006611744672544,False
16147,1.0038090930494472,0.8421058450596818,448.69671726545977,249.32899315634603,0.38081254363059996,train,94.94760808472458,13.989521616944916,True,5.695049915735437,13.29447170120948,False
16148,0.8469289561111083,0.9051920859337265,140.79007354503625,65.69766340579001,0.597990345954895,train,39.286568468456615,2.8573136936913235,False,5.613524236000394,2.243789457690929,False
16149,0.3765198993972306,1.0,434.4814601229518,90.37956136058428,0.7646109819412231,train,69.10520515933337,8.821041031866674,False,5.3195585020141785,8.501482529852495,False
16150,1.8897236884747015,0.9490072435864085,427.8065010803253,447.36760310316123,0.09635044410824775,test,43.1040672386319,3.6208134477263805,False,6.061160888029135,2.5596525596972457,False
16152,0.7774095758761286,1.0,434.4814601229518,184.59834691764715,0.5882226228713989,train,108.58492380162282,16.716984760324564,True,5.575157009882908,16.141827750441657,True
16153,3.454563800385408,0.9843905799149735,329.54796179048753,627.0768070179777,0.018114506825804712,train,11.359187101030981,-2.728162579793804,False,6.493929143757642,-4.222091723551445,False
16155,1.1898210139637633,0.7605280132568093,206.14087279890688,135.30292933978217,0.5051337063312531,train,68.34607017487981,8.669214034975964,False,5.78381981170476,7.885394223271204,False
16156,3.340193713487083,0.9819676472734179,349.56493891726,645.7047478570278,0.012173912674188613,train,7.860753213720433,-3.427849357255913,False,6.4679189815602545,-4.8957683388161675,False
16158,0.24894298315452326,0.11082554523678871,79.93746615317828,11.01365298271105,0.8264168500900269,train,9.101868405956695,-3.179626318808661,False,5.22229758010507,-3.401923898913731,False
16159,1.0120932369523827,0.9462816280830968,313.8944672765761,176.07708909656566,0.3855437159538269,train,67.88541522462299,8.5770830449246,False,5.699175591597397,7.877907453327202,False
16161,10.562408444469034,0.9888243558405503,285.07588652399295,1660.8449612198767,0.0,train,0.0,-5.0,False,7.447759184491002,-7.447759184491002,False
16162,0.8697693397413027,1.0,434.4814601229518,206.12180185989308,0.7377771854400634,train,152.07196283402635,25.414392566805272,True,5.6258150755266145,24.78857749127866,True
16163,1.5965128995599913,0.9665898872584376,327.10797114123505,289.16687117354286,0.2716831386089325,train,78.56176314215297,10.712352628430594,False,5.9541693523468915,9.758183276083702,False
16165,0.3029263204105105,1.0,434.4814601229518,72.899909557736,0.8430354714393615,train,61.45720962189278,7.291441924378557,False,5.264612750427654,7.026829173950903,False
16166,0.4628300331518769,0.8873775315840576,238.90563569919536,61.35618146279061,0.7110795021057129,train,43.62912296566892,3.725824593133785,False,5.380372938359244,3.345451654774541,False
16167,0.9135695703017924,0.8569025615404519,309.26367782116085,156.59873553677477,0.4455351769924164,train,69.77024535416555,8.954049070833111,False,5.648970382840567,8.305078687992545,False
16168,11.819004292669145,0.9955087579945684,195.79081439386601,1278.1815340096598,0.018114506825804712,train,23.15362812243552,-0.3692743755128953,False,7.5509287801976495,-2.920203155710545,False
16170,5.002355611786069,0.9586825464199029,353.8212538656742,976.7060733627901,0.018114506825804712,test,17.69254883273518,-1.4614902334529636,False,6.792151994144414,-3.253642227597378,False
16172,1.5807789326878097,0.9486920101233263,319.33898365172354,278.21882819714807,0.28706775307655336,test,79.86765387414692,10.973530774829385,False,5.948091265261802,10.025439509567583,False
16174,0.6046669129398211,0.44461407728659863,350.5929301908601,117.16762978366285,0.6675609827041626,train,78.21653807949949,10.643307615899898,False,5.472916204165851,10.170391411734048,False
16175,1.8277259447985785,0.969395864634267,253.94934486391568,256.05593856265216,0.21428571343421937,train,54.86912947396656,5.973825894793313,False,6.0394728355586125,4.9343530592347005,False
16176,0.99446955532107,0.7566330706830366,440.94146490451095,242.45494413614352,0.5051337063312531,train,122.4721645498271,19.494432909965422,True,5.690378127930488,18.80405478203493,True
16177,1.0248575124909478,0.531049584410219,319.75707190537725,181.12335266052327,0.597990345954895,train,108.31001631797676,16.662003263595352,True,5.705499333880825,15.956503929714527,True
16178,0.41355431316546104,1.0,434.4814601229518,99.15013258264734,0.6813801646232605,train,67.55893366158234,8.51178673231647,False,5.3461073220086055,8.165679410307863,False
16180,2.7958908057049925,0.9710878711940831,1096.34689761497,1687.7998448455194,0.031157984957098962,train,52.588442176290656,5.5176884352581315,False,6.3339191147135505,4.183769320544581,False
16182,2.2452624671361323,0.9759423831971414,879.6830675238275,1090.9845195649189,0.031157984957098962,train,33.99287924903158,1.7985758498063165,False,6.177196230440204,0.6213796193661123,False
16183,0.7081467322292441,0.42933503410431023,171.37922589530496,66.65359643045521,0.622990345954895,train,41.524547099347245,3.3049094198694497,False,5.5354090004757515,2.7695004193936983,False
16184,1.252115170500745,1.0,434.4814601229518,294.70532881099507,0.5083083093166352,train,149.80116743451995,24.96023348690399,True,5.811869850399937,24.148363636504055,True
16185,0.6304856673156259,0.9424870150737347,352.8777615039071,123.12009625916467,0.5990174412727356,train,73.75108503041773,9.750217006083545,False,5.488877925847133,9.261339080236413,False
16186,4.86492118245549,0.9900145687502188,355.4260059339263,955.6531075936747,0.018114506825804712,train,17.311184740607104,-1.5377630518785792,False,6.768989043388625,-3.306752095267204,False
16187,3.735232669502966,0.9535509345584092,616.2468170316105,1249.702686310281,0.09635044410824775,train,120.4094088292658,19.08188176585316,True,6.555030863657402,17.52685090219576,True
16188,1.5539181413606884,0.945319396447659,297.86733364178235,254.2050521430084,0.28706775307655336,test,72.97407313940151,9.594814627880304,False,5.937628705945832,8.657185921934472,False
16190,1.488395373131579,0.7511152433277789,386.988295987167,318.7689935384697,0.37332800030708313,train,119.0053909176184,18.801078183523682,True,5.9116380742821315,17.88944010924155,True
16191,3.2561555171246725,0.9434806667660826,1146.1730036913298,2063.552109208656,0.129265096783638,test,266.7452631149373,48.349052622987465,True,6.448366292049538,46.90068633093793,True
16192,0.19039239161819413,1.0,434.4814601229518,46.020618558921534,0.8850211501121521,train,40.72922076588939,3.145844153177878,False,5.174282993626496,2.9715611595513822,False
16193,0.9512890606114606,0.9343349307872062,336.02913776973753,175.9065337207616,0.4989220082759857,train,87.76364107282977,12.552728214565956,False,5.668490210897731,11.884238003668226,False
16194,0.4551400754513938,1.0,434.4814601229518,108.9797460452973,0.7030795097351075,train,76.62142642058414,10.32428528411683,False,5.375102167777524,9.949183116339306,False
16195,0.19415436683985096,1.0,434.4814601229518,46.92249536430957,0.9135925769805908,train,42.868043458239406,3.573608691647882,False,5.177438292074276,3.396170399573606,False
16196,0.3167726101339975,1.0,434.4814601229518,76.19411205795672,0.8843242883682251,train,67.38030392350137,8.476060784700275,False,5.275183750400824,8.20087703429945,False
16197,0.5145718050369793,0.19905485832145625,242.68796282569477,69.08550834197148,0.6925609827041626,train,47.845927547932384,4.569185509586477,False,5.415132762072697,4.15405274751378,False
16198,0.36712849551060683,1.0,434.4814601229518,88.1528348754679,0.7030795097351075,test,61.978451926003856,7.395690385200773,False,5.312712551503197,7.0829778336975755,False
16199,1.4317341271904085,0.6116744248820761,156.30466329588606,123.59288260837987,0.597990345954895,test,73.9073506285478,9.78147012570956,False,5.8886046354264465,8.892865490283114,False
16200,1.5491250282637967,0.797073626037425,579.9165359652524,497.2887111188383,0.2754639804363251,train,136.98512779084498,22.397025558169,True,5.935750174118021,21.46127538405098,True
16201,0.3941674930227116,1.0,434.4814601229518,94.56093864391492,0.7030795097351075,train,66.48385838185528,8.296771676371058,False,5.3322974579345574,7.964474218436501,False
16202,1.6458555457450605,0.8468511503166558,368.25610331581294,335.50151182727404,0.28706775307655336,train,96.31166515404225,14.262333030808449,True,5.972994470757689,13.28933856005076,False
16203,1.628076362107204,0.9550601336469338,149.86637639200893,134.43080076970514,0.2953673481941223,train,39.70646913896018,2.9412938277920366,False,5.966252157318632,1.9750416704734048,False
16204,0.44516921118558317,0.9127264305465167,341.61255030646083,84.44105900655883,0.597990345954895,train,50.494938088129814,5.098987617625964,False,5.368226415875083,4.730761201750881,False
16205,0.9073284872704935,0.8037882703572543,422.4768382280113,211.68825083995696,0.4420757949352264,train,93.58225176852159,13.716450353704317,True,5.645703565203607,13.07074678850071,False
16206,3.0144728295423118,0.9789217501173826,226.04355493583586,376.508050709113,0.031157984957098962,train,11.731232180221195,-2.653753563955761,False,6.389906038539567,-4.043659602495328,False
16208,2.642964871916558,0.905422759886368,370.5283820480475,540.8252723404673,0.11274335756897927,train,60.9744570618219,7.194891412364381,False,6.292797875354781,5.9020935370096,False
16209,2.3271288541068063,0.9779795008103837,343.0013931012744,439.87389638358087,0.1285243570804596,train,56.53450972917643,6.3069019458352855,False,6.202109726105057,5.1047922197302285,False
16210,5.908532655210571,0.9806833924804761,1122.6143306829556,3665.675570877346,0.012173912674188613,train,44.625614291767306,3.925122858353461,False,6.93275726431974,1.9923655940337213,False
16211,0.6194600947172086,0.6662030948224932,324.1818086719881,110.65885427772639,0.622990345954895,train,68.93939790945308,8.787879581890616,False,5.482092818829962,8.305786763060654,False
16212,0.8167112351055709,0.9398119325312771,421.6434051713064,190.77455903588665,0.4572018444538116,train,87.22248026606995,12.444496053213992,False,5.597027852791747,11.847468200422245,False
16214,1.4033902803452414,0.9322814723112263,380.71508452177954,293.8424448260207,0.26007936596870423,test,76.42235674504542,10.284471349009085,False,5.876880357359915,9.407590991649169,False
16216,0.782600642572578,1.0,434.4814601229518,185.80958963059481,0.5568538665771484,test,103.46878843290995,15.69375768658199,True,5.578073333183717,15.115684353398272,True
16217,1.6440669554251761,0.9123761889622987,177.62747813755254,159.1525499154942,0.525020980834961,train,83.55842785901785,11.71168557180357,False,5.972318245203288,10.739367326600282,False
16218,3.4338113068752762,0.9762992685453907,315.6996576850454,597.0986887545998,0.018114506825804712,train,10.816148273124242,-2.8367703453751516,False,6.489259554329021,-4.326029899704173,False
16219,0.3068713102917642,1.0,434.4814601229518,73.83874120549096,0.8430354714393615,train,62.248678002660085,7.449735600532017,False,5.267635967890617,7.182099632641401,False
16221,3.2301446958478537,0.8644868503839104,180.35469840841193,320.0723935328747,0.21908364146947862,test,70.12262550903418,9.024525101806837,False,6.442236199529368,7.582288902277469,False
16222,0.460527086723734,0.9289002206273598,712.4380504878311,182.1494837590776,0.622990345954895,train,113.47736990257329,17.69547398051466,True,5.378797388872744,17.316676591641915,True
16223,0.7869503124084274,0.7335876127701711,491.11846456075136,212.51792287234943,0.49365222454071045,train,104.90994538070643,15.98198907614129,True,5.580510430759066,15.401478645382223,True
16224,1.6526396600659674,0.9334104072759434,287.70395539353433,260.8133502883514,0.26168313920497893,test,68.25045625002359,8.650091250004719,False,5.9755552423596825,7.674536007645036,False
16225,2.908765067918298,0.9214721799634255,227.05876344854033,364.82390698530963,0.14499494433403015,test,52.897622085058366,5.579524417011674,False,6.36322148470242,4.2163029323092545,False
16226,2.7336215642832946,0.9661486727007189,103.97411098038492,155.81417874192437,0.2716831386089325,train,42.33208512037922,3.4664170240758434,False,6.317378691371548,2.1490383327042952,False
16227,1.0930188981403652,0.9524558487415836,361.50107378207457,218.15478442757578,0.4189199924468994,train,91.38940064465501,13.277880128931002,False,5.738607472634932,12.53927265629607,False
16228,0.7401724477043468,0.7023161830477649,436.80932411543074,177.83050650855213,0.5584078133106232,train,99.30194427936114,14.86038885587223,True,5.553984216191638,14.306404639680594,True
16229,1.8185177677246405,0.9666551831456106,448.01709844591005,449.47174286401906,0.10591566115617752,train,47.606096816462,4.521219363292401,False,6.03621113248437,3.485008230808031,False
16230,2.7309227675377934,0.9471319771702457,296.38772864335976,436.97031412711044,0.1834057942032814,train,80.14288750574005,11.02857750114801,False,6.316655593820478,9.711921907327532,False
16231,1.1384104974027354,0.826837555562402,273.9628374789339,172.34142041905633,0.4314875602722168,train,74.36317903046702,9.872635806093406,False,5.760062794829183,9.112573011264223,False
16232,1.4663894759472202,0.961553814145418,467.49939960153654,378.2969403847733,0.1934587076306343,test,73.18483718746135,9.636967437492272,False,5.902755330611522,8.73421210688075,False
16233,1.9708338623495751,0.8817271645418742,195.19449242464148,212.88991505362821,0.3016831398010254,test,64.22529800535214,7.84505960107043,False,6.088842675142272,6.7562169259281575,False
16234,0.6395149236951271,0.5916832261102252,151.92644784746219,53.68693700197418,0.7676501631736755,train,41.21278594986032,3.2425571899720644,False,5.494400419850419,2.7481567701216454,False
16235,3.3280880296455466,0.9802967013840923,204.45432479462107,373.6988767689523,0.018114506825804712,train,6.76937085402674,-3.646125829194652,False,6.4651258809042345,-5.111251710098887,False
16237,0.36712849551060683,1.0,434.4814601229518,88.1528348754679,0.7758354663848877,test,68.39209575875863,8.678419151751726,False,5.312712551503197,8.36570660024853,False
16238,0.38514127925286595,1.0,434.4814601229518,92.42276013992783,0.7850553154945373,test,72.55697912052699,9.5113958241054,False,5.325802141117744,9.185593682987655,False
16239,2.3600027446435714,0.9733956737298151,298.29306348143945,386.9056872932069,0.16521738916635514,test,63.92354750819787,7.7847095016395755,False,6.211941790832985,6.57276771080659,False
16241,3.9301658830374584,0.9630001119405296,312.36661042750507,672.1193789648122,0.031157984957098962,test,20.941885499160314,-0.8116229001679374,False,6.59537263516347,-2.406995535331407,False
16242,2.6051866953617493,0.973471450802111,525.8806172880554,756.4113720572308,0.018114506825804712,test,13.702018962247015,-2.259596207550597,False,6.282373557291042,-3.5419697648416393,False
16244,1.101522063401378,0.9423690796111235,460.38099965593517,278.46850603336895,0.3204639792442322,test,89.2391255376499,12.847825107529982,False,5.742661874290328,12.105163233239654,False
16245,0.8446698019321223,1.0,434.4814601229518,200.27816111655963,0.5385205388069153,train,107.8539032357479,16.57078064714958,True,5.612300292333121,15.958480354816459,True
16246,0.4676609292694082,0.8624268207674632,614.7898224226502,159.47684375429853,0.622990345954895,test,99.35253406228517,14.870506812457037,True,5.38366992890146,14.486836883555577,True
16249,2.2832379588930345,0.9378870403949005,246.86671289913602,305.3675072188169,0.1834057942032814,train,56.006170185343386,6.201234037068678,False,6.188830118041102,5.012403919027577,False
16250,1.6229871958211408,0.9132954737001138,218.4299007289489,194.449846837644,0.37829877734184264,train,73.56013931298929,9.712027862597859,False,5.96431381937116,8.747714043226699,False
16251,0.2975709219164261,1.0,434.4814601229518,71.62507934007682,0.8607261538505554,train,61.649579059625204,7.329915811925041,False,5.2604939950006315,7.069421816924409,False
16252,0.44314104230921303,1.0,434.4814601229518,106.14550910642582,0.7110795021057129,train,75.47789576615469,10.095579153230938,False,5.3668220174332815,9.728757135797657,False
16253,1.5974160990377195,0.9578466785726456,958.8619150858615,848.0290804340989,0.15188405513763428,train,128.80209561096999,20.760419122193998,True,5.954517142810365,19.805901979383634,True
16254,0.8222215624404186,0.8815194053634546,406.85785224100954,185.1775650446465,0.4572018444538116,train,84.66352428987805,11.932704857975612,False,5.600056395418488,11.332648462557124,False
16255,3.2510310613322315,0.956770725259835,271.0001491822242,486.736731807571,0.018114506825804712,train,8.816995850698122,-3.2366008298603752,False,6.447161556179465,-4.68376238603984,False
16256,0.9414808881175804,0.941205500682133,520.308363954496,270.9334345830578,0.3084963262081146,train,83.58196921581988,11.716393843163978,False,5.663451026266594,11.052942816897385,False
16258,2.9136281104185127,0.9723357885482923,865.2241608490468,1391.7028082106024,0.031157984957098962,train,43.36265516297833,3.672531032595666,False,6.3644648492369935,2.3080661833586724,False
16259,0.5364264119527951,0.8750512851213332,228.3127296823843,67.84351270429407,0.5882226228713989,test,39.90708898772893,2.981417797545787,False,5.429459208146849,2.5519585893989385,False
16261,1.3804875382011885,0.937090538892989,229.24651029191108,174.10640764855978,0.28706775307655336,test,49.9803352399025,4.996067047980501,False,5.8673053146885925,4.128761733291909,False
16262,0.4499187965169717,1.0,434.4814601229518,107.74664422810109,0.6563801646232605,train,70.72276007604488,9.144552015208976,False,5.371507552462202,8.773044462746775,False
16263,0.38388551649578073,1.0,434.4814601229518,92.12521053115658,0.7110795021057129,train,65.5083488358788,8.101669767175762,False,5.324895134479092,7.776774632696671,False
16264,0.5538193674908359,0.6103654767244882,296.34673442502816,90.47039900254951,0.566741144657135,train,51.273297488292634,5.254659497658528,False,5.440716008053512,4.813943489605016,False
16265,3.5731153650119736,0.8666369421508118,662.5867458157792,1295.9734692521386,0.08939392194151878,train,115.85215114860496,18.170430229720992,True,6.520194671782154,16.65023555793884,True
16266,2.437747139662863,0.9789701671504059,167.75597091432775,226.00119151367488,0.26007936596870423,test,58.778246597048266,6.755649319409654,False,6.234816355583006,5.520832963826648,False
16267,0.24808444562836,1.0,434.4814601229518,59.825321100652275,0.8850211501121521,train,52.94667448632808,5.589334897265616,False,5.221609932424393,5.367724964841223,False
16269,0.36712849551060683,1.0,434.4814601229518,88.1528348754679,0.6423507690429687,train,56.625041275574645,6.3250082551149305,False,5.312712551503197,6.012295703611733,False
16270,0.4974879847469844,1.0,434.4814601229518,118.97032443709911,0.6458616375923156,train,76.83836856583392,10.367673713166784,False,5.4037890274340326,9.96388468573275,False
16271,1.3718283161478484,0.8552965802094172,365.04088191780033,276.85703591325637,0.3088825225830078,test,85.51629964774101,12.103259929548202,False,5.863661099151654,11.239598830396549,False
16273,0.22697385389025487,0.40876659607307697,140.93765273102937,17.740200566156094,0.8843242883682251,train,15.688090241175571,-1.8623819517648856,False,5.204550856528838,-2.066932808293724,False
16274,0.45868893992942356,1.0,434.4814601229518,109.81770808977818,0.6423507690429687,train,70.54148924600526,9.108297849201051,False,5.377538045939257,8.730759803261794,False
16275,0.8813802240668859,0.9613561025969725,698.5909573925068,340.9000056140351,0.3208343505859375,train,109.3724319159214,16.87448638318428,True,5.6320056692146645,16.242480713969616,True
16276,0.49371260461260624,0.8086627220139615,702.5010519643245,192.1375453100164,0.5568538665771484,train,106.99253502052468,16.39850700410494,True,5.401264701815347,15.997242302289592,True
16277,0.19100922503223405,1.0,434.4814601229518,46.16851199903338,0.8850211501121521,test,40.860109588351214,3.172021917670243,False,5.17480103596217,2.997220881708073,False
16278,0.4763894976365937,0.609095774292569,316.9340308710113,83.39493586528339,0.736955177783966,test,61.45832978688236,7.291665957376473,False,5.38959957865382,6.902066378722654,False
16279,1.4255368630003418,0.6681882383019434,729.1716982277331,573.7380772601488,0.31706775426864625,train,181.91384369528643,31.38276873905729,True,5.886052886691269,30.496715852366023,True
16280,0.19351707494041473,1.0,434.4814601229518,46.76973159704555,0.9335925817489624,train,43.66387446939178,3.7327748938783554,False,5.176904473305565,3.5558704205727905,False
16281,0.47047479599622793,0.8879537219512196,554.1101804486436,144.6351945165671,0.5698892951011658,train,82.42604904986644,11.485209809973288,False,5.385585339114075,11.099624470859212,False
16282,0.7380965889161624,0.9226245668673979,510.4197933627822,208.90056013870793,0.4572018444538116,train,95.50972140285167,14.101944280570333,True,5.552790600049362,13.54915368052097,False
16283,1.2000279529183475,0.9652904833307919,713.9437406463438,474.02435073936886,0.16521738916635514,train,78.31706563043512,10.663413126087026,False,5.7884700661555275,9.874943059931498,False
16284,0.4255153748576937,1.0,434.4814601229518,101.97935050384328,0.7181611776351928,train,73.23761045231218,9.647522090462438,False,5.354533414901828,9.29298867556061,False
16285,0.22234789471529307,1.0,434.4814601229518,53.673776637650434,0.9135925769805908,train,49.03596391467169,4.807192782934338,False,5.20077351312511,4.606419269809228,False
16286,0.4867071331052051,0.823090653187784,124.1300232151914,33.48018182230985,0.7559404492378234,train,25.30902368732092,0.061804737464184356,False,5.39656369657091,-0.3347589591067255,False
16287,1.0172385443635386,0.8793314676276828,227.74501193497295,128.28924820668212,0.40495548248291013,train,51.95143440490677,5.390286880981355,False,5.701729518892104,4.688557362089251,False
16288,0.33288532587815045,1.0,434.4814601229518,80.02423992242926,0.8666336059570312,train,69.35169560794549,8.870339121589097,False,5.287346010397867,8.58299311119123,False
16289,0.3405856591190692,1.0,434.4814601229518,81.85345393063916,0.8204822897911072,train,67.15930930832172,8.431861861664345,False,5.2931065775244175,8.138755284139927,False
16290,0.677543818529393,0.45953671290128134,358.7519401837353,134.20275698502087,0.6925609827041626,train,92.94359325915397,13.588718651830796,True,5.5173307108515415,13.071387940979253,False
16292,1.1268416323287365,0.8302796135357283,228.17672201834128,142.10622019544252,0.4572018444538116,test,64.97122598171582,7.994245196343165,False,5.754638077559305,7.23960711878386,False
16293,1.9241001486817502,0.9757807869519579,471.03636946479236,501.59125023895785,0.09255725890398026,test,46.42591121233837,4.285182242467675,False,6.072986791876148,3.212195450591527,False
16294,0.32733507927621663,1.0,434.4814601229518,78.70529279208232,0.8713051557540894,train,68.5763273948765,8.7152654789753,False,5.2831732323493865,8.432092246625913,False
16296,0.21724828033501975,0.1982249753027858,320.86083934129624,38.626803490432756,0.7884514212608338,train,30.45535811079464,1.0910716221589283,False,5.196592803333749,0.8944788188251795,False
16297,0.7774095758761286,1.0,434.4814601229518,184.59834691764715,0.5882226228713989,train,108.58492380162282,16.716984760324564,True,5.575157009882908,16.141827750441657,True
16298,2.513413704875288,0.9743800550983484,121.71918179098907,167.97240777815674,0.37189255356788636,train,62.46768765756501,7.493537531513002,False,6.256588130333913,6.236949401179089,False
16299,0.32642800699748753,1.0,434.4814601229518,78.48969928985036,0.8204822897911072,train,64.39940819835186,7.879881639670373,False,5.28248962022233,7.597392019448042,False
16300,0.730067355573599,0.8476581839585855,473.76225399842474,191.63594126216998,0.4572018444538116,train,87.61630580870641,12.523261161741285,False,5.548160341609356,11.975100820131928,False
16301,0.19008546729945078,1.0,434.4814601229518,45.947027175229216,0.9487663984298706,test,43.59299549160162,3.7185990983203236,False,5.174025125804458,3.544573972515866,False
16303,1.4529115887936328,0.8870226986377833,680.5799014733416,546.5311520424129,0.28706775307655336,test,156.89146980315564,26.37829396063113,True,5.897275722553292,25.481018238077837,True
16304,0.20389075551726307,1.0,434.4814601229518,49.25551096260718,0.8673304677009582,train,42.72080536004776,3.544161072009553,False,5.1855586081497815,3.3586024638597713,False
16306,3.640540686218423,0.9641758159381736,116.99776719861502,233.50891238144314,0.1834057942032814,train,42.826887528863026,3.565377505772606,False,6.534830886651644,2.030546619120962,False
16307,0.8063981658374082,0.7727871056847146,384.94982545854907,171.60247379621077,0.49000765681266784,train,84.08652608813847,11.817305217627695,False,5.591334899043728,11.225970318583967,False
16308,1.3444221659107685,0.9680821538555563,629.2831863603195,468.5361924625415,0.2072376310825348,train,97.0983306023677,14.41966612047354,True,5.852038960408561,13.56762716006498,False
16309,0.9549633347382653,1.0,434.4814601229518,225.92769429058254,0.4572018444538116,train,103.29455854285122,15.658911708570244,True,5.670371438651877,14.988540269918367,True
16310,0.5035137672844824,0.883328494664662,299.3393123632147,83.5578148369837,0.6708616375923157,train,56.05573249517437,6.211146499034875,False,5.407804880228256,5.803341618806619,False
16312,0.3729422561491189,1.0,434.4814601229518,89.53142129056626,0.7758354663848877,test,69.46165199306833,8.892330398613666,False,5.316956069200129,8.575374329413537,False
16314,0.968484430629274,0.7176012278695824,534.1253325215955,284.9667911433847,0.4601928472518921,train,131.13967898850947,21.227935797701896,True,5.677263922114229,20.550671875587668,True
16315,0.6465394025841931,0.9062511370603517,263.8137227572998,94.31644334737798,0.6458616375923156,train,60.91537255222041,7.183074510444083,False,5.498675753664969,6.684398756779114,False
16316,4.038452834931258,0.9741728205983567,454.60971751667955,1008.6542761622709,0.018114506825804712,train,18.271274770418568,-1.3457450459162863,False,6.617099057759955,-2.962844103676241,False
16317,0.9522233003438494,0.9263301013158116,514.7176049092494,270.9894564366533,0.35546848773956297,train,96.32821227290333,14.265642454580668,True,5.66896887711617,13.596673577464497,False
16319,1.1762519163755984,1.0,434.4814601229518,277.1869118215254,0.5204034864902496,train,144.24903532138723,23.849807064277446,True,5.777604092686019,23.072202971591427,True
16320,1.4467745121380435,0.9685062072845365,1117.4764365485164,894.5969745904763,0.1316616103053093,train,117.78407824883996,18.556815649767994,True,5.89477063151742,17.662045018250573,True
16321,0.9988710466726508,0.9369168599319215,109.9067941429258,60.848273673977204,0.48857060074806213,train,29.728677623377536,0.9457355246755075,False,5.69258254451934,0.25315298015616783,False
16323,0.617567068902138,0.9498852490254359,248.34250475906356,84.90027465562679,0.6173507690429687,train,52.41324985061046,5.482649970122093,False,5.480923211078659,5.001726759043434,False
16325,2.721791269309721,0.9626278432573363,338.99743284337444,510.37991984042003,0.12301404476165771,train,62.783898304700706,7.556779660940142,False,6.314205076397562,6.24257458454258,False
16326,3.9735778311290857,0.9779331106908334,159.5710026318239,350.17393631503677,0.08939392194151878,test,31.303421528900767,1.2606843057801536,False,6.604139466654284,-0.3434551608741305,False
16327,4.003339942100642,0.9854438820013025,618.4089494291501,1368.4618242577546,0.018114506825804712,train,24.789011056370263,-0.042197788725946594,False,6.610105677849268,-1.6523034665752148,False
16328,0.2636210580611594,1.0,434.4814601229518,63.53386236451501,0.8340644478797913,train,52.99133583472986,5.598267166945973,False,5.23398145493922,5.364285712006754,False
16329,0.8964713705758367,0.8408642722704823,469.0678427101757,233.0722033114169,0.4420757949352264,train,103.03557955619934,15.60711591123987,True,5.639994986106606,14.967120925133264,True
16330,0.7475694267173888,0.84787693709435,188.06590720359844,77.87553724845988,0.49690393209457395,train,38.696660672737174,2.7393321345474355,False,5.558225923502533,2.181106211044902,False
16331,0.9515893318256904,0.7554389462747478,514.3321790772019,270.75691047257794,0.5051337063312531,train,136.76844170181258,22.353688340362517,True,5.668644082571213,21.685044257791304,True
16332,1.6164266510232606,0.9068534152149998,124.33544223101397,110.95969739479011,0.44775132536888124,train,49.68235157104727,4.936470314209455,False,5.961809513195551,3.974660801013904,False
16333,6.947425480884796,0.975938565361139,1688.8487084215544,6369.4957169382005,0.05441379956901073,train,346.58846329714754,64.31769265942951,True,7.072848037336691,62.24484462209282,True
16334,0.3134018481551772,1.0,434.4814601229518,75.3924095214897,0.7704390525817871,test,58.085256563594626,6.617051312718926,False,5.272620601927071,6.344430710791856,False
16335,0.2086379920656491,0.1069974307667665,411.6162015180087,47.54232931997607,0.7012938022613525,train,33.3411408971674,1.6682281794334806,False,5.189494099223433,1.4787340802100477,False
16336,0.7806764708793682,0.8353625989815776,822.2634129203873,355.3292275635538,0.4504091262817383,train,160.04352692926523,27.008705385853048,True,5.576993331927023,26.431712053926027,True
16339,0.7028556480641771,1.0,434.4814601229518,167.1811939738532,0.7309745192527771,train,122.20519289314262,19.441038578628525,True,5.532306634766844,18.90873194386168,True
16340,0.5629533557532275,0.8171912073687458,566.7773939130194,176.5099190406118,0.4572018444538116,train,80.70066054976068,11.140132109952138,False,5.446577208225786,10.693554901726351,False
16341,1.298611220659837,0.9666018113777619,624.1822074129591,448.04160677204305,0.17688405364751816,train,79.2514156085863,10.850283121717261,False,5.832305123459721,10.017977998257539,False
16343,0.40501653221701633,1.0,434.4814601229518,97.1296353025816,0.7030795097351075,test,68.28985636928886,8.657971273857772,False,5.340049069418985,8.317922204438787,False
16344,0.6161253463453,0.7064425256999466,282.7529125323533,96.51047837040879,0.597990345954895,train,57.71233434899316,6.542466869798632,False,5.480031522898567,6.062435346900065,False
16345,0.32108955613660706,1.0,434.4814601229518,77.22062912297346,0.7309745192527771,train,56.446312249562524,6.289262449912506,False,5.278456817441059,6.010805632471447,False
16346,0.4381905309283901,1.0,434.4814601229518,104.97571166922667,0.7030795097351075,test,73.80627189449389,9.761254378898778,False,5.363385747690441,9.397868631208336,False
16347,1.4654840321910134,0.5507019862890107,342.0051258907752,276.7720876347473,0.4516728937625885,train,125.01044973469907,20.002089946939815,True,5.902388150161785,19.099701796778028,True
16348,1.4699399000108229,0.9612620273552225,293.7947742728033,237.45010044723756,0.2716831386089325,train,64.51118855251178,7.902237710502357,False,5.904193818364435,6.998043892137922,False
16349,0.6784710644983474,1.0,434.4814601229518,161.4754827025583,0.7576722025871276,train,122.34548464306698,19.469096928613396,True,5.517883298384594,18.951213630228803,True
16350,1.7106844096133524,0.6348863736328875,307.4926314417436,288.62835106642257,0.4305866599082947,train,124.27951764052958,19.855903528105916,True,5.997201152679132,18.858702375426784,True
16351,2.7060212032626914,0.7303342633700473,262.59573302951503,392.9330186136125,0.31834980845451355,test,125.09015121109735,20.01803024221947,True,6.309958849180502,18.70807139303897,True
16353,6.222664913249646,0.9772978541645936,228.86960886891654,786.9456141760187,0.018114506825804712,train,14.255131699528572,-2.1489736600942853,False,6.9772239863616345,-4.126197646455919,False
16354,0.8752625727838853,0.8641386859002815,275.1664191945654,133.18664136947916,0.4126042008399963,train,54.95336772481714,5.990673544963428,False,5.628748688435926,5.361924856527502,False
16355,0.4551400754513938,1.0,434.4814601229518,108.9797460452973,0.7030795097351075,train,76.62142642058414,10.32428528411683,False,5.375102167777524,9.949183116339306,False
16356,1.8818359038055676,0.9714757222838513,97.87187308811659,101.56681208185111,0.42228121161460874,train,42.88975646575737,3.577951293151475,False,6.058427557651484,2.519523735499991,False
16357,1.0637576105499997,0.9419821154103752,191.27855284187814,111.79221555943252,0.48857060074806213,train,54.6183899148288,5.923677982965762,False,5.724528403974051,5.199149578991711,False
16358,1.0247301409992084,0.951828889706396,457.12605872043,257.5548819768318,0.3208343505859375,train,82.6324532992746,11.526490659854922,False,5.705436427974011,10.821054231880911,False
16359,3.7831077756242184,0.9770552714768711,167.5694481107826,349.9824999563735,0.018114506825804712,train,6.339760384371925,-3.7320479231256147,False,6.565090497503926,-5.29713842062954,False
16362,0.36712849551060683,1.0,434.4814601229518,88.1528348754679,0.7579189777374268,test,66.81270649347081,8.362541298694163,False,5.312712551503197,8.049828747190965,False
16365,2.4555518571979524,0.9578110458717657,244.8899684859641,332.64484806074495,0.0718051042407751,test,23.885597990158587,-0.22288040196828263,False,6.239982171584138,-1.462862573552421,False
16366,0.47490157205692207,0.5985413401800176,483.2093303222608,127.25876150065545,0.6423507690429687,train,81.74476331740178,11.348952663480357,False,5.3885912567563174,10.96036140672404,False
16367,0.8380968694811299,0.7477418535631933,215.21097750369867,99.11166871735897,0.4135051012039185,train,40.98318060346076,3.196636120692153,False,5.608730726288515,2.587905394403638,False
16368,0.36943207504276515,1.0,434.4814601229518,88.69912071442504,0.7656313896179199,train,67.91083105047286,8.582166210094574,False,5.314396110128609,8.267770099965965,False
16369,1.6564634368340194,0.9722675187860477,317.26332147274366,290.3166215514313,0.2360052913427353,train,68.51625885088417,8.703251770176834,False,5.97699570315294,7.726256067023894,False
16370,1.088431117051262,1.0,434.4814601229518,256.87396099781785,0.3965079426765442,train,101.85256580241962,15.370513160483924,True,5.736413122391189,14.634100038092734,True
16371,0.3549560698998087,1.0,434.4814601229518,85.26508208192008,0.75689857006073,test,64.53701870391609,7.907403740783218,False,5.303769033067952,7.603634707715266,False
16372,0.8184192683820712,0.835111730461419,414.03438661577064,187.4629154432592,0.38081254363059996,train,71.38822966635561,9.277645933271124,False,5.597967589838634,8.67967834343249,False
16373,0.7560093298816514,0.7450548892999389,172.2982297544822,71.6859828119467,0.6925609827041626,train,49.64691470235552,4.929382940471104,False,5.5630438083432585,4.3663391321278455,False
16374,1.324404966925352,0.9440355672795838,326.46996459715285,238.8643520708949,0.19095812886953353,train,45.61308972509158,4.122617945018316,False,5.8434640780799585,3.2791538669383575,False
16375,0.33288532587815045,1.0,434.4814601229518,80.02423992242926,0.8843242883682251,train,70.76737902161037,9.153475804322074,False,5.287346010397867,8.866129793924207,False
16377,0.560131274021094,0.9360746580623267,632.6223073967702,196.34311605071971,0.597990345954895,test,117.41128789303197,18.482257578606394,True,5.444769967734554,18.03748761087184,True
16378,2.218798301114065,0.8984054390891765,141.5333123781766,171.24029885760865,0.4152225136756897,train,71.1028273342326,9.220565466846521,False,6.169008091488678,8.051557375357843,False
16381,0.7087565040406523,0.7150172311278421,113.88146863236378,44.435374489727,0.622990345954895,train,27.68280932599034,0.5365618651980686,False,5.535765915363717,0.0007959498343517168,False
16382,0.5894510281586144,0.8536924743103149,207.20890608542555,67.56572206363182,0.6675609827041626,train,45.10423981791438,4.020847963582877,False,5.463388691305303,3.5574592722775744,False
16383,1.7431618936816917,0.9472410124835484,419.3151069822069,404.2022265316949,0.11895914003252983,train,48.08354926744424,4.6167098534888495,False,6.00911123087794,3.60759862261091,False
16384,0.9559998627465385,0.9418734813377887,432.1311465551359,228.44709969077797,0.3208343505859375,train,73.29367687253168,9.658735374506335,False,5.670901501442142,8.987833873064194,False
16385,0.8328373768645355,0.8911779944109142,206.71228245603533,95.29564635259094,0.4504091262817383,train,42.922028812124005,3.584405762424801,False,5.605865245262463,2.9785405171623376,False
16386,1.0194147103331077,0.9231052822672754,128.31143348498497,71.89051488717439,0.3805625200271606,train,27.358835511513192,0.4717671023026391,False,5.702807722068389,-0.23104061976574997,False
16387,1.4584307515783903,0.9024221463623616,198.51732679088778,160.04937360944905,0.41833956241607667,train,66.95498492074408,8.390996984148817,False,5.899523240533316,7.491473743615501,False
16388,0.21945066571427269,1.0,434.4814601229518,52.980613110840146,0.9585925817489624,train,50.786822704563185,5.1573645409126385,False,5.19840048333669,4.958964057575948,False
16389,1.683325231026847,0.9397967726735451,529.5792401991858,485.881559263584,0.2716831386089325,train,132.00582701293254,21.40116540258651,True,5.987056783264704,20.41410861932181,True
16390,0.5572362222170841,0.6515999164702636,166.28852668408197,51.3448829958859,0.7599124670028686,train,39.01761670537729,2.8035233410754588,False,5.442912597604284,2.3606107434711747,False
16391,1.0927256126281395,0.7345741003407646,306.1267916038777,184.6607028763248,0.4042987525463104,train,74.658091817223,9.9316183634446,False,5.738467337224397,9.193151026220203,False
16392,1.0130495340598002,0.9372853075357658,296.6915172752962,166.07500367494038,0.3208343505859375,train,53.28256595260668,5.656513190521338,False,5.6996507534387595,4.956862437082578,False
16393,4.517272350887745,0.9905705960764423,195.84794883989417,489.07171274533766,0.018114506825804712,train,8.85929287883342,-3.228141424233316,False,6.70788359883,-4.936025023063316,False
16394,1.5531636045997843,0.8983076879508175,329.83081195804203,279.40228929890617,0.3461782693862915,train,96.72300097206329,14.34460019441266,True,5.937333219480596,13.407266974932064,False
16395,2.2220911145149005,0.8737633400185536,284.50052223884893,349.7493025017596,0.22835978865623474,train,79.86867680196733,10.973735360393466,False,6.170030563223627,9.80370479716984,False
16396,0.32733507927621663,1.0,434.4814601229518,78.70529279208232,0.8297021389007568,test,65.30194977240102,8.060389954480204,False,5.2831732323493865,7.7772167221308175,False
16397,0.2301618121264588,1.0,434.4814601229518,55.542577693392765,0.9414406776428222,train,52.29004198169679,5.458008396339359,False,5.2071457153061385,5.250862681033221,False
16398,0.8633548225355995,1.0,434.4814601229518,204.62876310916872,0.4420757949352264,train,90.4614231180979,13.09228462361958,False,5.622378531099088,12.469906092520493,False
16399,1.0227957023493035,0.932985834587507,223.01627667397977,125.38039195829658,0.42950822710990905,test,53.851909864353466,5.770381972870695,False,5.704480565616581,5.065901407254113,False
16400,1.5628192011530035,0.6924512198822678,317.37417041284016,274.46310639689665,0.3137635767459869,train,86.11652594790466,12.223305189580934,False,5.9411079030103995,11.282197286570534,False
16401,5.484566569623592,0.9759535740094231,333.9202143305283,1007.7037539102525,0.018114506825804712,train,18.2540565285963,-1.3491886942807394,False,6.869424979701886,-3.2186136739826257,False
16402,1.078437715945271,0.9118304907449901,150.20234607390523,88.93186818913408,0.4563009440898895,test,40.57969541437949,3.115939082875899,False,5.7316165133944885,2.3843225694814105,False
16403,0.6019464651983688,1.0,434.4814601229518,143.5384867595094,0.7463601350784301,train,107.13140436678088,16.426280873356177,True,5.47121943060862,15.955061442747557,True
16405,1.2221450128434623,0.7926637180478316,209.7259510909684,140.0917514078838,0.6708616375923157,train,93.98218176266852,13.796436352533703,True,5.798472951393735,12.99796340113997,False
16406,0.481937031375847,0.8631088874215661,217.6460340725775,58.16325747209896,0.6173507690429687,train,35.90713173044449,2.181426346088898,False,5.393350037021043,1.788076309067855,False
16407,4.273338827590564,0.978201363147997,177.37676699765115,415.34420295386633,0.13536231592297554,train,56.22195321701773,6.2443906434035465,False,6.6626637155654,4.5817269278381465,False
16408,0.24808444562836,1.0,434.4814601229518,59.825321100652275,0.8314854264259338,test,49.743882626444275,4.9487765252888565,False,5.221609932424393,4.727166592864464,False
16409,2.4801207322851804,0.9642563238554008,488.5704843710584,670.2591168320143,0.018114506825804712,train,12.141413346911362,-2.5717173306177274,False,6.247066986369985,-3.8187843169877125,False
16410,0.19070030925166767,1.0,434.4814601229518,46.09444645231138,0.8666336059570312,train,39.946996343559896,2.9893992687119795,False,5.174541629197532,2.8148576395144476,False
16411,1.0636346410070914,0.6911465211655476,193.26022241646555,113.01507407467084,0.4411748945713043,test,49.859413389861054,4.971882677972211,False,5.724468816934365,4.247413861037845,False
16412,1.0143089486522958,0.852437354996287,150.4378487325834,84.47044349003183,0.4572018444538116,test,38.620042565474016,2.7240085130948035,False,5.7002761830542035,2.0237323300406,False
16413,0.4551400754513938,1.0,434.4814601229518,108.9797460452973,0.7110795021057129,test,77.49326355749704,10.49865271149941,False,5.375102167777524,10.123550543721887,False
16414,1.082675479645612,0.9440261284350713,137.30640821112235,82.3280703249034,0.39095860719680786,train,32.18686770742508,1.437373541485016,False,5.733653355444322,0.7037201860406936,False
16415,0.3792982327366363,0.7083159118619454,338.3576093709563,71.1966710225039,0.7370035529136658,train,52.47219949921082,5.494439899842163,False,5.321574842822968,5.172865057019195,False
16416,1.2565466292880167,0.8011819040312254,323.3513405582712,224.69463309937103,0.4314875602722168,train,96.9529390423085,14.390587808461703,True,5.8138356045021755,13.576752203959527,False
16417,0.3134018481551772,1.0,434.4814601229518,75.3924095214897,0.8430354714393615,train,63.55847550389848,7.711695100779696,False,5.272620601927071,7.439074498852626,False
16418,1.4849141549429803,0.9464338354793742,245.9061613389054,200.69008069190116,0.3161782681941986,train,63.45384215691928,7.690768431383857,False,5.910238113657314,6.780530317726543,False
16419,1.1337054177013093,0.9442758606411474,280.50681694409974,176.02357396376314,0.37495548129081724,train,66.00100389411257,8.200200778822515,False,5.757860101036556,7.442340677785959,False
16420,0.4209495989297668,1.0,434.4814601229518,100.89957424910988,0.7758354663848877,test,78.28146824559477,10.656293649118954,False,5.351325379752483,10.304968269366471,False
16421,1.029412399065877,0.7563501341270459,140.14575896485232,79.46434825541003,0.597990345954895,train,47.518913104332896,4.503782620866579,False,5.707746292564235,3.7960363283023435,False
16422,21.041798702770723,0.9971501086051124,683.0459287935278,7929.844871907449,0.018114506825804712,train,143.64522905973996,23.729045811947994,True,8.092940591788249,20.636105220159745,True
16424,1.068458230718086,0.9497069643444973,187.7202546907206,110.20376548576328,0.5584078133106232,train,61.5386437035018,7.307728740700361,False,5.726803513685757,6.580925227014603,False
16425,0.6344661253061431,1.0,434.4814601229518,151.16687806974448,0.6708616375923157,train,101.4120593715867,15.28241187431734,True,5.491316222162315,14.791095652155025,True
16426,0.7382462232809627,1.0,434.4814601229518,175.45413643059752,0.597990345954895,train,104.91987974335035,15.983975948670071,True,5.552876687281247,15.431099261388823,True
16427,1.5425985548711603,0.8663922046813097,185.83452064748042,156.26597892866837,0.597990345954895,train,93.44554680053473,13.689109360106947,True,5.933186611167153,12.755922748939794,False
16428,0.6341932101922426,0.8066325525232935,258.9846038378715,90.71166521583716,0.5302907645702362,test,48.10355830274558,4.620711660549118,False,5.4911492331392795,4.129562427409838,False
16430,1.2534818368844935,0.8391002412461884,187.82241432183667,130.27503204620996,0.4572018444538116,train,59.561984937806606,6.912396987561323,False,5.812476503158016,6.099920484403307,False
16431,1.5465378274425035,0.9358550122573686,314.9007176417789,265.8375621144439,0.28706775307655336,train,76.3133916395421,10.262678327908421,False,5.934734721912147,9.327943605996275,False
16433,0.40362779048933134,1.0,434.4814601229518,96.80090415991123,0.7252114415168762,test,70.2011232459462,9.040224649189241,False,5.339060163967602,8.70116448522164,False
16434,2.3674917696145465,0.9812615566136151,207.70180434983664,271.8615440416133,0.11969987973570824,train,32.54179412654506,1.5083588253090117,False,6.2141681852354145,0.2941906400735972,False
16435,0.3740401709299044,0.49690903693823424,562.6861709235529,116.30886250369056,0.6423507690429687,train,74.71108727575854,9.94221745515171,False,5.317755429857427,9.624462025294282,False
16436,0.22715077944995182,0.29098731340524236,111.54774251100598,14.05431721248251,0.8141288995742798,train,11.442025806466246,-2.7115948387067506,False,5.204695042816363,-2.9162898815231135,False
16437,0.7496927603016428,0.7837873449832814,228.99323370668432,94.55978080689599,0.6925609827041626,test,65.48841471991409,8.097682943982818,False,5.559440206980071,7.538242737002747,False
16439,0.19447459034396175,1.0,434.4814601229518,46.99925273599685,0.9335925817489624,train,43.87815370207128,3.7756307404142557,False,5.177706415346472,3.597924325067784,False
16440,0.7509416427975797,0.9451229281317619,301.6021932151011,125.06650546495885,0.5302907645702362,train,66.32161280514065,8.26432256102813,False,5.560153724820046,7.704168836208084,False
16441,1.2088866552268163,0.9324859717840358,221.34079472701336,147.96906652078536,0.31679592132568357,train,46.87599675615356,4.375199351230712,False,5.792488612676473,3.5827107385542396,False
16442,1.0455076435916602,0.9618332601403448,203.57856475013534,117.94508524577398,0.28706775307655336,train,33.858230607926885,1.771646121585377,False,5.715645995164329,1.056000126421048,False
16443,0.2916779974718079,1.0,434.4814601229518,70.22182515883698,0.8430354714393615,train,59.19948947811255,6.83989789562251,False,5.255942146334963,6.583955749287547,False
16444,4.78714451495805,0.9863503674327295,223.2966326201504,589.4528445755257,0.01648816280066967,test,9.718994464679103,-3.0562011070641795,False,6.755638994624472,-4.811840101688651,False
16445,0.7413579532877148,0.7306159007231542,234.7734184913992,95.78645274368982,0.534788703918457,train,51.22551291574441,5.245102583148883,False,5.554665241770992,4.6904373413778915,False
16446,1.3385513807628637,1.0,434.4814601229518,314.6351274158192,0.6675609827041626,train,210.0381348509537,37.00762697019074,True,5.849531669617805,36.15809530057294,True
16447,0.3646150853485603,0.6614965324327071,319.52486546955146,64.6123044769652,0.7920824885368347,train,51.17827492021427,5.235654984042855,False,5.3108724001149845,4.92478258392787,False
16448,0.8003596920635371,0.9487023419640358,228.24713893305483,100.79625679272492,0.5990174412727356,train,60.37871583384768,7.075743166769536,False,5.587986473863166,6.48775669290637,False
16449,1.7229945691440531,0.9446440984515184,316.8028493723516,297.4097493933233,0.27701483964920043,train,82.38691403830033,11.477382807660067,False,6.001732219251165,10.475650588408902,False
16450,0.3718901775235432,0.6697471553328493,722.2520663563472,148.95179069071088,0.718773090839386,train,107.06253898082355,16.41250779616471,True,5.316189480563103,16.096318315601607,True
16451,0.38984883550123134,0.8044985163552558,437.7603899807166,94.76739643775225,0.6925609827041626,train,65.63220120524466,8.126440241048932,False,5.329194989790771,7.797245251258161,False
16452,0.3213740151640299,0.6183210239699755,191.76228461818832,34.19887917911028,0.9335925817489624,train,31.9278199057464,1.3855639811492804,False,5.278672115794922,1.106891865354358,False
16453,0.3853036441792446,0.5554715113929649,162.0496751716538,34.53933721062926,0.8607261538505554,train,29.728910873852296,0.9457821747704598,False,5.325919353284779,0.6198628214856807,False
16454,0.23806365071923988,1.0,434.4814601229518,57.431406107422355,0.8437323331832886,train,48.45673427301243,4.691346854602486,False,5.213548587091986,4.4777982675105,False
16455,2.6920719111599833,0.9770244494383491,343.28494385521225,510.0361491408688,0.031157984957098962,train,15.891698662507874,-1.8216602674984248,False,6.306187794013213,-3.1278480615116377,False
16456,3.353559976724853,0.9672294177905469,521.1438447887405,964.1418015229108,0.018114506825804712,train,17.46495324473042,-1.5070093510539158,False,6.470993895859801,-2.9780032469137163,False
16457,1.1645003189507008,1.0,434.4814601229518,274.4708930626608,0.4420757949352264,test,121.3369382372573,19.26738764745146,True,5.772189535255259,18.495198112196203,True
16458,7.486182980064599,0.990944801453445,191.73024791317286,789.6106672342936,0.0718051042407751,test,56.69807627038644,6.339615254077287,False,7.138439309128927,4.2011759449483606,False
16459,0.1922549673774247,1.0,434.4814601229518,46.467173852002496,0.9605525970458985,train,44.634164520924266,3.926832904184854,False,5.175846444576634,3.75098645960822,False
16461,0.35582211918056306,0.6289769313926659,609.3539890719163,120.21586353759464,0.6798545598983765,test,81.7293029981547,11.345860599630939,False,5.304408000367976,11.041452599262962,False
16462,1.7036761388620572,0.951159244240452,106.0925671494148,98.51508094916902,0.4420757949352264,train,43.55113272371207,3.710226544742415,False,5.994612379876687,2.7156141648657286,False
16463,1.3541435959540675,1.0,434.4814601229518,318.22701564608684,0.4194505214691162,train,133.48048765831172,21.696097531662346,True,5.856177007807714,20.83992052385463,True
16465,0.6301188627061829,0.6902582307125998,315.6550112590748,109.6304358056758,0.597990345954895,test,65.55794223462198,8.111588446924396,False,5.488652934065632,7.6229355128587635,False
16466,3.2507069307768997,0.9781585640456557,229.43300643391177,411.6835998657586,0.018114506825804712,test,7.45744537984014,-3.508510924031972,False,6.447085305757306,-4.955596229789278,False
16467,0.5134830550688991,0.2641831241108911,455.5583144611744,129.49955122529775,0.7002733945846558,train,90.68509033372877,13.137018066745753,False,5.414413653558951,12.722604413186803,False
16468,0.48151438127011337,0.5867950601757778,579.1822443800735,153.94342582405764,0.622990345954895,train,95.90526811161139,14.181053622322278,True,5.393064795220353,13.787988827101923,True
16469,0.7054098773711556,0.9371232452453477,298.1914742499367,116.23573228248686,0.5990174412727356,test,69.62723093631799,8.925446187263598,False,5.533805479129819,8.391640708133778,False
16470,2.2256195159153553,0.981398973719673,265.10385618991194,326.452188444126,0.04854928962886333,train,15.849021846750146,-1.8301956306499707,False,6.171125029757536,-3.0013206604075067,False
16471,1.1664485181543938,0.943531381301129,298.7877201866073,192.84301821388553,0.3084963262081146,train,59.49136265386822,6.898272530773646,False,5.773089199235773,6.1251833315378725,False
16472,0.5312792322465631,0.8525178881322423,268.88880698671574,79.11969333284559,0.6167334914207458,train,48.795764709304564,4.759152941860913,False,5.426103485575416,4.333049456285497,False
16473,1.6116705389442743,0.8668063625108707,141.10983828449986,124.64819070295943,0.4420757949352264,train,55.103947992248486,6.0207895984496975,False,5.959990069823245,5.060799528626452,False
16475,0.7524588779170472,1.0,434.4814601229518,178.77390328403865,0.5882226228713989,train,105.15885429069502,16.031770858139005,True,5.561019874839349,15.470750983299656,True
16476,0.37412721253297265,1.0,434.4814601229518,89.8123524369471,0.7180182814598084,test,64.48691095063938,7.897382190127878,False,5.317818775055118,7.57956341507276,False
16477,4.110094409999507,0.9679987283358792,332.4689648790551,750.4526449375791,0.018114506825804712,train,13.594079559164976,-2.2811840881670045,False,6.631217879583007,-3.9124019677500113,False
16481,0.20821148849272073,1.0,434.4814601229518,50.29031838371424,0.8843242883682251,train,44.47295001648956,3.894590003297912,False,5.189141157444652,3.70544884585326,False
16483,1.5746320634952458,1.0,434.4814601229518,368.92243021519886,0.5462701857089997,train,201.53132446587216,35.306264893174436,True,5.945706635943231,34.360558257231204,True
16484,1.6186524260324557,1.0,434.4814601229518,379.02352763175935,0.4314875602722168,train,163.543937223597,27.7087874447194,True,5.962659844245206,26.746127600474193,True
16485,0.8934568374310554,0.8313319491863824,434.72980902870347,215.26508735816614,0.4314875602722168,train,92.88420735596073,13.576841471192147,True,5.638404172975028,12.938437298217119,False
16486,0.2798999890154945,1.0,434.4814601229518,67.41569245828819,0.8850211501121521,train,59.664313675041356,6.932862735008271,False,5.246781941297294,6.686080793710977,False
16487,0.382983911686444,0.6935460476048283,166.10810278645314,35.28071923487097,0.8614230155944824,train,30.391623555644813,1.078324711128963,False,5.324243419705663,0.7540812914232999,False
16489,0.7456331770583092,0.7969287660884893,236.4951756613154,97.15942449919706,0.6925609827041626,train,67.2888265101348,8.45776530202696,False,5.55711734202187,7.90064796000509,False
16490,0.36827667701319705,1.0,434.4814601229518,88.42513036034713,0.7656313896179199,train,67.70105543493828,8.540211086987657,False,5.313552048029383,8.226659038958275,False
16491,0.39682479243402624,1.0,434.4814601229518,95.19022863507654,0.6121262311935425,test,58.26843590084103,6.653687180168205,False,5.334201655397304,6.319485524770902,False
16492,0.2779196617848293,1.0,434.4814601229518,66.94367809761401,0.8020402789115906,train,53.691526252778075,5.738305250555616,False,5.245233491526231,5.493071759029385,False
16493,1.5512472826820065,0.9324405926109393,184.4122705055358,158.08034810426307,0.25007936656475066,train,39.53263332024939,2.9065266640498777,False,5.936582370048555,1.9699442940013228,False
16494,0.6557281806823201,1.0,434.4814601229518,156.14969105557626,0.5385205388069153,test,84.08981576178229,11.817963152356459,False,5.50424090039023,11.31372225196623,False
16495,0.7382462232809627,1.0,434.4814601229518,175.45413643059752,0.6925609827041626,test,121.51268914588482,19.302537829176966,True,5.552876687281247,18.749661141895718,True
16496,1.6214496344416263,0.9633560305409744,484.10936741344926,432.56009928495627,0.13992232456803322,train,60.52481460733033,7.104962921466067,False,5.963727460349846,6.141235461116221,False
16497,4.506430732135234,0.9850388136372533,333.83345726543286,831.6161260639147,0.018114506825804712,train,15.064315992034055,-1.9871368015931887,False,6.705916633252946,-3.693053434846135,False
16499,1.5722863659342654,0.48836167149649556,339.32637270546843,293.8318926301915,0.5066876530647277,train,148.8809920723588,24.77619841447176,True,5.944795139965375,23.831403274506386,True
16500,1.3546467099077655,0.8740304937591167,172.66004762829257,129.0413480673733,0.5385205388069153,test,69.49141628961256,8.898283257922513,False,5.856390699190398,8.041892558732116,False
16501,0.4414784620731439,1.0,434.4814601229518,105.75267438277716,0.597990345954895,train,63.239078339812274,7.647815667962455,False,5.365669296654932,7.2821463713075225,False
16502,0.23381389219965285,1.0,434.4814601229518,56.41568242197528,0.8666336059570312,train,48.89172628988314,4.778345257976628,False,5.210110097415255,4.568235160561374,False
16503,3.6166281729018674,0.970988209890618,376.96286157134494,750.2799168333097,0.018114506825804712,train,13.59095067474118,-2.281809865051764,False,6.529664605930881,-3.811474470982645,False
16507,0.2584189155606697,1.0,434.4814601229518,62.292537606275665,0.8245885014533997,train,51.3657102364884,5.27314204729768,False,5.229856104086236,5.043285943211444,False
16508,0.22926656259495184,1.0,434.4814601229518,55.32851718461709,0.8673304677009582,train,47.988108686934446,4.5976217373868895,False,5.2064177009591885,4.391204036427701,False
16509,0.6557281806823201,1.0,434.4814601229518,156.14969105557626,0.6528692960739135,train,101.94533888161314,15.38906777632263,True,5.50424090039023,14.8848268759324,True
16510,1.4722370333925945,0.825693578628812,233.16704228268298,189.90803980382378,0.41353924870491027,train,78.53442810349549,10.706885620699097,False,5.90512342229329,9.801762198405807,False
16511,1.179091632693219,0.9466781603543626,299.955511491259,195.67745258966207,0.2716831386089325,train,53.162264474559976,5.632452894911996,False,5.77890810771401,4.853544787197986,False
16515,2.687702623094867,0.9467986132169631,256.9385491156014,380.3273353837746,0.06417992524802685,test,24.40937995471189,-0.11812400905762122,False,6.305003668792213,-1.423127677849834,False
16517,0.733627793086659,1.0,434.4814601229518,174.3750549167426,0.6925609827041626,test,120.76535939223157,19.153071878446315,True,5.5502162031181115,18.602855675328204,True
16518,1.0160987096576295,0.9295916954393934,273.080584031029,153.29662046607518,0.42950822710990905,train,65.84215967832455,8.16843193566491,False,5.701164312134291,7.46726762353062,False
16519,0.811080533137903,0.8964212609209989,116.66547198352772,52.39813159052872,0.4655351758003235,train,24.39317340160527,-0.12136531967894548,False,5.593923646790479,-0.7152889664694246,False
16520,1.887579624962548,0.9781455097712046,376.51628265876343,392.77705944307826,0.0720026172697544,test,28.280976283419538,0.6561952566839082,False,6.060418651212314,-0.4042233945284055,False
16521,0.4983911153798398,0.8842872417812497,934.9874629648513,258.3688110941245,0.5019855558872223,train,129.69741126100482,20.939482252200964,True,5.404391942725358,20.535090309475606,True
16522,0.576247793577753,0.6427604799400176,327.92048138380346,104.18063981208266,0.6925609827041626,train,72.15144628700436,9.430289257400872,False,5.455047208503945,8.975242048896927,False
16523,3.656087272956102,0.9837758038312212,447.3315315250322,903.4125190079737,0.018114506825804712,train,16.36487224208737,-1.7270255515825261,False,6.53817545444507,-3.265201006027596,False
16524,0.45775490778946176,0.8776478895187084,246.2026065621684,62.53692020999801,0.6173507690429687,test,38.607215785221044,2.7214431570442095,False,5.376897517802481,2.344545639241728,False
16525,10.932884916160342,0.9957871956687843,508.7058469345161,3072.192363805657,0.018114506825804712,test,55.65124954434268,6.130249908868537,False,7.479298027174446,3.650951881694091,False
16526,0.2517941896703412,1.0,434.4814601229518,60.71116202110275,0.749724519252777,train,45.51664675954871,4.103329351909743,False,5.2245778739178395,3.8787514779919032,False
16527,0.3826379305981681,1.0,434.4814601229518,91.8295794882401,0.6173507690429687,train,56.69106151795745,6.33821230359149,False,5.323993218405693,6.014219085185797,False
16529,1.5485682610019367,0.9689158759443554,532.0043400438783,454.32338685774977,0.2360052913427353,train,107.22272327918147,16.444544655836296,True,5.935531735215371,15.509012920620926,True
16530,0.21348982199910685,1.0,434.4814601229518,51.55404251259387,0.9285996317863464,train,47.87306489429231,4.574612978858463,False,5.193500358839174,4.381112620019289,False
16531,2.7886733342920644,0.7546388020111012,200.0377654204719,305.95485503671847,0.3458006143569946,train,105.79937683720247,16.159875367440495,True,6.33201591409232,14.827859453348175,False
16532,0.8674365993685814,0.9084607919545172,1420.0151163196585,681.657538337843,0.4229379415512085,test,288.2988361074713,52.65976722149426,True,5.624566687980577,52.03520053351369,True
16534,0.22403808748353854,1.0,434.4814601229518,54.078092614076205,0.824593460559845,train,44.59244152911689,3.918488305823379,False,5.202155300831118,3.7163330049922614,False
16535,0.4381905309283901,1.0,434.4814601229518,104.97571166922667,0.7030795097351075,train,73.80627189449389,9.761254378898778,False,5.363385747690441,9.397868631208336,False
16537,0.22446466132906934,1.0,434.4814601229518,54.18012722576115,0.9260092973709106,test,50.171301543793625,5.034260308758725,False,5.202503737319541,4.831756571439184,False
16538,0.4135697059196949,0.6608926537849645,216.17024221265044,49.513446422369725,0.8008005261421204,train,39.65039394614337,2.9300787892286735,False,5.346118211346413,2.5839605778822605,False
16539,3.637452867516476,0.9673579638092655,348.94994315511804,698.4232067097815,0.031157984957098962,train,21.761459768352193,-0.6477080463295612,False,6.534165264543141,-2.181873310872702,False
16540,0.39549167078187303,1.0,434.4814601229518,94.87453510031064,0.7110795021057129,test,67.46333718163987,8.492667436327975,False,5.333246805350038,8.159420630977937,False
16541,0.19039239161819413,1.0,434.4814601229518,46.020618558921534,0.7976712703704834,train,36.70932526913038,2.3418650538260763,False,5.174282993626496,2.1675820601995808,False
16542,0.41355431316546104,1.0,434.4814601229518,99.15013258264734,0.7456257104873657,train,73.92888805185294,9.785777610370587,False,5.3461073220086055,9.439670288361981,False
16543,0.24808444562836,1.0,434.4814601229518,59.825321100652275,0.8412636280059814,train,50.328866675757524,5.065773335151505,False,5.221609932424393,4.844163402727112,False
16544,0.4397200977631999,0.8006685480642737,168.6497443229949,41.12896149567184,0.7695293068885803,train,31.649941232811457,1.3299882465622916,False,5.364448718141005,0.9655395284212869,False
16545,0.4551400754513938,1.0,434.4814601229518,108.9797460452973,0.689380156993866,train,75.1284744378587,10.02569488757174,False,5.375102167777524,9.650592719794215,False
16546,1.789063983365284,0.8827483680879413,949.6978219288876,933.6642216316368,0.2716831386089325,test,253.66082613974905,45.732165227949814,True,6.025706049710738,44.70645917823907,True
16547,0.274041986324616,1.0,434.4814601229518,66.01926090593207,0.8666336059570312,train,57.21451014152597,6.442902028305195,False,5.242194512905681,6.200707515399514,False
16548,0.24397648598685798,1.0,434.4814601229518,58.84414169866071,0.890517795085907,train,52.40175531921401,5.480351063842804,False,5.218313092198519,5.262037971644284,False
16549,0.2696288896681643,0.03182724426561353,378.2051920881772,56.21414118959455,0.3825343489646912,train,21.503839902570782,-0.6992320194858435,False,5.23872464490829,-0.9379566643941333,False
16550,4.5244855308489775,0.9905698217876866,492.2344949622861,1231.1462728435827,0.012173912674188613,test,14.987867214750564,-2.002426557049887,False,6.709190126479778,-3.711616683529665,False
16551,1.2609889863785646,0.9109694130263564,338.5299167524386,236.4226576753723,0.3084963262081146,train,72.93552132521107,9.587104265042214,False,5.815802322155514,8.7713019428867,False
16552,1.0799433053241985,0.9275087418467615,311.4244079272836,184.69151956857002,0.4563009440898895,train,84.2749147445348,11.854982948906962,False,5.732340636286073,11.122642312620888,False
16553,4.739992618113064,0.9827237511078387,1063.0936186956803,2781.399073011058,0.0,train,0.0,-5.0,False,6.747457924287628,-6.747457924287628,False
16554,1.9276645076319225,0.9712389358841742,321.3412134222282,342.79312859752974,0.04874680265784263,test,16.710068992208253,-1.6579862015583493,False,6.07420500880739,-2.732191210365739,False
16555,0.3029263204105105,1.0,434.4814601229518,72.899909557736,0.6423507690429687,train,46.827312967574585,4.365462593514918,False,5.264612750427654,4.100849843087264,False
16556,3.9557447888421833,0.98483269242224,472.4625550415123,1033.2204418321155,0.0,test,0.0,-5.0,False,6.600547467049958,-6.600547467049958,False
16558,7.431880115833132,0.9917029476567562,325.7198068905048,1337.501674079161,0.005940594151616097,train,7.945554622811402,-3.4108890754377192,False,7.132019773936208,-5.542908849373927,False
16559,0.4194494144168532,1.0,434.4814601229518,100.54473862334075,0.7466461181640625,test,75.07133879493765,10.014267758987529,False,5.350269060097844,9.663998698889685,False
16560,1.6628706266205573,0.8473914172223549,345.2681288230621,317.77369184586195,0.28706775307655336,test,91.22257970503266,13.244515941006533,False,5.979404723834371,12.265111217172162,False
16562,0.32733507927621663,1.0,434.4814601229518,78.70529279208232,0.7894243240356446,test,62.13187256041707,7.426374512083415,False,5.2831732323493865,7.143201279734028,False
16563,1.1417678952320098,0.8409724732024824,685.2958057085332,433.4473022808934,0.3236829400062561,train,140.29949714005997,23.059899428011995,True,5.761631607252351,22.298267820759644,True
16564,0.260129977776205,1.0,434.4814601229518,62.700873079127646,0.8850211501121521,train,55.491598805525626,6.098319761105126,False,5.231214872608315,5.867104888496811,False
16565,1.2393389789394829,0.821969234673518,171.89911978350625,117.58219095998126,0.5882226228713989,train,69.16450476944587,8.832900953889174,False,5.806180723629032,8.026720230260143,False
16566,1.6108808703313855,0.9478560423781817,230.0754810706308,202.20451299908544,0.4070945978164673,train,82.31636489603731,11.463272979207463,False,5.95968766260615,10.503585316601313,False
16567,1.289055271759347,0.9479889795744513,330.77367897966366,233.55177426586295,0.28706775307655336,train,67.04518306554367,8.409036613108734,False,5.82813918736276,7.580897425745974,False
16568,0.49971476888145216,0.8750023811750439,523.9056403821343,145.13723492941432,0.613222622871399,train,89.00143587971787,12.800287175943577,False,5.405274935947554,12.395012239996024,False
16569,0.20250788320491128,0.1853831206230333,311.9191607080705,35.00387306181139,0.7314412713050842,train,25.603277412933114,0.12065548258662329,False,5.18440927865605,-0.06375379606942655,False
16570,3.755733797281189,0.9797786526698333,453.45609074829446,939.330379213862,0.005940594151616097,test,5.580180557193199,-3.88396388856136,False,6.559351005285845,-5.443314893847205,False
16571,2.4769689023050803,0.9202290368823538,408.7731182887877,558.9932563734469,0.08939392194151878,train,49.97059952608331,4.994119905216664,False,6.246160909156301,3.7479589960603628,False
16572,0.7429234529484452,1.0,434.4814601229518,176.54679730974513,0.5882226228713989,train,103.84882017308351,15.769764034616703,True,5.5555638487338355,15.214200185882866,True
16573,0.6784710644983474,1.0,434.4814601229518,161.4754827025583,0.6423507690429687,train,103.72390049557292,15.744780099114585,True,5.517883298384594,15.226896800729993,True
16574,0.48809185671200594,0.8822466511300008,290.91909991796234,78.74492488920187,0.5882226228713989,train,46.31954625613763,4.263909251227526,False,5.397494666166875,3.8664145850606513,False
16576,0.6057496330696049,0.8188421133504915,335.22565109044257,112.23669236472703,0.597990345954895,train,67.11645849601624,8.423291699203247,False,5.4735907086454505,7.949700990557797,False
16577,0.21426581057628152,1.0,434.4814601229518,51.73978827961377,0.8850211501121521,train,45.790806929783024,4.158161385956605,False,5.194139623016499,3.9640217629401064,False
16578,0.2310640861327825,1.0,434.4814601229518,55.75830474151076,0.945351755619049,train,52.71121127772915,5.54224225554583,False,5.207878906068824,5.334363349477005,False
16579,0.3813984418325081,1.0,434.4814601229518,91.53584844835994,0.7379132986068726,train,67.54551986930807,8.509103973861613,False,5.32309634970953,8.186007624152083,False
16583,0.4890838835954524,0.9084358107966521,269.61850407301336,73.14806889942106,0.7030795097351075,train,51.42890841987482,5.285781683974966,False,5.398161087639232,4.887620596335734,False
16584,1.15760259790219,0.952016540711669,619.8402599557674,397.10070485832017,0.26168313920497893,train,103.91455902783505,15.78291180556701,True,5.76899769691301,15.013914108654001,True
16585,0.3709070290610295,0.7160819509685126,285.0487278529189,58.67220696488222,0.8437323331832886,train,49.50363807549287,4.900727615098575,False,5.315472585779734,4.585255029318841,False
16586,0.8800290323136956,0.9489588139060873,554.1862914486543,269.98284403104225,0.4820390582084656,train,130.14227586916667,21.028455173833336,True,5.631287219442671,20.397167954390667,True
16587,1.021755769579074,1.0,434.4814601229518,241.42631614662875,0.48365222811698916,train,116.76637573039363,18.35327514607873,True,5.703966326744673,17.649308819334056,True
16588,1.1431540937864848,0.7907966599637223,385.0924669251069,243.1054348256389,0.4420757949352264,train,107.4710283536182,16.49420567072364,True,5.762278619546337,15.731927051177305,True
16589,0.3528292375393002,1.0,434.4814601229518,84.76032574152529,0.75689857006073,train,64.15496935164218,7.830993870328436,False,5.302198130979048,7.5287957393493885,False
16590,0.6835748019900829,0.6805031632660496,315.2860632940948,118.62780511923381,0.6925609827041626,test,82.15698928941445,11.431397857882892,False,5.5209193910584435,10.910478466824449,False
16592,3.4331023458642513,0.9834705393588316,412.65439172823164,783.187386952694,0.012173912674188613,train,9.534454856288065,-3.0931090287423872,False,6.489099642765584,-4.5822086715079715,False
16593,1.914055321222677,0.9801430833334309,162.7775675697579,172.45143509871806,0.3084963262081146,train,53.20063417727164,5.640126835454328,False,6.069545692226534,4.570581143227795,False
16595,1.014523953531044,0.8800305176435842,307.60827153025843,172.82087787934123,0.3161782681941986,train,54.64220587569119,5.928441175138239,False,5.700382916137542,5.228058259000697,False
16596,0.7161747184079515,0.9115144762708781,148.37196848670513,58.93219863612713,0.4870166540145874,train,28.700962193489666,0.7401924386979335,False,5.540097813136797,0.20009462556113622,False
16598,0.6986700184791057,1.0,434.4814601229518,166.20213172596218,0.7030795097351075,train,116.85331329081923,18.370662658163848,True,5.529845602801791,17.84081705536206,True
16599,0.4381905309283901,1.0,434.4814601229518,104.97571166922667,0.7456257104873657,train,78.27258959728398,10.654517919456797,False,5.363385747690441,10.291132171766357,False
16600,2.4823720326127154,0.9572742378152224,165.79173532919376,227.62986720272224,0.1834057942032814,train,41.74863657870275,3.34972731574055,False,6.247713680156827,2.102013635583723,False
16601,0.5275889116613712,0.8922225114243194,379.1550554542749,110.85426573083232,0.597990345954895,train,66.28978071495628,8.257956142991256,False,5.423690617676588,7.8342655253146685,False
16602,0.4333496426884885,1.0,434.4814601229518,103.83155531188956,0.7229745268821717,train,75.06756957705339,10.013513915410678,False,5.360014112586546,9.653499802824133,False
16604,0.3112284998493244,0.46939240731843235,181.31695778737043,31.23332074916296,0.7833609819412232,test,24.466964811349477,-0.10660703773010383,False,5.2709644839108725,-0.3775715216409763,False
16605,0.19383519676945854,1.0,434.4814601229518,46.845988727448706,0.8850211501121521,test,41.45969082170757,3.2919381643415146,False,5.177170979287692,3.1147671850538226,False
16606,0.6817634463115558,0.7241240834159202,176.35665736928144,66.24127314720803,0.6692270278930664,train,44.33045035215882,3.866090070431765,False,5.5198429133199225,3.3462471571118426,False
16607,6.2359597232746475,0.9798347428238219,239.48243799859716,822.4114631548579,0.018114506825804712,test,14.897578062938713,-2.020484387412257,False,6.979063001358719,-3.9995473887709765,False
16608,0.473946696540674,0.8645611882874281,571.2293660237975,150.15195486735774,0.5698892951011658,train,85.56999171742056,12.113998343484113,False,5.387943630657822,11.72605471282629,False
16609,3.350436531524039,0.9516314319791178,687.2472577342259,1246.697707906858,0.11895914003252983,train,148.30608721312592,24.661217442625187,True,6.470276192140152,23.190941250485036,True
16610,1.1529831783914628,1.0,434.4814601229518,271.80843727589195,0.6458616375923156,train,175.55064241041578,30.110128482083155,True,5.766854405249735,29.34327407683342,True
16611,1.91624023035098,0.9781347708633334,305.28516864041404,323.24229470534095,0.1316616103053093,test,42.55860103968854,3.5117202079377083,False,6.07029519427536,2.4414250136623483,False
16612,1.909147577737163,0.9807738108423809,378.02494742113805,399.4792873486109,0.12470508813858032,test,49.817099738345775,4.963419947669156,False,6.067860109658776,3.8955598380103797,False
16614,0.5653709039182512,0.8714862413199667,390.1415059670663,122.10805889648456,0.5517722427845001,train,67.37583751937512,8.475167503875026,False,5.448122795221003,8.027044708654023,False
16615,0.2310640861327825,1.0,434.4814601229518,55.75830474151076,0.8850211501121521,test,49.34727899063572,4.869455798127145,False,5.207878906068824,4.661576892058321,False
16617,0.9956340895720274,1.0,434.4814601229518,235.36793180996227,0.6360939145088196,train,149.71610909484383,24.943221818968766,True,5.690961839226065,24.2522599797427,True
16618,2.2047137763700686,0.947710745924955,364.25365539097453,438.39918480078154,0.11969987973570824,train,52.47632969688608,5.495265939377218,False,6.164622781039921,4.330643158337296,False
16619,1.1658871627839091,0.9483283298185742,322.5535155674553,208.09548630515613,0.28706775307655336,train,59.73750367899385,6.947500735798771,False,5.77283005247755,6.174670683321221,False
16620,1.2969685889347764,0.9552961592343167,224.84344746863854,161.54145032253905,0.26168313920497893,train,42.272673832127175,3.4545347664254358,False,5.831590248791856,2.62294451763358,False
16621,1.7306338261733594,0.9314512985578878,347.0155882825281,327.1030947634502,0.28706775307655336,train,93.90075043813056,13.780150087626112,True,6.0045337530088805,12.775616334617231,False
16622,0.27596718892540595,1.0,434.4814601229518,66.47824660687974,0.8473928213119507,train,56.33318894807543,6.266637789615087,False,5.243704470583684,6.022933319031403,False
16623,1.3243874823886406,0.9519789801970344,274.0622239729472,200.53882989789284,0.3084963262081146,test,61.86549228557396,7.373098457114793,False,5.843456555895692,6.529641901219101,False
16624,1.4744964672971808,1.0,434.4814601229518,345.9206343047218,0.4314875602722168,train,149.2604505439621,24.85209010879242,True,5.906036927765697,23.946053181026723,True
16625,1.830358065663282,0.9276331243085095,350.6016836740757,353.7951508543714,0.2009523794054985,test,71.09597738631322,9.219195477262645,False,6.040403228620895,8.178792248641749,False
16626,1.8979576124349367,0.9515802217491214,566.9741661610093,585.3100175105677,0.14231883808970452,train,83.3006416143686,11.660128322873721,False,6.064006217302542,10.59612210557118,False
16628,1.2148263029255886,0.9626037549747796,267.22008502574266,179.5764419205288,0.28706775307655336,train,51.55060568760838,5.310121137521676,False,5.7951739818784525,4.514947155643224,False
16630,0.40501653221701633,1.0,434.4814601229518,97.1296353025816,0.7758354663848877,train,75.35661590477245,10.071323180954492,False,5.340049069418985,9.731274111535507,False
16631,0.5780398243177182,0.30175639937982623,310.8601274041212,99.32818513490363,0.7317073464393615,train,72.67916277169797,9.535832554339596,False,5.456183459315444,9.079649095024152,False
16632,0.49846670261328085,0.773337544693656,243.83314074261904,67.29069393849,0.802752697467804,train,54.01778607360325,5.80355721472065,False,5.404442387049412,5.399114827671238,False
16633,1.004190567638397,1.0,434.4814601229518,237.35283801891944,0.4420757949352264,train,104.92794454734585,15.985588909469172,True,5.69524027233344,15.290348637135732,True
16634,1.7390751913484264,0.9686242073000086,276.1497827715264,265.6529305625114,0.14499494433403015,test,38.51833187908332,2.703666375816664,False,6.007620342021125,1.6960460337955388,False
16635,0.4064148821817471,1.0,434.4814601229518,97.46061803397373,0.6813801646232605,test,66.40773196027372,8.281546392054745,False,5.341043829648866,7.940502562405879,False
16636,0.9315951520527118,0.7451600417414056,803.1710714744116,413.96326835339573,0.4504091262817383,train,186.45283401178574,32.29056680235715,True,5.658346165204984,31.632220637152166,True
16637,1.088431117051262,1.0,434.4814601229518,256.87396099781785,0.4420757949352264,train,113.55776050627067,17.711552101254135,True,5.736413122391189,16.975138978862944,True
16638,4.254409478390568,0.8839018246570254,203.78272212095783,475.90298757387666,0.11969987973570824,test,56.96553037845729,6.393106075691458,False,6.659067624730182,4.734038450961276,False
16639,1.564850467440392,0.9552147872444716,255.24061157399785,219.37087375703092,0.2716831386089325,train,59.59936750169407,6.919873500338815,False,5.941900179629185,5.97797332070963,False
16640,0.4194494144168532,1.0,434.4814601229518,100.54473862334075,0.7379132986068726,train,74.1932997351152,9.838659947023041,False,5.350269060097844,9.488390886925197,False
16641,0.2014522004933822,1.0,434.4814601229518,48.67134158727782,0.8666336059570312,train,42.18022026654899,3.4360440533097982,False,5.183530992209824,3.2525130610999744,False
16642,0.946375018658898,0.9452748462334462,330.51951482600873,172.17136409348808,0.4655351758003235,test,80.15182625104347,11.030365250208696,False,5.665968677765938,10.364396572442757,False
16643,0.9112478603118912,0.9314396265017557,477.9183262580684,239.7944777164261,0.48857060074806213,train,117.15653203398209,18.43130640679642,True,5.647756358737626,17.783550048058792,True
16644,1.23879263504472,1.0,434.4814601229518,291.6307183703359,0.3084963262081146,train,89.96700522668195,12.993401045336391,False,5.805936718340858,12.187464326995533,False
16645,0.19039239161819413,1.0,434.4814601229518,46.020618558921534,0.9335925817489624,train,42.96450809410777,3.5929016188215552,False,5.174282993626496,3.4186186251950597,False
16646,0.3538894532033067,1.0,434.4814601229518,85.01195155249373,0.6173507690429687,test,52.4821936687756,5.49643873375512,False,5.302981526550856,5.193457207204264,False
16647,1.0772156386520146,0.9587522731756729,183.29957112795682,109.04676580664673,0.39631509184837344,train,43.21687900642927,3.6433758012858544,False,5.731028361677197,2.9123474396086575,False
16648,0.5225190627495278,0.8262948618023649,184.227547288893,53.305883218504,0.6173507690429687,train,32.90842799945813,1.5816855998916255,False,5.420366241212877,1.1613193586787487,False
16649,0.2916779974718079,1.0,434.4814601229518,70.22182515883698,0.8163737654685974,train,57.32725582299723,6.465451164599447,False,5.255942146334963,6.209509018264484,False
16650,0.7712843930239776,0.3690458620305709,202.7877084149132,86.16701656846539,0.6482005596160889,train,55.85350836012807,6.170701672025615,False,5.571704929208396,5.598996742817219,False
16651,0.2507229797071835,1.0,434.4814601229518,60.45539221500922,0.9135925769805908,train,55.23159756608262,6.046319513216524,False,5.223721767880534,5.82259774533599,False
16652,3.306444953625855,0.976163867339697,1353.3762078201505,2469.4292883931043,0.018114506825804712,train,44.73249370043896,3.946498740087792,False,6.46011272700491,2.486386013082882,False
16654,2.381800120494538,0.9803559938623673,200.2934017293503,263.31720776867786,0.09515453986823559,train,25.055827744617133,0.011165548923426805,False,6.218408147752488,-1.207242598829061,False
16655,2.7517391736057393,0.9845157663029948,444.1459326084018,675.3307418868061,0.018114506825804712,test,12.233283333584309,-2.553343333283138,False,6.322219512097985,-3.875562845381123,False
16656,5.404536669206965,0.9899475476335555,630.443362693095,1883.09513795832,0.018114506825804712,train,34.111339730185655,1.8222679460371314,False,6.857006593810482,-0.03473864777335045,False
16657,0.8570347707827123,1.0,434.4814601229518,203.15745771346107,0.4572018444538116,train,92.88396438114164,13.576792876228328,True,5.618981006364747,12.957811869863582,False
16658,1.375891516469823,0.8205408649661764,153.0337338330989,116.34330992184434,0.597990345954895,train,69.57217614970126,8.914435229940253,False,5.865372742406617,8.049062487533636,False
16659,1.6416109612261767,1.0,434.4814601229518,384.2892118072323,0.6675609827041626,train,256.53648387664407,46.307296775328815,True,5.971388943639902,45.335907831688914,True
16660,1.4158072805643687,0.9694566538617884,225.15152161465593,176.4350140421537,0.28706775307655336,train,50.64880304511121,5.129760609022242,False,5.88203350891261,4.247727100109632,False
16661,0.6043193541366294,0.5523156445577635,231.65835513673298,77.57496302166643,0.7239949345588684,train,56.16388027627803,6.232776055255606,False,5.47269958821575,5.760076467039855,False
16662,0.42398246121480393,1.0,434.4814601229518,101.61685279747078,0.7466461181640625,test,75.8718286812805,10.174365736256101,False,5.353457496351297,9.820908239904805,False
16663,0.1922549673774247,1.0,434.4814601229518,46.467173852002496,0.8850211501121521,train,41.12443164496057,3.224886328992115,False,5.175846444576634,3.049039884415481,False
16664,0.260129977776205,1.0,434.4814601229518,62.700873079127646,0.8850211501121521,train,55.491598805525626,6.098319761105126,False,5.231214872608315,5.867104888496811,False
16665,0.47924394304334217,1.0,434.4814601229518,114.66854396944551,0.7646109819412231,test,87.67682800224804,12.535365600449609,False,5.391531107953028,12.14383449249658,False
16666,0.23335105154787095,1.0,434.4814601229518,56.30504269419775,0.8850211501121521,train,49.83115364233272,4.966230728466545,False,5.209734896998772,4.756495831467773,False
16667,0.7028556480641771,1.0,434.4814601229518,167.1811939738532,0.6925609827041626,train,115.783171988187,18.1566343976374,True,5.532306634766844,17.624327762870557,True
16668,2.6200468682988323,0.9733963116951415,87.97649587785504,127.25474178187201,0.1757162556052208,train,22.360726733919794,-0.5278546532160409,False,6.286486972797744,-1.8143416260137846,False
16670,3.580494058288754,0.9571160310425142,433.23131224229553,857.591637587912,0.018114506825804712,train,15.534849572839272,-1.8930300854321453,False,6.521806865297032,-3.4148369507291774,False
16672,10.161338910050326,0.9840658766824648,374.0163103508078,2051.391229911111,0.05441379956901073,train,111.62399122200962,17.324798244401926,True,7.412455923775704,14.912342320626221,False
16673,0.20932045625905193,1.0,434.4814601229518,50.55586320564049,0.9585925817489624,train,48.4624754328423,4.69249508656846,False,5.19005859545123,4.50243649111723,False
16675,0.5831555047303884,0.704834786162066,325.6576005319141,104.81593238128089,0.6423507690429687,train,67.32859477307159,8.465718954614317,False,5.4594200102690245,8.006298944345293,False
16676,2.672402878269076,0.9602909970173021,366.44854378498735,537.00884101094,0.06137032173573971,train,32.95640534777809,1.5912810695556177,False,6.300846183044065,0.29043488651155247,False
16677,0.49647250315281205,0.8874876201970971,584.4049077954801,160.88186685886956,0.5882226228713989,train,94.63435369617144,13.926870739234289,True,5.403110674037441,13.523760065196848,True
16678,4.8541467984752975,0.9629048114864279,248.80450662542464,654.8227888568877,0.13992232456803322,train,91.62432679697812,13.324865359395627,False,6.767150264565343,11.557715094830284,False
16679,0.9563890717766187,0.857148921999993,257.4976383924255,136.01939881124036,0.4572018444538116,train,62.18832001799769,7.437664003599538,False,5.671100463783503,6.766563539816035,False
16680,0.3596999369097233,0.5018011466722881,158.15522443018,31.456935042945247,0.6718820452690124,train,21.135349854548522,-0.7729300290902952,False,5.3072640407793585,-1.0801940698696537,False
16681,1.2190242117752421,0.9659303312989618,301.6575052012315,203.41940649834388,0.28706775307655336,train,58.39515195564561,6.679030391129123,False,5.797067555010914,5.881962836118209,False
16682,1.689566317403206,1.0,434.4814601229518,395.2827463021462,0.4194505214691162,train,165.8015540641796,28.160310812835924,True,5.989379960320153,27.17093085251577,True
16683,0.282584795485485,1.0,434.4814601229518,68.05552925054121,0.8071539163589477,train,54.93128696445526,5.986257392891053,False,5.248877413214743,5.7373799796763105,False
16684,7.722533680823844,0.985506775336588,3985.976380985319,17005.82156166212,0.0,train,0.0,-5.0,False,7.1659097554440905,-7.1659097554440905,False
16686,3.082323838120776,0.9847705771479245,298.27568129614446,508.4548875994998,0.018114506825804712,train,9.210409532034907,-3.1579180935930182,False,6.406666394440544,-4.564584488033562,False
16687,0.43018149742183853,1.0,434.4814601229518,103.08261445744317,0.7458747982978821,train,76.88672426646377,10.377344853292755,False,5.357801357492006,10.019543495800749,False
16690,1.3738477896434242,0.9582019633229693,118.73779201641544,89.78095223517583,0.42228121161460874,train,37.91280928978337,2.582561857956674,False,5.864512178564767,1.718049679391907,False
16691,0.572062964463803,0.84944738270009,195.41896889334092,61.86006602144029,0.6772434949874878,train,41.894327312516964,3.378865462503393,False,5.452388746935039,2.926476715568354,False
16692,1.8863561177740489,0.9279206291377914,400.3172354767165,414.93783627976956,0.21586881279945375,test,89.57213810328795,12.914427620657591,False,6.059994847671254,11.854432772986337,False
16693,1.1598048904057117,0.9451219159798881,231.2204333974885,148.3970488755431,0.3161782681941986,train,46.919921918599066,4.383984383719813,False,5.770017889100334,3.613966494619479,False
16694,0.19415436683985096,1.0,434.4814601229518,46.92249536430957,0.9335925817489624,train,43.80649358926949,3.761298717853899,False,5.177438292074276,3.5838604257796227,False
16695,0.2648056887404887,1.0,434.4814601229518,63.81647940324122,0.8294466137886047,train,52.93236274492867,5.586472548985734,False,5.23491850464217,5.351554044343564,False
16696,3.424090266891399,0.9439231679755941,278.8245145569667,516.5966772126372,0.1834057942032814,test,94.74682386695994,13.949364773391988,True,6.487064667920421,12.462300105471567,False
16697,0.9472272716688626,1.0,434.4814601229518,224.13098836987834,0.6173507690429687,train,138.36743803650506,22.673487607301013,True,5.666406448734839,22.007081158566173,True
16698,1.9916031611488205,0.9117199320992486,747.2421418511157,808.0250983987263,0.2716831386089325,test,219.52679480775748,38.9053589615515,True,6.095809418009781,37.80954954354172,True
16699,1.5608695783759197,0.8005467642578146,153.16146213954787,132.32929336819873,0.4870166540145874,train,64.44656968429487,7.889313936858976,False,5.940346879866696,6.94896705699228,False
16700,4.502730213956143,0.9858051203176337,419.1375439294462,1043.2816785664647,0.0,train,0.0,-5.0,False,6.705244371608925,-6.705244371608925,False
16701,5.383499217605675,0.9908346414090862,353.13442997269,1050.749329134829,0.012173912674188613,train,12.791730575349677,-2.4416538849300644,False,6.85371641371316,-4.295370298643224,False
16702,0.9182617938046902,0.8530349319600662,305.437297801662,155.43919767302935,0.4304091274738312,train,66.90244944568094,8.38048988913619,False,5.651419460267184,7.729070428869005,False
16704,0.32550974818281897,0.603544721958318,178.11940875752785,32.162627133792746,0.7989753842353821,train,25.697147372241385,0.1394294744482778,False,5.281797101063784,-0.14236762661550628,False
16705,5.124213698949221,0.9837672932547739,1912.605714618844,5416.281593586517,0.0,test,0.0,-5.0,False,6.812250372508169,-6.812250372508169,False
16707,1.038303563456056,0.8211643414304952,143.03666075655673,82.15512842914781,0.5385205388069153,train,44.242224027416,3.848444805483201,False,5.712117875355078,3.1363269301281225,False
16709,3.092813402615257,0.9833521475683294,671.0380252049655,1147.7071616850749,0.018114506825804712,train,20.79014921436924,-0.841970157126152,False,6.409232607078234,-2.251202764204386,False
16710,5.0836429450312695,0.9838614815445701,278.6715163780828,782.9989970918089,0.005940594151616097,train,4.651479262844869,-4.069704147431026,False,6.805603685138914,-5.87530783256994,False
16711,1.5395945341306545,0.9321250629364868,301.062760009757,256.6555260635252,0.32516299486160277,train,83.454879502596,11.690975900519202,False,5.932004436055839,10.758971464463364,False
16712,2.216618644911486,0.9569913170245798,401.7831862634078,488.3186778704435,0.09635044410824775,train,47.049721479169605,4.409944295833922,False,6.168330697528285,3.241613598305637,False
16713,6.695335625130824,0.9502853751377561,402.5413297742136,1488.8815405309062,0.018114506825804712,train,26.970354828761735,0.39407096575234757,False,7.040614382341099,-1.6465434165887514,False
16714,0.501305524579699,0.9261338938661028,991.6168761677252,275.7346869656352,0.622990345954895,train,171.78004802448575,29.356009604897153,True,5.406335079293268,28.949674525603886,True
16715,0.26421204424989764,1.0,434.4814601229518,63.67485642857345,0.8163737654685974,test,51.98248230826683,5.396496461653367,False,5.234449038181931,5.162047423471436,False
16716,0.883135786437843,0.9431737773270955,448.9800094312212,219.4770226614294,0.4572018444538116,train,100.34529957603654,15.069059915207308,True,5.632938358831775,14.436121556375532,True
16717,1.6288315112409948,0.8313842174268612,456.10817369159236,411.20330328763487,0.26007936596870423,train,106.94549440328487,16.389098880656974,True,5.9665394551588005,15.422559425498173,True
16718,1.2049445440652915,0.8804130151864111,581.4748185006597,388.0937823850115,0.28706775307655336,train,111.40921009224611,17.281842018449225,True,5.7907023584987725,16.491139659950452,True
16719,3.0638478304040753,0.9678388079287575,241.1854240338426,408.6156268193753,0.018114506825804712,test,7.401870561150044,-3.5196258877699913,False,6.402130266269079,-4.921756154039071,False
16720,0.4519362202980987,0.9130761184557792,286.23756018452707,71.81861696592792,0.622990345954895,train,44.742305029605525,3.9484610059211054,False,5.372897990023322,3.5755630158977834,False
16721,0.8096376790891622,1.0,434.4814601229518,192.1152042067168,0.5204034864902496,test,99.97742207696169,14.99548441539234,True,5.593126647940779,14.402357767451562,True
16722,3.931925886247642,0.9852100588453273,391.6601838026007,851.4269567552718,0.005940594151616097,train,5.057981999828659,-3.9884036000342684,False,6.5957295580698965,-5.584133158104165,False
16723,0.4309041254440995,0.8892120676934464,265.5846729892126,63.54863513498227,0.5882226228713989,test,37.380744838996804,2.476148967799361,False,5.358306500037794,2.117842467761567,False
16724,0.40924080914323396,1.0,434.4814601229518,98.1294317994375,0.7466461181640625,train,73.26795933069512,9.653591866139024,False,5.343051126151101,9.310540739987923,False
16725,3.0070266709714235,0.8684501890175056,140.6010132283301,233.76378836811995,0.3271757125854492,train,76.48183403601378,10.296366807202757,False,6.388049487726546,8.908317319476211,False
16726,2.762336344201572,0.9697731523184964,297.52761771864283,450.50227596340324,0.05441379956901073,train,24.513540549655787,-0.09729189006884198,False,6.32504013257127,-1.422332022640112,False
16727,1.0322098507339421,0.8907243476222696,294.51099511611227,168.33671940413646,0.3422629237174988,train,57.61541775227195,6.523083550454391,False,5.709123797382933,5.813959753071458,False
16728,1.8236545932271317,0.9021038265478404,162.2054532013128,160.8545771120026,0.3161782681941986,train,50.85872162238316,5.171744324476633,False,6.03803200097018,4.133712323506453,False
16729,10.66780013882224,0.9738143360567686,374.8842588343283,2150.889045107479,0.05441379956901073,train,117.03804539565925,18.407609079131852,True,7.456832922858279,15.950776156273573,False
16730,1.3614150116859929,0.9239234540225928,319.1969117229013,237.69889837681836,0.28706775307655336,test,68.23568866580524,8.647137733161049,False,5.859261020583393,7.787876712577656,False
16731,0.22151233264733972,1.0,434.4814601229518,53.473882118840784,0.8673304677009582,test,46.37952718792008,4.275905437584017,False,5.200089707978518,4.075815729605499,False
16732,0.6973933261816218,0.8904948552071762,1390.4665356768182,537.8183545481155,0.35632161498069764,train,191.63630465884594,33.32726093176919,True,5.529093736756869,32.79816719501232,True
16733,0.28532166407194176,1.0,434.4814601229518,68.70766559995629,0.8473928213119507,train,58.22238259850502,6.644476519701005,False,5.251009009256774,6.393467510444231,False
16735,2.7489613554223933,0.9660000438528672,517.5678378802105,786.9431515950023,0.018114506825804712,train,14.25508709108794,-2.1489825817824117,False,6.321478829731161,-3.470461411513573,False
16736,0.7597461563554857,0.5577903819653545,432.72714159895173,182.12211419117418,0.6708616375923157,test,122.17873976806582,19.435747953613166,True,5.565169569304534,18.870578384308633,True
16737,0.25561666996876076,1.0,434.4814601229518,61.623700973189976,0.7239949345588684,train,44.615247353359955,3.923049470671991,False,5.227626822393835,3.6954226482781563,False
16738,0.6520856971140112,1.0,434.4814601229518,155.2963295601287,0.7748150587081909,train,120.32593470529768,19.065186941059537,True,5.502038548519687,18.56314839253985,True
16739,0.28056639132092276,1.0,434.4814601229518,67.57451769369413,0.7239949345588684,test,48.92360851549318,4.784721703098636,False,5.247302473279742,4.5374192298188945,False
16740,0.4224605755010302,1.0,434.4814601229518,101.25693657534812,0.7110795021057129,train,72.0017320447483,9.400346408949659,False,5.352388171696518,9.047958237253141,False
16741,0.2315178832190167,1.0,434.4814601229518,55.86679932311869,0.9614406824111938,test,53.71261366534846,5.742522733069691,False,5.208247459966334,5.534275273103357,False
16742,0.03766180156342464,0.00996742229687661,180.88152580438367,3.766896474136439,0.7002733945846558,train,2.6378573809924952,-4.472428523801501,False,5.036969914277407,-4.509398438078907,False
16743,3.5503916960486332,0.9756315414263524,308.8730725529603,604.5535336557035,0.018114506825804712,train,10.9511891119706,-2.80976217760588,False,6.515213316301239,-4.324975493907118,False
16745,7.504428819282621,0.9424844902527825,417.35445821588473,1700.0022766725695,0.0718051042407751,train,122.06884068602885,19.41376813720577,True,7.1405870653659935,17.27318107183978,False
16746,8.892867226539753,0.9916369839872144,462.1112519440166,2270.2501347087637,0.005940594151616097,test,13.486634672956537,-2.302673065408692,False,7.291814015300833,-4.594487080709525,False
16748,3.3679561246202043,0.9774675198865843,270.01973181867015,502.83648027104755,0.018114506825804712,train,9.108634854133507,-3.1782730291732983,False,6.474295193662348,-4.652568222835646,False
16749,0.3728543681615917,0.7557950811939953,1565.6179212427392,324.09997526344296,0.7469970345497131,train,242.10172041942727,43.42034408388545,True,5.316892052814662,43.10345203107079,True
16750,1.021755769579074,1.0,434.4814601229518,241.42631614662875,0.597990345954895,train,144.37060631513836,23.874121263027675,True,5.703966326744673,23.170154936283,True
16752,0.46048425696745904,1.0,434.4814601229518,110.24156892184914,0.7389337062835694,train,81.46121110993754,11.292242221987507,False,5.378768063580072,10.913474158407436,False
16754,0.1780864086508532,0.027696011326637543,3468.8386084775602,340.7955177044882,0.5796570181846619,train,197.54451360328176,34.50890272065635,True,5.1638914345349,34.34501128612145,True
16755,1.6174779036833293,0.9683099534121886,418.7097162710965,374.954954356079,0.11969987973570824,train,44.88206294273063,3.9764125885461254,False,5.962211221963152,3.0142013665829737,False
16756,2.2366543475662963,0.9722000009583759,182.36348904623702,225.30059350294363,0.18175366371870041,test,40.94920830715763,3.1898416614315277,False,6.174540187520661,2.015301473910867,False
16757,0.8937815247582603,0.8748737296665086,165.80474557080234,81.545949686394,0.6675609827041626,train,54.43689430819338,5.887378861638677,False,5.638575636874021,5.248803224764655,False
16760,0.3753197360068338,1.0,434.4814601229518,90.09506013842393,0.7180182814598084,train,64.68990024860923,7.937980049721848,False,5.318686239364094,7.619293810357753,False
16763,0.4582571320822761,0.9502236532752224,579.8627484043731,147.56193358030168,0.5400584876537323,train,79.69207468463823,10.938414936927646,False,5.377241977489831,10.561172959437815,False
16765,0.9994631490064926,0.8883788996160548,106.0925671494148,58.26171680278644,0.40339785218238833,test,23.502651422702613,-0.29946971545947765,False,5.692878719030619,-0.992348434490097,False
16766,0.7524588779170472,1.0,434.4814601229518,178.77390328403865,0.5882226228713989,train,105.15885429069502,16.031770858139005,True,5.561019874839349,15.470750983299656,True
16767,2.4619257029019437,0.9687107680309247,713.1271695239614,968.4567098202956,0.018114506825804712,train,17.54311568053612,-1.4913768638927762,False,6.2418249957790595,-2.7332018596718357,False
16768,1.859782998998985,0.9492840583928952,204.8594842275608,210.87341223191038,0.16521738916635514,train,34.83995461355677,1.9679909227113548,False,6.050745747477269,0.9172451752340862,False
16769,0.7503579273803291,0.9488143735610818,368.5154265890437,153.3468603921838,0.4905886769294739,train,75.23023335109019,10.04604667021804,False,5.559820296953645,9.486226373264394,False
16770,3.6458835873876816,0.9444036721863466,221.3130285235793,443.0641803316553,0.07876162640750409,train,34.896455445828856,1.9792910891657716,False,6.535981577509907,0.4433095116558645,False
16771,2.1340424739263057,0.9440651855871854,446.3255259206713,527.0208236090161,0.08939392194151878,train,47.11245836725933,4.422491673451866,False,6.1423236964668515,3.2801679769850143,False
16772,0.6949180699541377,0.872962591855648,1304.9382838847125,502.8599418252565,0.4655351758003235,train,234.09899142056122,41.819798284112245,True,5.527634403353934,41.29216388075831,True
16773,0.43364591648223516,0.8919859557145843,169.96155930959708,40.92559876116821,0.7030795097351075,train,28.773949912617866,0.7547899825235733,False,5.3602207915218205,0.3945691910017528,False
16774,0.9666740159904968,0.7949886057492561,200.8485419927169,107.45276633302775,0.48365222811698916,train,51.969769854303074,5.393953970860615,False,5.676343799180902,4.717610171679713,False
16775,4.656086880726903,0.9725516310532083,220.0073045249166,561.4358755737819,0.0718051042407751,train,40.31396157008625,3.0627923140172495,False,6.73273228928374,1.33006002473351,False
16776,0.3941674930227116,1.0,434.4814601229518,94.56093864391492,0.7030795097351075,train,66.48385838185528,8.296771676371058,False,5.3322974579345574,7.964474218436501,False
16777,1.2189045650623545,0.9493646614218152,354.2112197385194,238.78503158650847,0.2716831386089325,train,64.87386683425571,7.974773366851142,False,5.797013634941921,7.177759731909221,False
16778,0.7476606165268853,1.0,434.4814601229518,177.65329740708373,0.7456257104873657,test,132.46286609958008,21.492573219916018,True,5.558278103077777,20.934295116838243,True
16779,11.118845664709308,0.9601219534993487,635.5667507045417,3903.490918511744,0.018114506825804712,train,70.70981288784769,9.141962577569538,False,7.494761733919643,6.6472008436498955,False
16780,0.9491098867506668,0.9227067416613859,210.94757879724096,110.15842819072179,0.48857060074806213,train,53.82016943860321,5.764033887720643,False,5.6673728000292805,5.096661087691363,False
16781,0.4925332252025857,0.9082908179471547,333.40550779653216,91.08483314577589,0.6925609827041626,test,63.08180155288323,7.6163603105766455,False,5.400474827479106,7.21588548309754,False
16782,8.62341366258103,0.9860325810395958,294.9543842027763,1405.0262707736513,0.005940594151616097,train,8.346690847024927,-3.330661830595014,False,7.264199052313187,-5.594860882908201,False
16783,0.36827667701319705,1.0,434.4814601229518,88.42513036034713,0.7110795021057129,test,62.87729767026839,7.575459534053678,False,5.313552048029383,7.261907486024295,False
16784,1.1125864608585214,0.8481764074171279,207.99194624989752,127.95136168378545,0.38044217228889465,test,48.67809398630138,4.735618797260276,False,5.747913007628707,3.987705789631569,False
16785,0.40224855814563326,1.0,434.4814601229518,96.4744016209081,0.6813801646232605,train,65.7357436583849,8.147148731676982,False,5.3380770611623385,7.809071670514643,False
16786,0.4255153748576937,1.0,434.4814601229518,101.97935050384328,0.7850553154945373,train,80.0594311837227,11.011886236744541,False,5.354533414901828,10.657352821842712,False
16787,0.9788330140230487,0.8593544705732757,270.6458132412521,146.72586655245067,0.4135051012039185,test,60.67189429800375,7.134378859600751,False,5.682507284092687,6.451871575508064,False
16788,1.139386976296121,0.9524293046374215,406.9947655432113,256.6878640366371,0.26168313920497893,train,67.17088605692801,8.434177211385602,False,5.7605193283216405,7.673657883063962,False
16791,2.7607851556633864,0.9779889113178935,281.7162448381418,430.22319001929316,0.018114506825804712,train,7.793280912223963,-3.4413438175552074,False,6.324627753597943,-4.76597157115315,False
16792,1.0642172024857677,0.9439049589737402,157.6495812043986,92.93226155238243,0.43608465790748596,train,40.526333487639704,3.1052666975279415,False,5.724751075845117,2.3805156216828243,False
16794,1.3235101055368723,0.7970976124644393,170.7669556380873,124.89864816765096,0.395427930355072,train,49.38841394908053,4.877682789816106,False,5.843079018806892,4.0346037710092135,False
16795,0.7677617211734911,0.9041285896485185,698.2846144311242,297.08341313116637,0.3815149009227753,train,113.34174892653685,17.66834978530737,True,5.569714182040826,17.098635603266544,True
16797,1.1572028616869527,0.8509790303561497,407.73995855581524,261.3754352988458,0.28706775307655336,train,75.03245892064571,10.006491784129143,False,5.7688124110547605,9.237679373074382,False
16798,0.5394111029081402,0.6865386668538934,327.8213682041045,98.07249084414434,0.6708616375923157,train,65.79307181046005,8.15861436209201,False,5.4313999425827415,7.727214419509268,False
16799,0.5931694100502684,0.6675613910682304,252.26975087520296,82.50979152775005,0.597990345954895,test,49.340058780345515,4.868011756069103,False,5.465725371821081,4.402286384248022,False
16801,2.9208495185965946,0.9576440368680632,359.00527965550947,569.4266310844135,0.07876162640750409,train,44.848967583954234,3.9697935167908476,False,6.366308344251003,2.6034851725398447,False
16802,0.27014208291861097,0.5529943676007071,343.44909128770394,51.517967332666,0.847397780418396,train,43.656211169368596,3.7312422338737203,False,5.239128770526679,3.4921134633470414,False
16804,0.7672323504494016,1.0,434.4814601229518,182.22312649016266,0.7030795097351075,train,128.11734643510204,20.62346928702041,True,5.569414679004996,20.054054608015413,True
16805,0.7227451319024897,0.9138981946836126,295.0291562054369,118.25026320458383,0.3732153058052063,train,44.13280814344489,3.826561628688978,False,5.5439190254798865,3.2826426032090916,False
16806,2.2251442386599365,0.9140256618008235,195.607542297665,235.80571813455336,0.35876357555389404,test,84.59850257400608,11.919700514801217,False,6.170977674413467,10.74872284038775,False
16807,1.6086235901059618,0.9669328959112111,349.66324242928465,310.8202169716039,0.17716486603021622,test,55.06642209925694,6.013284419851388,False,5.958822722118693,5.054461697732695,False
16808,0.7476606165268853,1.0,434.4814601229518,177.65329740708373,0.6675609827041626,train,118.59440979770768,18.718881959541537,True,5.558278103077777,18.16060385646376,True
16809,2.034921667828588,0.9716277587432012,189.63255329763712,213.03446855361503,0.24002645313739776,train,51.133907882934714,5.226781576586944,False,6.11018561456672,4.116595962020225,False
16810,0.9352605729956789,0.949753170974893,332.0035055296017,170.95489513745696,0.5219574332237243,train,89.23117826297799,12.846235652595599,False,5.660241980462354,12.185993672133245,False
16812,0.8458518012270618,0.34099791488662445,427.88145842562216,198.234978397148,0.5882226228713989,train,116.60629893762551,18.321259787525104,True,5.61294085183254,17.708318935692564,True
16813,3.2235836948927945,0.9437756328856306,168.85471541465122,292.79717692481455,0.22913655489683152,train,67.09053640407006,8.418107280814013,False,6.440683984466587,6.977423296347426,False
16814,9.721952406529972,0.9909783841452773,339.00977565603205,1815.0825669918622,0.018114506825804712,train,32.879325549173224,1.5758651098346448,False,7.372293266534271,-0.7964281566996263,False
16815,0.5551085092420766,0.7780978743567172,219.9745056737961,67.52306723253228,0.6173507690429687,test,41.68541748414388,3.337083496828777,False,5.441545324059698,2.895538172769079,False
16816,1.0410981505812618,0.842063138455727,282.9170284996905,161.59527226102696,0.5219574332237243,train,84.34585353045453,11.869170706090909,False,5.713487972128214,11.155682733962696,False
16817,6.0119324214380105,0.9865260272309898,192.32136940765585,633.01524772971,0.05441379956901073,train,34.44476481409212,1.8889529628184238,False,6.947613329453793,-0.05866036663536889,False
16818,5.140263636119852,0.9531297783765685,310.382344623002,855.9092918303273,0.15251491889357566,train,130.53893622376015,21.107787244752032,True,6.814867678716068,19.292919566035962,True
16819,0.3376565845822887,1.0,434.4814601229518,81.15774414996375,0.800795567035675,train,64.99076174590645,7.998152349181291,False,5.290919265520452,7.707233083660839,False
16821,0.44481622074729016,1.0,434.4814601229518,106.54128978952978,0.7758354663848877,train,82.6585112531073,11.53170225062146,False,5.367982130602121,11.16372012001934,False
16822,0.20675102673928691,1.0,434.4814601229518,49.94057589716189,0.9135925769805908,train,45.62533942978291,4.125067885956582,False,5.1879316463882565,3.937136239568326,False
16823,1.8848882690325985,0.9698613479381076,345.5462739893245,360.52486193552375,0.1316616103053093,train,47.46728387753036,4.493456775506074,False,6.059486170971838,3.4339706045342355,False
16824,0.4255153748576937,1.0,434.4814601229518,101.97935050384328,0.7030795097351075,train,71.69959175534682,9.339918351069365,False,5.354533414901828,8.985384936167536,False
16825,1.5359534142180506,0.9702530053977186,342.4277085421079,290.08455593897105,0.2654639810323715,train,77.00700105556692,10.401400211113383,False,5.9305696666184184,9.470830544494966,False
16827,1.2705323160781208,0.7127834481514121,102.88637226483132,72.17239500363385,0.6173507690429687,train,44.55568355916627,3.9111367118332545,False,5.820014304477316,3.0911224073559387,False
16829,0.4333496426884885,1.0,434.4814601229518,103.83155531188956,0.7030795097351075,train,73.00183900371701,9.600367800743403,False,5.360014112586546,9.240353688156857,False
16830,0.677577536507988,0.8581858197624149,304.80510070840523,114.53618681738796,0.4572018444538116,train,52.366155869616115,5.4732311739232244,False,5.5173508102607896,4.955880363662435,False
16831,0.26303271234321135,1.0,434.4814601229518,63.39349302169842,0.8850211501121521,train,56.10458210369022,6.220916420738044,False,5.233515743542214,5.98740067719583,False
16832,2.398483629305899,0.9751163644729913,95.27457105707757,125.56344635383567,0.3861782670021057,train,48.48987411173613,4.697974822347227,False,6.223329340757761,3.474645481589466,False
16833,1.2386278746281125,0.9479894844837335,545.4898449502623,373.60132328954677,0.2716831386089325,train,101.50118009975454,15.300236019950908,True,5.805863122208297,14.494372897742611,True
16834,0.5081194394005606,0.9454802145961729,417.20588890939973,117.59594249343861,0.5765088677406311,train,67.79510365778467,8.559020731556934,False,5.410863470295832,8.148157261261103,False
16835,1.4001446214624176,0.7524966973458244,272.84850882152426,210.79778194769608,0.4578641176223755,train,96.51674042823578,14.303348085647158,True,5.875528994481076,13.427819091166082,False
16836,0.5671725332718284,0.8667159146173758,332.1756812465935,104.28655073323462,0.5385205388069153,train,56.160449491176216,6.232089898235245,False,5.449273061506754,5.7828168367284905,False
16837,7.537285505490636,0.9589289183253955,337.45325544502157,1370.5061669651418,0.1673188365995884,train,229.3114974091688,40.86229948183376,True,7.144443100773469,38.71785638106029,True
16838,1.1726612007915498,0.9679225537460125,283.81141787003025,184.19672076429555,0.28706775307655336,train,52.87693875387564,5.575387750775128,False,5.7759527759991816,4.799434974775947,False
16839,7.729440146193405,0.9933005158983463,515.8438200281331,2199.6301668907636,0.012173912674188613,train,26.77810556723908,0.35562111344781666,False,7.16670123792035,-1.8110801244725332,False
16840,0.35191093794119793,0.6548345138720408,104.53478685282514,20.407193220293504,0.8614230155944824,train,17.579225923644508,-1.4841548152710984,False,5.301519101147117,-1.7856739164182156,False
16841,2.662284626015448,0.9845315402382964,350.55704231380207,515.9188537563105,0.018114506825804712,train,9.345615597930028,-3.1308768804139944,False,6.298087167430597,-4.428964047844591,False
16842,0.6344661253061431,1.0,434.4814601229518,151.16687806974448,0.5882226228713989,train,88.91977750946606,12.783955501893214,False,5.491316222162315,12.2926392797309,False
16843,5.740957602678537,0.9885173091152155,654.6172251254501,2076.646653857666,0.012173912674188613,train,25.280915019209214,0.05618300384184316,False,6.908201992380901,-1.8520189885390579,False
16844,0.34376144356653,0.5344721099333569,334.0122222278356,63.57249426075665,0.8163737654685974,train,51.8989165198847,5.379783303976941,False,5.2954727290001085,5.084310574976833,False
16845,0.234745107987159,1.0,434.4814601229518,56.63827449347764,0.8850211501121521,train,50.12607083258535,5.02521416651707,False,5.210864558484735,4.814349608032336,False
16846,0.37429313083325116,0.6529116939946655,301.41361981077824,62.54196881039582,0.7607964873313904,train,47.581710181738515,4.516342036347703,False,5.317939512263951,4.198402524083752,False
16847,0.234745107987159,1.0,434.4814601229518,56.63827449347764,0.8110653281211853,train,45.9373406862702,4.18746813725404,False,5.210864558484735,3.9766035787693053,False
16848,0.7582506060419258,0.800311547317108,388.3377603604893,162.21143128338625,0.525020980834961,train,85.16440475504632,12.032880951009265,False,5.564319340890661,11.468561610118604,False
16849,1.7146249558426925,1.0,434.4814601229518,401.0245178721225,0.597990345954895,test,239.80879017874548,42.9617580357491,True,5.99865380603283,41.96310422971627,True
16850,0.543480277229685,1.0,434.4814601229518,129.8001505158503,0.6813801646232605,train,88.44324792661406,12.688649585322814,False,5.4340397869255295,12.254609798397285,False
16854,0.50410143361567,0.8810063800055269,175.08583660101033,48.92867382186598,0.5471193850040436,train,26.76982593048276,0.35396518609655203,False,5.408195665817111,-0.05423047972055883,False
16856,0.6397166560451546,0.6965108114376208,192.43458979882183,67.84673408511779,0.6925609827041626,train,46.988000831257175,4.397600166251435,False,5.494523456205355,3.9030767100460793,False
16857,0.36149350263339586,1.0,434.4814601229518,86.81623663632352,0.6528692960739135,train,56.67965530054284,6.335931060108569,False,5.308582260908316,6.0273487992002535,False
16858,1.9482225411365102,0.6768323058614195,443.6289871205976,478.0085406937746,0.3876137137413025,train,185.2826656583745,32.056533131674904,True,6.081202460330227,30.97533067134468,True
16859,1.5141718163387359,0.9494052576450808,303.83128870638416,254.3589574351022,0.25007936656475066,test,63.609926955440734,7.721985391088147,False,5.921943451642882,6.800041939445265,False
16860,0.7152806060246554,0.8112555040070955,535.6119968930144,212.21088426029212,0.5517722427845001,train,117.09207555158335,18.418415110316673,True,5.539576685907096,17.878838424409576,True
16861,0.952950874517399,0.7771320830739216,329.2494670093771,173.07775082785966,0.4572018444538116,train,79.13146691241465,10.82629338248293,False,5.6693414977212395,10.15695188476169,False
16862,0.5366352566117878,0.47354043938392326,183.91246224732186,54.667617623923135,0.6925609827041626,test,37.8606589837196,2.5721317967439212,False,5.4295951277487555,2.1425366689951657,False
16863,0.8064513724367837,0.7893913855326256,212.8825059024794,94.47079679399714,0.597990345954895,train,56.49262445747693,6.298524891495386,False,5.591364353134642,5.707160538360744,False
16864,0.5304817721590012,0.8530028950275118,322.15669428642093,94.65351983115444,0.6675609827041626,train,63.186996714893404,7.637399342978682,False,5.425582569602909,7.211816773375773,False
16865,0.41355431316546104,1.0,434.4814601229518,99.15013258264734,0.7379132986068726,test,73.16420139137006,9.632840278274012,False,5.3461073220086055,9.286732956265407,False
16867,0.2056690639722207,1.0,434.4814601229518,49.68145078936468,0.9864406824111939,train,49.007804219839045,4.80156084396781,False,5.187034652665002,4.614526191302808,False
16868,0.8541417519579796,0.8468207744717737,133.38368859666986,63.00611461187851,0.4989220082759857,train,31.435137235825355,1.2870274471650713,False,5.617421921587711,0.6696055255773601,False
16870,0.33382874427705894,1.0,434.4814601229518,80.24839092038177,0.7239949345588684,train,58.09942853285629,6.619885706571258,False,5.288053561648917,6.331832144922341,False
16871,2.922149407058806,0.9397883917407899,720.0034293844953,1142.080411666476,0.09635044410824775,test,110.03995487139538,17.00799097427908,True,6.366639821658162,15.641351152620917,True
16872,1.8485050762375914,0.9704553036288551,279.9726145387807,284.6635869257582,0.24002645313739776,test,68.32679110715905,8.665358221431811,False,6.046794322010656,7.618563899421155,False
16873,2.7870661589808052,0.9812745514759554,1138.9541462416917,1753.6640905448592,0.018114506825804712,train,31.766760138343464,1.3533520276686932,False,6.3315916187910375,0.021760408877655735,False
16874,0.4482049505026783,1.0,434.4814601229518,107.34182317443612,0.7120999097824097,test,76.43810259839533,10.287620519679066,False,5.370324824350029,9.917295695329038,False
16875,1.9033216819531638,0.9260553934646553,385.0525342520107,405.40169513969573,0.11513987109065056,train,46.67789891831578,4.335579783663157,False,6.065855489083713,3.2697242945794436,False
16876,0.4106685908275494,1.0,434.4814601229518,98.46731041664057,0.7110795021057129,train,70.01808606475346,9.003617212950694,False,5.344063769895145,8.659553443055549,False
16877,1.2938771978472865,1.0,434.4814601229518,304.3383683466997,0.5796570181846619,train,176.41187111503325,30.28237422300665,True,5.830243485385581,29.45213073762107,True
16880,0.7555067409842776,0.9508684631108048,299.48689154920686,124.94422308480287,0.5204034864902496,train,65.02140931014694,8.004281862029387,False,5.562757556541664,7.441524305487723,False
16882,1.368067559028678,0.9192985643752879,246.94870133579806,184.7637659280003,0.4420757949352264,train,81.67958869784684,11.335917739569368,False,5.862074246610005,10.473843492959363,False
16883,5.120421315915344,0.9909820984382351,129.6499346042128,366.9192484447353,0.2716831386089325,train,99.68577303349636,14.937154606699274,True,6.811630936624528,13.125523670074745,False
16884,0.33916347598228636,0.5137816423719431,261.2392858460926,49.041944830213794,0.6935813903808594,train,34.014580282321084,1.802916056464217,False,5.292045147369127,1.5108709090950905,False
16885,0.8567112204105841,0.7700612016578373,224.11492172525794,105.51650118659225,0.5066876530647277,train,53.46390834583599,5.692781669167198,False,5.618806761613645,5.073974907553553,False
16886,0.346599191335169,1.0,434.4814601229518,83.28142942991195,0.7986441731452942,test,66.51222834541021,8.302445669082042,False,5.297582296605448,8.004863372476594,False
16887,0.4373448958498572,0.9068641558062667,279.9244505615042,67.98398728363826,0.6515012145042419,train,44.291650282131265,3.8583300564262526,False,5.362797589328673,3.49553246709758,False
16888,0.72836236585409,0.884847787918759,148.45305927060056,59.938295077998276,0.5302907645702362,train,31.78472432394813,1.356944864789626,False,5.547174350859234,0.8097705139303919,False
16889,2.2241028215809737,0.9756755211647806,433.94218951172775,532.1895839321975,0.018114506825804712,test,9.640351850761961,-3.0719296298476078,False,6.170654716685755,-4.242584346533363,False
16890,0.6671481836109436,0.6462430248279613,95.74855478201424,35.31738844712633,0.6925609827041626,train,24.45944524948645,-0.10811095010270932,False,5.511114492206052,-0.6192254423087613,False
16891,1.60320515891068,0.8222628577565407,160.86109914093123,142.75072851732847,0.3266051411628723,train,46.62312183850493,4.324624367700986,False,5.956743439238002,3.3678809284629843,False
16892,0.39477566976586964,0.8094143618188815,192.18862448883363,42.12862455036751,0.8163737654685974,test,34.39270385819632,1.8785407716392646,False,5.332733592138305,1.5458071795009598,False
16893,0.8169716046968913,0.7098281245452599,197.86222430588748,88.78863721778974,0.597990345954895,test,53.09474788672975,5.618949577345951,False,5.59717116171729,5.021778415628662,False
16894,0.45492372167010675,0.636158182199818,92.1545329167691,23.182086424810606,0.6423507690429687,test,14.891031042997659,-2.021793791400468,False,5.374953474280221,-2.396747265680689,False
16895,0.9259651194896472,0.7670686743033881,262.64830630114704,134.6098871685153,0.4655351758003235,train,62.66563748745647,7.533127497491295,False,5.655427202874269,6.877700294617026,False
16896,0.2684243990854443,1.0,434.4814601229518,64.67966377188941,0.8850211501121521,train,57.242870420264865,6.448574084052973,False,5.237775499609819,6.210798584443154,False
16897,1.2303813959095693,0.8103374901556735,141.1426238226854,94.94086411845639,0.6173507690429687,train,58.61181547713304,6.7223630954266085,False,5.802172600404001,5.920190495022608,False
16898,0.9093317291583733,0.8695500919474551,179.76761698494857,90.36235351021028,0.423192435503006,train,38.24066445976949,2.6481328919538987,False,5.646753300814449,2.0013795911394494,False
16899,2.254267490280523,0.9596740327743103,186.97791442203362,231.0534374541035,0.19747986942529677,train,45.628402658702335,4.125680531740468,False,6.179967208946447,2.9457133227940204,False
16901,0.1922549673774247,1.0,434.4814601229518,46.467173852002496,0.8850211501121521,train,41.12443164496057,3.224886328992115,False,5.175846444576634,3.049039884415481,False
16903,0.7614645592968508,0.7605795476939713,280.71973839713263,117.6615517779375,0.5018747627735138,train,59.0513633861159,6.810272677223182,False,5.5661455989810005,6.244127078242181,False
16904,4.98970713199459,0.9440449988299386,262.2103853838976,715.8338258568393,0.0718051042407751,test,51.4005224847232,5.28010449694464,False,6.790042518109793,3.490061978834847,False
16905,3.331866898647941,0.9669905164742748,210.55958255853932,387.90804122672586,0.031157984957098962,train,12.08643291328005,-2.58271341734399,False,6.465998603516196,-4.0487120208601866,False
16906,1.7899900840243788,0.974700052568156,236.12370081512344,233.25131787213377,0.1934587076306343,train,45.12449850868527,4.024899701737054,False,6.026038041713832,2.9988616600232216,False
16907,2.8043986359738073,0.9555450104661122,171.07047374080304,264.0849976238396,0.19747986942529677,train,52.151470847935656,5.430294169587132,False,6.336157933086919,4.094136236500213,False
16908,0.19447459034396175,1.0,434.4814601229518,46.99925273599685,0.9135925769805908,test,42.93816842324144,3.5876336846482886,False,5.177706415346472,3.409927269301817,False
16911,0.274522514168445,0.49896555586128505,173.2410967761022,26.376749162840067,0.9135925769805908,train,24.0976022400497,-0.18047955199005994,False,5.242571609776826,-0.4230511617668862,False
16912,1.9179144901668956,0.9758020843103422,444.135069338011,471.44278013681526,0.1309208706021309,train,61.72169921460084,7.344339842920169,False,6.070869145410384,6.273470697509785,False
16913,0.522360579213169,0.9320244268769986,171.22418123420204,49.59329400463737,0.7319949269294739,train,36.30203962111645,2.2604079242232906,False,5.420262142821388,1.8401457814019029,False
16915,2.522376285700335,0.9488457178424469,142.1224753674655,197.6223774498491,0.21913655549287797,train,43.306287082673336,3.661257416534667,False,6.259135843010085,2.4021215735245818,False
16916,1.015081433730362,0.6322475070786976,228.8410563724326,127.62939029045438,0.4570357859134674,train,58.33119869705448,6.666239739410898,False,5.700659608343999,5.965580131066899,False
16917,0.543006160449365,0.9345473773275674,399.2176259056198,120.15309597943941,0.597990345954895,train,71.85039143229668,9.370078286459336,False,5.433732565887224,8.936345720572112,False
16918,2.4568054629848657,0.8702833968502602,248.07987048348278,337.1498579398273,0.15840579569339752,test,53.40649151487428,5.681298302974858,False,6.2403448859933,4.440953416981557,False
16919,9.693012947009896,0.9879812409563289,224.3174851816718,1191.9707322243391,0.018114506825804712,test,21.591961965037232,-0.6816076069925536,False,7.369590532566819,-3.0511981395593724,False
16920,0.39951823294149913,1.0,434.4814601229518,95.82799197200194,0.7110795021057129,train,68.14132081924139,8.628264163848279,False,5.33612805807107,8.292136105777208,False
16921,0.524241787019923,0.8464573808967549,171.24877776520069,49.72545356834734,0.6458616375923156,train,32.11576287167347,1.4231525743346936,False,5.421497097580627,1.0016554767540669,False
16922,0.2584189155606697,1.0,434.4814601229518,62.292537606275665,0.7239949345588684,train,45.099481687761404,4.0198963375522805,False,5.229856104086236,3.790040233466044,False
16923,6.931355537002156,0.9922099321365297,440.1195869695596,1683.5528551029756,0.0,train,0.0,-5.0,False,7.070823958869843,-7.070823958869843,False
16925,0.2779196617848293,1.0,434.4814601229518,66.94367809761401,0.8850211501121521,train,59.24657098268804,6.849314196537609,False,5.245233491526231,6.604080705011378,False
16926,1.4063482478337843,0.6845361365205108,203.97497877764272,158.06574111972637,0.4870166540145874,train,76.98064835446512,10.396129670893025,False,5.8781103484890105,9.518019322404015,False
16927,1.097137651303173,0.898368425562048,179.3492353074674,107.97471142744473,0.45993261933326723,train,49.661091848578316,4.932218369715663,False,5.740573391779352,4.191644977936311,False
16928,5.023312868511305,0.9890742413852847,135.9200391685684,376.907840380098,0.12209639325737953,test,46.01908790083807,4.203817580167614,False,6.795637418339437,2.4081801618281773,False
16931,6.691435952168169,0.9806942597838074,221.0362668216501,808.0952887117713,0.05441379956901073,train,43.971535072624185,3.794307014524838,False,7.040107495886517,1.7541995186383215,False
16932,0.5597611012479419,0.8498042572138471,198.81329017117378,61.59721914569555,0.597990345954895,train,36.83454238679396,2.366908477358793,False,5.444532669308606,1.9223758080501874,False
16933,1.8970685987110758,0.9651943125316349,369.98767755897194,388.46848788400234,0.10168641805648804,train,39.50196906074442,2.9003938121488844,False,6.063699397730571,1.8366944144183135,False
16934,1.0979250246579102,0.8369987217390814,268.75746985500535,163.1542607617494,0.38911213874816897,train,63.48530335088078,7.697060670176157,False,5.74094877275685,6.956111897419307,False
16935,0.9465409313307448,0.6013286289087586,163.2025718524992,84.90239273269229,0.6173507690429687,train,52.41455744711574,5.482911489423149,False,5.666053916016175,4.816857573406974,False
16936,0.4381905309283901,1.0,434.4814601229518,104.97571166922667,0.622990345954895,train,65.39885492967284,8.079770985934568,False,5.363385747690441,7.7163852382441265,False
16937,0.30767268611824394,1.0,434.4814601229518,74.02942677922071,0.8020402789115906,train,59.37458210167135,6.874916420334271,False,5.268248981749,6.606667438585271,False
16938,1.718598367264768,0.9122300112631743,725.5853330024212,689.3787443443306,0.15188405513763428,train,104.7056392167074,15.94112784334148,True,6.000116441339403,14.941011402002077,True
16939,0.6594422823034412,0.7301911787989542,163.60802577197762,59.74574179415962,0.7257306933403015,train,43.35931861640609,3.671863723281218,False,5.50648157140037,3.1653821518808485,False
16940,1.5679081909947084,0.940150841998462,684.7118810355176,594.3828547519661,0.1309208706021309,train,77.81712081510732,10.563424163021464,False,5.943091634018342,9.620332529003122,False
16941,0.23806365071923988,1.0,434.4814601229518,57.431406107422355,0.8673304677009582,test,49.8120083198743,4.962401663974861,False,5.213548587091986,4.748853076882875,False
16942,4.134396520835003,0.9579194166768048,323.73979874802683,721.5582051813932,0.13992232456803322,train,100.96210138011841,15.192420276023682,True,6.635962313754615,13.556457962269068,False
16943,2.245331370909721,0.9465006051977657,207.734927341829,254.5337883690604,0.1834057942032814,test,46.68297160739748,4.336594321479495,False,6.17721746232601,3.159376859153485,False
16944,0.2390291234826878,1.0,434.4814601229518,57.662121235618876,0.9390075922012329,train,54.14516962267406,5.829033924534812,False,5.214328108006497,5.614705816528315,False
16945,4.260896007331855,0.985305294385616,405.3382923576618,954.6836969006989,0.005940594151616097,train,5.671388386451526,-3.8657223227096944,False,6.660301355842007,-5.526023678551701,False
16946,1.2882781245071886,0.8107906451247562,155.96280802138799,111.0961530709886,0.5019855558872223,train,55.76866415627215,6.15373283125443,False,5.827799624043967,5.325933207210463,False
16947,1.197390352076817,0.9577755695098765,165.78995622964763,109.82724875708347,0.28706775307655336,test,31.52786152727564,1.3055723054551285,False,5.787270452666475,0.5183018527886532,False
16948,1.8027194482003206,0.9498961028876576,126.21596051542517,125.77498377718656,0.31706775426864625,test,39.87919164940796,2.975838329881592,False,6.0305901773411215,1.9452481525404703,False
16949,3.1934737691718125,0.9696686188024448,284.10647152413134,494.28641128305276,0.129265096783638,train,63.893980793340916,7.778796158668184,False,6.433529452306947,6.345266706361238,False
16950,1.8092701957099364,0.7407920886755219,308.602431052677,308.65790995729395,0.37332800030708313,test,115.23064030332027,18.046128060664056,True,6.032924732784194,17.013203327879864,True
16951,0.6276830435130973,1.0,434.4814601229518,149.57645841045075,0.5568538665771484,train,83.29222921477553,11.658445842955107,False,5.487157557908881,11.171288285046227,False
16952,0.6767201936606562,0.8598990013647371,213.7852008291513,80.23485130014119,0.4572018444538116,train,36.68352200390186,2.3367044007803717,False,5.51683961958246,1.8198647811979116,False
16954,4.051869244542486,0.9404965404939079,347.2509905814127,777.1546247365611,0.031157984957098962,train,24.21457210688166,-0.15708557862366757,False,6.619758322233762,-1.77684390085743,False
16955,1.7881292756515497,0.9786144678665173,173.4460149489903,171.52202924487202,0.31679592132568357,train,54.33747928228007,5.867495856456015,False,6.025370860421404,4.842124996034611,False
16957,1.6439548619240894,0.9068118399833376,325.65760053191417,291.73315308206173,0.42688918113708496,train,124.53772682974119,19.907545365948238,True,5.972275849954186,18.93526951599405,True
16958,0.36943207504276515,1.0,434.4814601229518,88.69912071442504,0.6423507690429687,train,56.97594840434604,6.395189680869208,False,5.314396110128609,6.0807935707406,False
16960,1.8415123855038296,0.9542698831666979,255.7312568252756,260.26592077847766,0.15188405513763428,train,39.530243461965455,2.9060486923930915,False,6.044336440536259,1.861712251856832,False
16961,0.6224390652597076,0.8641862969954325,404.80923728601016,139.31361029534722,0.5568538665771484,train,77.57732255978613,10.515464511957227,False,5.483930612810557,10.03153389914667,False
16962,0.40224855814563326,1.0,434.4814601229518,96.4744016209081,0.707517397403717,train,68.25731755090584,8.651463510181168,False,5.3380770611623385,8.313386449018829,False
16963,1.689566317403206,1.0,434.4814601229518,395.2827463021462,0.597990345954895,train,236.3752662112214,42.27505324224428,True,5.989379960320153,41.28567328192413,True
16964,0.19100922503223405,1.0,434.4814601229518,46.16851199903338,0.8843242883682251,train,40.82793651856505,3.1655873037130107,False,5.17480103596217,2.990786267750841,False
16965,1.0783740339910184,1.0,434.4814601229518,254.54535255173016,0.4572018444538116,test,116.37860468379678,18.275720936759356,True,5.731585873587786,17.54413506317157,True
16966,3.6692532378061604,0.9501006345688779,378.70133005503936,750.8864495524139,0.15188405513763428,train,114.04767890592127,17.809535781184255,True,6.5409991526430815,16.268536628541174,True
16967,1.6416109612261767,1.0,434.4814601229518,384.2892118072323,0.4194505214691162,train,161.19031028749922,27.238062057499846,True,5.971388943639902,26.266673113859945,True
16969,1.5963350301184476,1.0,434.4814601229518,373.9032733885142,0.40169455409049987,train,150.1949086767775,25.0389817353555,True,5.954100846800793,24.084880888554707,True
16970,0.2310640861327825,1.0,434.4814601229518,55.75830474151076,0.9135925769805908,train,50.940373316865916,5.188074663373184,False,5.207878906068824,4.98019575730436,False
16972,0.7201948162626659,0.8177106677747281,465.2429139500289,184.77164706146854,0.566741144657135,train,104.71769475580084,15.943538951160168,True,5.542437549680327,15.401101401479842,True
16973,0.4365649026531728,1.0,434.4814601229518,104.59151932274436,0.7758354663848877,train,81.14581017366535,11.229162034733072,False,5.3622547795186755,10.866907255214397,False
16974,0.43153711731463185,0.645097640215317,304.70955496461585,72.76949882193449,0.7549562215805053,train,54.937785876914695,5.987557175382939,False,5.358748774185745,5.628808401197194,False
16975,0.819126154708475,0.6629089495301341,318.2977061399212,143.81026658949636,0.566741144657135,train,81.5031951003789,11.300639020075781,False,5.5983562510115314,10.70228276906425,False
16976,0.782600642572578,1.0,434.4814601229518,185.80958963059481,0.6780795097351074,test,125.99367544079523,20.198735088159047,True,5.578073333183717,19.62066175497533,True
16977,0.8082733858404108,0.8648929633129391,203.27493422757163,90.94728963719632,0.4655351758003235,test,42.33916246981513,3.4678324939630265,False,5.592372459521587,2.8754600344414394,False
16978,0.21426581057628152,1.0,434.4814601229518,51.73978827961377,0.8843242883682251,test,45.754751450692076,4.150950290138416,False,5.194139623016499,3.9568106671219176,False
16979,1.7311329438763123,0.8749899744873029,355.51256164450103,338.3224714501898,0.28706775307655336,train,97.12147169451237,14.424294338902474,True,6.0047165208660065,13.419577818036467,False
16980,1.4296667636694018,0.9289981205879051,506.311193645406,397.96043146138277,0.26168313920497893,train,104.1395349841825,15.827906996836504,True,5.887754113656262,14.940152883180241,True
16983,3.148956607277,0.8651495912738218,342.9079143486335,592.3634563167124,0.129265096783638,train,76.57191951187015,10.314383902374031,False,6.422856882698065,8.891527019675966,False
16984,1.3113428979702941,0.572117815251968,682.8704418712081,494.69486725492203,0.4383184850215912,train,216.8339047631346,38.366780952626925,True,5.837828696733101,37.52895225589383,True
16985,3.9589990391899597,0.9808785057991932,596.808749925998,1306.145834702221,0.018114506825804712,train,23.660187638209774,-0.26796247235804493,False,6.601203913756214,-1.8691663861142587,False
16986,0.9040039095014525,0.7597318436014684,161.230600816803,80.68625452197675,0.4655351758003235,train,37.56228968355809,2.512457936711619,False,5.643958989676651,1.8684989470349675,False
16987,1.3204731231107532,0.9710550215015176,244.8516783519086,179.10108521015408,0.2716831386089325,train,48.658744958160526,4.731748991632106,False,5.841771097262162,3.8899778943699435,False
16988,0.4482049505026783,1.0,434.4814601229518,107.34182317443612,0.7030795097351075,train,75.46983641155514,10.093967282311027,False,5.370324824350029,9.723642457960999,False
16990,0.9214794918201927,0.9418981271480223,224.9758003102163,114.14840190424324,0.58090038895607,train,66.3088510648887,8.26177021297774,False,5.653095457960441,7.6086747550173,False
16991,0.38640529964851567,1.0,434.4814601229518,92.72224712068062,0.597990345954895,train,55.447008633411066,6.089401726682214,False,5.326714282008979,5.762687444673235,False
16992,3.121581617452004,0.9818212966691487,489.5877801855409,844.0987767680996,0.018114506825804712,train,15.290433053419148,-1.94191338931617,False,6.416236977426461,-3.358150366742631,False
16993,0.5241030669490205,0.8043906477836845,1087.6171366559872,315.5463408153784,0.6925609827041626,train,218.53508388380106,38.70701677676021,True,5.421406084209341,38.285610692550875,True
16996,3.1329896689173093,0.9242409700487133,203.50672902504851,349.386972719261,0.16521738916635514,train,57.72480344141285,6.544960688282572,False,6.419001035869396,5.125959652413176,False
16997,1.8224868402744243,0.7947727752060413,183.54284347964392,182.65958490328597,0.4655351758003235,train,85.03446196956536,12.006892393913073,False,6.037618354594823,10.96927403931825,False
16998,1.401264003458638,0.9570015988676612,172.3252850407535,132.85798524973706,0.39484823346138,train,52.45874077709676,5.4917481554193515,False,5.875995266820695,4.6157528885986565,False
17000,0.6952696675042368,0.6782455168686848,254.14728607477636,97.23067718450959,0.6925609827041626,train,67.33817333989516,8.467634667979034,False,5.5278418240507134,7.939792843928321,False
17001,4.066774285017939,0.9795825149452972,353.96074567382885,793.9426136413194,0.018114506825804712,train,14.381878894102915,-2.123624221179417,False,6.622704379422613,-3.74632860060203,False
17002,1.5543627059973513,0.9672822667204056,462.20746757169604,397.1790564025496,0.15188405513763428,train,60.325165702158394,7.06503314043168,False,5.937802762404774,6.127230378026907,False
17003,0.8590242104052288,0.8249979707448741,351.06288787729153,166.7130582026723,0.4420757949352264,test,73.69980773102903,9.739961546205805,False,5.620051732003201,9.119909814202604,False
17004,0.7207891058343493,0.7415639090577614,441.08912050922066,175.07995839592448,0.5765088677406311,train,100.93514857891122,15.187029715782245,True,5.542782968078697,14.644246747703548,True
17005,0.5111859745445524,0.8049731949854162,314.84332573611573,89.11936374856921,0.7190386891365051,train,64.08027048645059,7.8160540972901185,False,5.4128947561566365,7.403159341133482,False
17006,1.0507901744881045,0.8373505856765683,238.88561674823748,138.8699182617098,0.4420757949352264,train,61.39102950813528,7.278205901627057,False,5.718225169852983,6.559980731774075,False
17007,1.9839899158479068,0.964016189901638,173.3526472584458,188.94567832269738,0.322782039642334,train,60.98827143060459,7.197654286120919,False,6.0932613029282665,6.1043929831926524,False
17008,0.3765198993972306,1.0,434.4814601229518,90.37956136058428,0.8109996438026428,test,73.29779207047295,9.65955841409459,False,5.3195585020141785,9.339999912080412,False
17009,0.27089238061604354,1.0,434.4814601229518,65.26824834378343,0.8533002734184265,train,55.69341415729216,6.138682831458432,False,5.2397193156216035,5.8989635158368285,False
17011,0.21799356059632372,0.38896735382814973,134.19820323736153,16.222021963237808,0.8027849078178406,train,13.02279440637685,-2.39544111872463,False,5.197204882407,-2.59264600113163,False
17012,0.19351707494041473,1.0,434.4814601229518,46.76973159704555,0.8666336059570312,train,40.532221143590085,3.1064442287180167,False,5.176904473305565,2.929539755412452,False
17015,1.7404486417821514,1.0,434.4814601229518,406.9396229818044,0.28706775307655336,train,116.81924320720634,18.36384864144127,True,6.008121644873094,17.355726996568176,True
17016,0.25617224209207956,1.0,434.4814601229518,61.756313795278274,0.7319949269294739,train,45.20530840400838,4.0410616808016755,False,5.2280691940674355,3.81299248673424,False
17017,4.215524044125697,0.9842637998604782,576.2733539002858,1342.9956934790637,0.018114506825804712,train,24.327704656552832,-0.13445906868943336,False,6.6516395712518595,-1.7860986399412928,False
17018,1.2584629241844503,0.9210027737756947,359.3628384265858,250.50596745380153,0.31679592132568357,train,79.35926875710877,10.871853751421753,False,5.814684459853999,10.057169291567753,False
17019,2.408250112348943,0.953077401216434,390.23085810775365,519.949835933437,0.018114506825804712,train,9.418634852092286,-3.116273029581543,False,6.2261989960479225,-4.3424720256294655,False
17020,0.4235506088025576,0.7486910053211325,585.52814937776,137.50115350237309,0.6423507690429687,test,88.32397169654465,12.66479433930893,False,5.353154179476698,12.311640159832232,False
17021,0.7050794158813367,0.32569038055876254,186.96576889932783,72.75254176993653,0.6675609827041626,train,48.56675827816447,4.713351655632895,False,5.533611687880271,4.179739967752624,False
17022,0.3729422561491189,1.0,434.4814601229518,89.53142129056626,0.7681230545043946,test,68.77114879582953,8.754229759165908,False,5.316956069200129,8.437273689965778,False
17023,0.7209146760918328,0.869835767236613,339.3407645608294,135.59887259030012,0.4572018444538116,train,61.99605465414262,7.399210930828524,False,5.542855937901491,6.856354992927033,False
17025,0.8145963878789713,0.8885110576332301,180.01539438018497,81.18874087514314,0.4655351758003235,train,37.79621475631667,2.559242951263335,False,5.5958630671633856,1.9633798840999495,False
17026,1.5360994499339902,0.9631392392022817,112.73707400814126,95.1541689165857,0.42228121161460874,train,40.181817740276955,3.036363548055391,False,5.930627251079736,2.105736296975655,False
17027,1.5787851261372514,0.9436130901803219,157.454887526082,137.62592294261464,0.32311171293258667,train,44.46854770591639,3.893709541183279,False,5.947318406691942,2.9463911344913374,False
17028,0.47564098145290407,0.5975058349987276,622.2980448774034,164.13888725844853,0.6423507690429687,test,105.43474046032156,16.086948092064315,True,5.389092459093209,15.697855632971105,True
17029,1.8038402685479116,0.9627295828145894,307.24119369118534,306.4070940106666,0.1316616103053093,train,40.342051406414654,3.0684102812829313,False,6.030990001981953,2.037420279300978,False
17031,1.1613656785946505,0.8156051561155955,196.26433995636964,125.89841079211055,0.4420757949352264,train,55.65664003200396,6.131328006400793,False,5.770740280513442,5.360587725887351,False
17032,0.33869099327733526,0.31310111528664,670.1950483130163,125.7991377757581,0.7401740908622741,train,93.11326243442971,13.622652486885944,True,5.291692265825131,13.330960221060813,True
17033,1.6240602743718444,0.9509502394000322,316.93718298789514,282.5131962695531,0.3016831398010254,train,85.2294680858221,12.04589361716442,False,5.964722841234126,11.081170775930294,False
17034,1.1158361131497379,0.9215197790652803,260.24120991422706,160.21027613646342,0.390018892288208,train,62.48503443193139,7.497006886386279,False,5.749450059744063,6.7475568266422155,False
17035,1.0240808207672991,0.9574903421327761,203.2493469887172,115.36168251347337,0.4420757949352264,train,50.99860750220895,5.19972150044179,False,5.70511568183713,4.49460581860466,False
17036,0.4414784620731439,1.0,434.4814601229518,105.75267438277716,0.7656313896179199,train,80.96756704349707,11.193513408699413,False,5.365669296654932,10.827844112044481,False
17038,0.3941674930227116,1.0,434.4814601229518,94.56093864391492,0.6173507690429687,train,58.377268193245854,6.675453638649172,False,5.3322974579345574,6.343156180714614,False
17039,0.24147744594481524,1.0,434.4814601229518,58.24712092099074,0.8161182403564453,train,47.53653783186805,4.50730756637361,False,5.216302159022827,4.2910054073507835,False
17040,0.2715164906710702,1.0,434.4814601229518,65.41707690158998,0.8666336059570312,train,56.69263724639334,6.3385274492786685,False,5.240210275258042,6.098317174020626,False
17041,0.8815389971526889,0.8867519579786792,343.8322929799352,167.65390722950534,0.4304091274738312,train,72.15977192823003,9.431954385646007,False,5.632090057465681,8.799864328180327,False
17042,2.1550782373483623,0.9431565413830864,260.3784072611358,304.39340454594543,0.17173912972211838,train,52.276258389873384,5.455251677974678,False,6.14901329357743,4.306238384397248,False
17043,1.3100585183120077,0.9525940736644546,178.07542230206877,129.21278583332665,0.28706775307655336,test,37.09282409793499,2.4185648195869973,False,5.837272856815439,1.5812919627715587,False
17044,1.872113139667249,0.6588848988132868,1097.5067853865667,1136.5487592984655,0.3876137137413025,train,440.5418854397479,83.10837708794958,True,6.055048044444611,82.05332904350496,True
17045,1.433996177603514,0.9347834772622035,118.46748940342981,93.4019475249902,0.3565079391002655,train,33.298535820085405,1.6597071640170817,False,5.889534424146483,0.7701727398705991,False
17046,0.7531990041519901,0.7888192177380792,450.5162292816879,187.78493090410532,0.4989220082759857,test,93.69003485064344,13.73800697012869,True,5.56144212154501,13.17656484858368,False
17047,1.0423000592278924,0.9667041065736015,531.2620471667215,306.8745726444469,0.21913655549287797,train,67.24743681765305,8.449487363530611,False,5.714076652741559,7.735410710789052,False
17048,1.679026353960065,0.9400571083444746,342.6642134647061,318.27866660217,0.15188405513763428,train,48.34145454733671,4.668290909467343,False,5.985453427751885,3.682837481715458,False
17049,3.2239076868176246,0.9755828509127094,579.6441507087986,1031.5910332917103,0.018114506825804712,train,18.68676281400162,-1.2626474371996754,False,6.440760691718563,-2.703408128918239,False
17050,2.7262896976558766,0.9840397296002911,434.81721470622097,655.1064960923902,0.018114506825804712,train,11.86693109509461,-2.626613780981078,False,6.315413019467218,-3.9420268004482955,False
17051,1.2530024211583761,0.968398880687077,196.99110369383914,136.49951146450857,0.28706775307655336,test,39.18460805216371,2.836921610432743,False,5.812263736087068,2.0246578743456745,False
17054,3.479573778903037,0.9373895283869476,315.4279933987274,593.5969631288888,0.15840579569339752,train,94.02919926561597,13.805839853123196,True,6.499527903263211,12.306311949859985,False
17055,0.3581949119940015,1.0,434.4814601229518,86.03363863407448,0.7180182814598084,test,61.773725359772335,7.3547450719544685,False,5.306156547551531,7.048588524402938,False
17056,0.18947457943224372,1.0,434.4814601229518,45.800549399016965,0.8850211501121521,train,40.53445490488643,3.106890980977287,False,5.1735116797315435,2.9333793012457434,False
17057,0.24550091465461227,1.0,434.4814601229518,59.20827970738354,0.8297070980072021,test,49.12552993401191,4.825105986802383,False,5.219537790087241,4.605568196715142,False
17058,2.287841061670217,0.9397778040323228,272.4799005125383,337.7297543628496,0.17785023897886276,test,60.06531752370542,7.013063504741083,False,6.190231137117486,5.822832367623597,False
17059,2.0842267577865825,0.9780409461051819,473.8081744742687,546.0107155556564,0.018114506825804712,train,9.890714833895451,-3.0218570332209094,False,6.126300980166246,-4.148158013387155,False
17060,0.7878618654834396,1.0,434.4814601229518,187.0370114117569,0.6577932596206665,train,123.03168540624738,19.606337081249478,True,5.581020417325861,19.02531666392362,True
17061,6.944919546013349,0.963912526234499,333.4087765251791,1245.8041764708328,0.1285346195101738,test,160.1289658068639,27.025793161372782,True,7.0725326735703025,24.95326048780248,True
17062,2.217625727025228,0.7015848824692895,152.52938272144567,185.58976921127822,0.462306821346283,train,85.79941627845629,12.159883255691259,False,6.168643735723215,10.991239519968044,False
17063,1.8193103609529908,0.9376114008609445,371.9716725599546,374.60256643108227,0.1316616103053093,train,49.32077712081789,4.864155424163577,False,6.036492302188547,3.8276631219750303,False
17064,0.5589891177140461,1.0,434.4814601229518,133.44744708690845,0.7335508584976196,train,97.89048937491737,14.578097874983474,True,5.444037609752397,14.134060265231078,True
17065,0.22618733777490535,1.0,434.4814601229518,54.59215380834304,0.9260092973709106,train,50.552841990028426,5.110568398005686,False,5.2039096298985035,4.9066587681071825,False
17066,0.1931999961944344,1.0,434.4814601229518,46.69372275275273,0.9335925817489624,train,43.59291317621269,3.718582635242539,False,5.176638770469078,3.5419438647734607,False
17067,0.17191011622649402,0.35248119714189347,264.9205666522447,25.28935386559092,0.8607261538505554,train,21.767208286095748,-0.6465583427808506,False,5.158634995574279,-0.8051933383551297,False
17068,13.034298898153477,0.9936789058856913,191.02472418432768,1371.4569249117096,0.018114506825804712,train,24.843265827610303,-0.03134683447793929,False,7.6415042547473355,-2.672851089225275,False
17069,2.174696863300114,0.971393474645071,481.3833965894009,579.3101863501016,0.08939392194151878,train,51.786809578507686,5.357361915701539,False,6.155212151660572,4.202149764040967,False
17070,0.400878737686194,1.0,434.4814601229518,96.150105013243,0.7309745192527771,train,70.28327678815934,9.056655357631868,False,5.3370997094947805,8.719555648137089,False
17071,2.3993879827666604,0.9824594941002172,304.1812417209811,403.4454040690025,0.018114506825804712,train,7.308214525847486,-3.538357094830503,False,6.2235954103506295,-4.7619525051811324,False
17072,0.2315178832190167,1.0,434.4814601229518,55.86679932311869,0.8850211501121521,train,49.4432989900313,4.888659798006261,False,5.208247459966334,4.680412338039926,False
17074,0.26421204424989764,1.0,434.4814601229518,63.67485642857345,0.8843242883682251,test,56.30922209814712,6.2618444196294245,False,5.234449038181931,6.027395381447493,False
17075,2.4669773863905284,0.957583404296968,244.08337746234136,333.0718896899236,0.06137032173573971,test,20.440729031401418,-0.9118541937197167,False,6.243283144152203,-2.1551373378719196,False
17076,1.2960111404587615,0.9500113579989512,180.96184007014085,129.91120406170214,0.41283069252967836,train,53.63133234015686,5.726266468031373,False,5.831173330561734,4.8950931374696385,False
17077,0.25506350462531424,1.0,434.4814601229518,61.49165794629337,0.8163737654685974,train,50.20017634252252,5.040035268504504,False,5.227186172598616,4.812849095905888,False
17080,2.3023863486605523,0.922894601921332,107.0177949583427,135.69037647147778,0.3422629237174988,train,46.44178497145609,4.2883569942912185,False,6.1946453430933515,3.093711651197867,False
17081,1.032119258442361,0.8395162508005062,199.71180896744434,114.06258571728087,0.42950822710990905,train,48.99081897100134,4.798163794200269,False,5.709079218172361,4.089084576027908,False
17082,1.0135313144594715,0.9293720383209241,792.7137488074862,445.20477736308186,0.3505625188350677,train,156.07210814980752,26.214421629961507,True,5.6998900534404715,25.514531576521037,True
17083,2.288825024887358,0.910959118514996,441.3655387662836,558.2276814577433,0.1316616103053093,test,73.49715545772573,9.699431091545145,False,6.190530365696688,8.508900725848457,False
17084,0.4209495989297668,1.0,434.4814601229518,100.89957424910988,0.597990345954895,test,60.336971311926824,7.067394262385365,False,5.351325379752483,6.716068882632882,False
17085,6.334228157931972,0.9122123256447192,318.8381600947888,1115.914351509518,0.029644032940268517,train,33.08020179466653,1.616040358933306,False,6.992552178782362,-0.376511819849056,False
17087,0.18977953149423307,1.0,434.4814601229518,45.873671164935395,0.8850211501121521,train,40.59916921425779,3.119833842851559,False,5.173768022307361,2.946065820544198,False
17088,0.8633548225355995,1.0,434.4814601229518,204.62876310916872,0.4572018444538116,train,93.55664792181402,13.711329584362804,True,5.622378531099088,13.088951053263717,False
17089,0.4365649026531728,1.0,434.4814601229518,104.59151932274436,0.7758354663848877,train,81.14581017366535,11.229162034733072,False,5.3622547795186755,10.866907255214397,False
17090,3.384150282047639,0.9590974037456056,178.57209481508679,332.3115417993668,0.092721326649189,test,30.812367016474713,1.1624734032949426,False,6.477995828722332,-0.31552242542738895,False
17091,4.032559351746736,0.9894032457723047,414.6310560950949,924.183803445708,0.018114506825804712,train,16.741133815815438,-1.6517732368369122,False,6.6159286721526245,-3.2677019089895367,False
17092,2.025034587037216,0.9385841181232869,591.7336860926645,662.4420149777313,0.15188405513763428,train,100.6143795283633,15.122875905672661,True,6.106922525148751,14.01595338052391,False
17093,0.24756339472830116,1.0,434.4814601229518,59.70088351294342,0.8850211501121521,train,52.8365445893368,5.567308917867361,False,5.221192364769851,5.34611655309751,False
17094,0.855926851812481,0.8777440778774017,325.82157740523917,153.5639730427405,0.597990345954895,train,91.82977336603656,13.365954673207312,False,5.61838422184838,12.747570451358932,False
17095,1.5729130119344104,0.9324798257411275,303.76402868907894,264.49731494564696,0.2360052913427353,test,62.42276587311863,7.484553174623727,False,5.945038724696393,6.539514449927334,False
17096,2.9278002470685154,0.9283602666061519,322.73444695220917,520.4945875663517,0.05441379956901073,train,28.32208816459037,0.6644176329180738,False,6.3680795356015025,-0.7036619026834288,False
17097,1.2852943125852556,0.8405090196325327,172.56855739244017,121.95505327571722,0.44201523065567017,test,53.90599100329069,5.781198200658139,False,5.8264948180585785,4.95470338259956,False
17098,0.9410134854563104,0.8297342604596764,174.35255463814303,90.599417095289,0.4989220082759857,train,45.20204312581526,4.040408625163051,False,5.663210251847596,3.377198373315455,False
17099,0.282584795485485,1.0,434.4814601229518,68.05552925054121,0.7319949269294739,train,49.81630216089658,4.963260432179318,False,5.248877413214743,4.7143830189645755,False
17101,0.9034641817892123,0.815324821986359,365.9610668963315,182.63328278798906,0.4572018444538116,train,83.50027374932317,11.700054749864634,False,5.643675479636428,11.056379270228206,False
17102,0.815272065058757,1.0,434.4814601229518,193.42863990050122,0.7646109819412231,train,147.8976622898775,24.579532457975503,True,5.596235354587215,23.98329710338829,True
17103,0.19447459034396175,1.0,434.4814601229518,46.99925273599685,0.8110046029090882,train,38.116610302181,2.623322060436201,False,5.177706415346472,2.4456156450897293,False
17104,0.38388551649578073,1.0,434.4814601229518,92.12521053115658,0.7110795021057129,train,65.5083488358788,8.101669767175762,False,5.324895134479092,7.776774632696671,False
17105,0.6210439952348767,1.0,434.4814601229518,148.01943509618604,0.5882226228713989,train,87.06838034822135,12.413676069644271,False,5.483070383184048,11.930605686460224,False
17106,0.43175974579929494,1.0,434.4814601229518,103.45572209674283,0.6813801646232605,train,70.49267695349691,9.098535390699382,False,5.358904279182786,8.739631111516596,False
17107,1.7773346171353337,0.9727058636414151,1505.3994532681268,1479.7148730720771,0.0718051042407751,train,106.2510807075658,16.250216141513164,True,6.021491696973188,15.228724444539976,True
17108,0.21544043580310848,1.0,434.4814601229518,52.02093529140676,0.9864406824111939,train,51.31556690852384,5.26311338170477,False,5.195106509709149,5.068006871995621,False
17109,1.1963357959818748,0.948370884185847,353.97765105398315,233.50419270669937,0.28706775307655336,test,67.0315239342667,8.40630478685334,False,5.786790424517402,7.619514362335938,False
17110,0.4510178942709766,0.7432369339315227,198.00160464821357,49.47503559822704,0.77874915599823,train,38.52864221510169,2.7057284430203383,False,5.372265306197459,2.3334631368228793,False
17111,0.3813984418325081,1.0,434.4814601229518,91.53584844835994,0.7180182814598084,test,65.72441259485687,8.144882518971375,False,5.32309634970953,7.821786169261845,False
17112,0.3052810329309337,1.0,434.4814601229518,73.46031188187563,0.8020402789115906,train,58.918129030671956,6.783625806134392,False,5.266418368494909,6.517207437639483,False
17113,0.24292064890988516,0.16718469283172996,446.8013904697032,60.08390873259065,0.7443233013153077,train,44.721853303769514,3.9443706607539024,False,5.2174639721238725,3.72690668863003,False
17114,2.8856200919612953,0.9545635953832237,124.00725298101362,195.2693167482218,0.2716831386089325,train,53.05138084817869,5.610276169635739,False,6.357282582913447,4.252993586722292,False
17115,1.3171488615127434,0.9639559377965913,449.1451237805574,327.6904098940661,0.26168313920497893,train,85.7510551484455,12.1502110296891,False,5.840337490910298,11.309873538778803,False
17116,0.22151233264733972,1.0,434.4814601229518,53.473882118840784,0.8481915950775146,train,45.35609736936655,4.071219473873311,False,5.200089707978518,3.8711297658947936,False
17117,0.6864082463966843,1.0,434.4814601229518,163.33319891937472,0.7309745192527771,train,119.39240655810815,18.87848131162163,True,5.522600969294058,18.355880342327573,True
17118,0.5869096054596433,1.0,434.4814601229518,140.0080813952566,0.7379132986068726,train,103.31382517399331,15.662765034798664,True,5.461788480539318,15.200976554259345,True
17120,1.0128964707728179,1.0,434.4814601229518,239.3719984341239,0.4572018444538116,train,109.44131919467635,16.888263838935273,True,5.699574715018537,16.18868912391674,True
17121,0.4121063901737345,1.0,434.4814601229518,98.80753580025645,0.7030795097351075,test,69.46955382857838,8.893910765715678,False,5.345082483381134,8.548828282334544,False
17122,0.9657527212534616,0.7695757570608918,191.7240025659993,102.10545258718187,0.4655351758003235,train,47.533679820345306,4.506735964069062,False,5.675875236221971,3.8308607278470905,False
17123,0.5474988021638646,0.8330106262304572,418.066767494356,126.69333263825257,0.5204034864902496,train,65.93165202001556,8.186330404003114,False,5.4366399515303465,7.749690452472767,False
17124,1.7404486417821514,1.0,434.4814601229518,406.9396229818044,0.4420757949352264,train,179.89815732032253,30.979631464064504,True,6.008121644873094,29.97150981919141,True
17126,2.394771542674472,0.8181152083838462,255.66803564342015,336.3474224771703,0.24452116936445237,train,82.24406505683717,11.448813011367434,False,6.222236466456144,10.22657654491129,False
17127,1.0749820063556221,0.7879792738318302,263.64183145784835,156.99112830658314,0.5698892951011658,train,89.46756344777535,12.89351268955507,False,5.729952482009218,12.163560207545853,False
17128,0.5409790038190282,1.0,434.4814601229518,129.21170107380195,0.7456257104873657,train,96.3435664164347,14.268713283286942,True,5.432417931208835,13.836295352078107,True
17129,0.2916779974718079,1.0,434.4814601229518,70.22182515883698,0.8430354714393615,train,59.19948947811255,6.83989789562251,False,5.255942146334963,6.583955749287547,False
17132,0.5569679187195593,0.6917253741295316,563.8995997861598,173.40872670351152,0.597990345954895,test,103.69674447303069,15.739348894606138,True,5.4427402880920965,15.296608606514042,True
17133,2.657332346882559,0.9815423864564873,1342.2424237277773,1968.974781004682,0.09895913898944855,test,194.84804902016134,33.969609804032274,True,6.296734014688625,32.67287578934365,True
17134,0.8494187756492872,0.9248277810230019,339.5136463278986,158.93639634935587,0.5302907645702362,train,84.28250313813801,11.856500627627604,False,5.614871414402117,11.241629213225487,False
17135,1.6769156539746384,0.9210273124288558,238.88214932254107,221.09737743384622,0.2360052913427353,train,52.180150976389584,5.436030195277917,False,5.984665256374538,4.451364938903379,False
17136,0.2158348467221741,1.0,434.4814601229518,52.11533255976256,0.9100211501121521,train,47.42605487451241,4.485210974902483,False,5.195430957479715,4.289780017422768,False
17137,1.1438210323868265,0.7602962508389515,188.84142880481656,119.51397517630237,0.5150209844112397,train,61.552205146199704,7.310441029239941,False,5.762589766024258,6.547851263215683,False
17138,2.0352283984929422,0.9399569039767883,447.6239422327713,503.61175371597847,0.1920088604092598,train,96.69791891971383,14.339583783942768,True,6.110286676537599,13.22929710740517,False
17139,3.5604373257178787,0.9797903581097116,1169.5700684047679,2300.9016381223078,0.018114506825804712,test,41.67969842927179,3.335939685854358,False,6.517418523690419,1.8185211621639388,False
17140,0.9033362917498514,1.0,434.4814601229518,213.93065332059257,0.5568538665771484,train,119.12811148094745,18.825622296189493,True,5.643608289333024,18.18201400685647,True
17141,0.4703646360165222,0.8908739708613964,346.3104877272287,90.3768354579432,0.597990345954895,train,54.044475101804075,5.808895020360815,False,5.385510421742826,5.423384598617989,False
17142,1.1176062209323507,0.9577091864294669,355.67095886933384,220.09409796441747,0.32913394570350646,train,72.44043888908281,9.488087777816563,False,5.750286309654221,8.737801468162342,False
17143,0.6141814235739776,0.8179757072718288,273.48015943982284,92.820872016168,0.5436097025871277,test,50.45832663058693,5.091665326117386,False,5.47882796971032,4.612837356407066,False
17145,0.6063341750839848,0.6826737652136413,1044.853109670241,350.8951771238532,0.5568538665771484,train,195.39733614469102,34.079467228938206,True,5.47395467300986,33.60551255592834,True
17146,3.5200320718988825,0.932261316301521,422.3408531699167,821.0416798343457,0.031157984957098962,train,25.582004309429806,0.11640086188596133,False,6.508519089371817,-1.392118227485856,False
17147,2.0259439280763645,0.9757158294533022,370.47965687039846,415.1322570317313,0.06853011921048165,train,28.44906306250085,0.6898126125001705,False,6.107223085147013,-0.41741047264684283,False
17149,0.3517753653810352,1.0,434.4814601229518,84.51019122811925,0.7986441731452942,train,67.493571795732,8.4987143591464,False,5.3014188139502565,8.197295545196143,False
17150,1.4037041679978988,0.8444010220643228,251.75981712865527,195.66919920782763,0.41336122155189514,train,80.88205920462875,11.176411840925748,False,5.877010950863529,10.29940089006222,False
17151,0.19039239161819413,1.0,434.4814601229518,46.020618558921534,0.8850211501121521,test,40.72922076588939,3.145844153177878,False,5.174282993626496,2.9715611595513822,False
17152,1.4919536738281642,0.9601979553591931,804.1125924584236,659.466535090843,0.28626313209533694,train,188.78095584716414,32.75619116943283,True,5.913067010795816,31.843124158637018,True
17155,0.6364801962002645,0.4672877430403913,140.55910072051637,49.55972502717862,0.7387975931167603,test,36.61460556560803,2.3229211131216063,False,5.492547713572259,1.8303733995493472,False
17156,0.31423778667209096,1.0,434.4814601229518,75.59124375553978,0.7030795097351075,test,53.14665459991191,5.629330919982383,False,5.273256867672217,5.356074052310166,False
17157,0.016160947667496598,0.003525940073347478,301.986755933665,2.698664096468293,0.6925609827041626,train,1.8689894586385218,-4.626202108272295,False,5.0160317496688265,-4.642233857941122,False
17158,1.2074671047655148,0.9585849464664766,375.34016720008583,250.7128824930513,0.21867823451757432,train,54.82545051439252,5.965090102878506,False,5.7918457518064725,5.173244351072033,False
17159,0.4741464658968865,0.8365430009215538,323.6980768956786,85.0928344454539,0.736955177783966,train,62.70960493689107,7.541920987378214,False,5.3880791551107565,7.1538418322674575,False
17160,3.6079628965739645,0.9738316987867713,586.4009532778964,1169.8370651749221,0.018114506825804712,train,21.19102150219048,-0.7617956995619037,False,6.527785871402399,-2.2895815709643026,False
17161,0.35928772221968536,1.0,434.4814601229518,86.29292552257814,0.6173507690429687,test,53.27300393433124,5.654600786866249,False,5.3069608288895855,5.347639957976663,False
17162,3.367037012718742,0.966440623228659,259.7381455233306,475.92610939168213,0.129265096783638,train,61.520634592376084,7.304126918475218,False,6.474084750015649,5.830042168459569,False
17163,0.46873539804137665,0.873760387294811,295.8466049613864,76.92750182344481,0.5882226228713989,train,45.25049689353103,4.050099378706205,False,5.38440175710185,3.6656976216043553,False
17164,1.7783537693432712,0.9333156422983164,337.3737481310031,326.6257790005979,0.1834057942032814,train,59.905060404870135,6.981012080974027,False,6.021858583000075,5.959153497973952,False
17165,1.5801834216899298,0.942917262493081,290.06802174689943,253.7582662993181,0.23612189888954163,test,59.91788369751297,6.983576739502595,False,5.947860490084757,6.035716249417838,False
17166,1.3701072408840056,1.0,434.4814601229518,321.90347421497853,0.597990345954895,train,192.4951699098976,33.49903398197952,True,5.862935203441467,32.636098778538056,True
17167,1.0111448391575861,0.6926571011679302,317.53184873646336,176.66649376984023,0.5019855558872223,test,88.68402808169974,12.736805616339947,False,5.69870413164677,12.038101484693176,False
17168,0.3084782636933827,1.0,434.4814601229518,74.22110317972789,0.8020402789115906,train,59.5283142953949,6.90566285907898,False,5.268864831228677,6.636798027850303,False
17169,0.25506350462531424,1.0,434.4814601229518,61.49165794629337,0.8071539163589477,train,49.63323253475551,4.926646506951101,False,5.227186172598616,4.6994603343524854,False
17170,0.7848821070426288,0.7159630446830104,165.28821841982787,71.31230415454382,0.6925609827041626,test,49.38811944416901,4.877623888833803,False,5.579352366575721,4.298271522258082,False
17171,0.5132016964658412,0.9327504169428461,262.6166915820257,74.74493231305331,0.7120999097824097,test,53.22585955681758,5.6451719113635175,False,5.414227734887556,5.230944176475962,False
17172,0.4392842262125458,0.8933588818904223,325.81337856157535,79.46504675723456,0.5882226228713989,train,46.74313823013887,4.348627646027774,False,5.364145924879908,3.9844817211478656,False
17174,1.1762519163755984,1.0,434.4814601229518,277.1869118215254,0.6173507690429687,train,171.12155318166427,29.224310636332852,True,5.777604092686019,28.446706543646833,True
17175,0.6557281806823201,1.0,434.4814601229518,156.14969105557626,0.5882226228713989,train,91.85078083326968,13.370156166653938,False,5.50424090039023,12.865915266263709,False
17176,0.8244048713696818,0.9606021939538374,320.4871573051035,146.39207645795483,0.44865222573280333,train,65.67913093250816,8.135826186501632,False,5.6012538359733535,7.534572350528278,False
17177,0.3029263204105105,1.0,434.4814601229518,72.899909557736,0.8297021389007568,train,60.48521088572528,7.097042177145056,False,5.264612750427654,6.832429426717402,False
17178,0.19163007052139971,1.0,434.4814601229518,46.31736066404438,0.8430354714393615,train,39.04717798323959,2.809435596647919,False,5.175322176954325,2.634113419693594,False
17179,1.8107616724723146,0.9582624405441231,281.06697911681937,280.75994670124607,0.2259523779153824,train,63.43837758054257,7.687675516108515,False,6.03345550443545,6.654220011673065,False
17180,2.643645403464666,0.9625723014665696,234.8386034223468,343.128626757469,0.05441379956901073,test,18.670932322770813,-1.265813535445837,False,6.292984664965963,-2.5587982004118,False
17181,0.5602300106010963,0.8952438356917477,205.7249153818326,63.82925668234799,0.6173507690429687,train,39.40504070028858,2.881008140057716,False,5.44483325308585,2.436174886971866,False
17182,0.44613708705612803,0.8954273447075928,195.29598623834627,48.36908487366527,0.7180182814598084,train,34.72988719677275,1.9459774393545501,False,5.368895923569434,1.5770815157851166,False
17184,0.3867214601099408,0.791616524585314,199.444601133476,42.82662162825941,0.8243329763412476,test,35.30339647346353,2.060679294692706,False,5.3269422993267455,1.7337369953659607,False
17185,0.2792105923745771,0.44897180701674716,164.8864750801806,25.499846125619275,0.8607261538505554,train,21.948384479485266,-0.6103231041029469,False,5.246243162971256,-0.8565662670742027,False
17187,0.6890647294139207,0.9429273189519974,245.43191525754006,93.48785521624758,0.597990345954895,train,55.904834883345025,6.180966976669005,False,5.524174961196654,5.656792015472351,False
17188,2.2660393100658527,0.8881788924527652,402.7543090838957,504.89494607788464,0.15840579569339752,train,79.97828567504236,10.995657135008472,False,6.183578030625824,9.812079104382647,False
17189,0.9682010366316368,0.9066946021799406,206.07565041221127,110.58601306921834,0.40971364378929137,train,45.30859836671964,4.061719673343928,False,5.677119946172802,3.3845997271711266,False
17190,1.2115659149182205,0.9654771890254455,361.82670984226115,242.5177856606799,0.15840579569339752,train,38.41622280738083,2.6832445614761653,False,5.793700823406925,1.8895437380692401,False
17191,2.770276384853296,0.9844958473205531,349.90550123254036,536.2157912578053,0.018114506825804712,train,9.71328461084379,-3.0573430778312423,False,6.327148310404928,-4.38449138823617,False
17192,0.28056639132092276,1.0,434.4814601229518,67.57451769369413,0.8843242883682251,train,59.7577872713021,6.951557454260421,False,5.247302473279742,6.704254980980679,False
17193,0.44025531637305587,0.9114348464954016,542.0578802592383,132.52114760993112,0.5882226228713989,train,77.9519370330415,10.5903874066083,False,5.364820400908428,10.225567005699872,False
17194,0.6415301743102206,0.8864215058713075,264.14987534761656,93.68861403014826,0.49019125699996946,train,45.925339478023346,4.18506789560467,False,5.49562883994726,3.6894390556574095,False
17195,0.21863671213733513,1.0,434.4814601229518,52.78584946358329,0.839716374874115,test,44.32514215621091,3.865028431242182,False,5.197732784865691,3.667295646376491,False
17196,0.3789434419427411,1.0,434.4814601229518,90.95401331946287,0.7030795097351075,train,63.94790309308839,7.789580618617679,False,5.321317584150453,7.468263034467226,False
17198,0.8176075134082621,0.6967496322426172,282.9006308123587,127.00867521284731,0.5066876530647277,train,64.35372756245786,7.870745512491574,False,5.597521083233479,7.273224429258095,False
17199,0.2528746006954164,1.0,434.4814601229518,60.969110814555805,0.8666336059570312,train,52.83788035721233,5.567576071442467,False,5.22544059165221,5.342135479790257,False
17200,0.5031564032980508,0.8994347905566599,235.3473375480378,65.66134549045452,0.7030795097351075,train,46.165146595976275,4.233029319195255,False,5.4075671661007725,3.825462153094483,False
17201,0.5831333301431263,0.6674080612654137,224.56126500016524,72.54271403177812,0.5765088677406311,test,41.821517929292796,3.3643035858585595,False,5.459406003595333,2.904897582263226,False
17202,0.387677659530811,1.0,434.4814601229518,93.02369052685779,0.7758354663848877,train,72.17107832474817,9.434215664949633,False,5.327631601346749,9.106584063602885,False
17203,0.4333496426884885,1.0,434.4814601229518,103.83155531188956,0.597990345954895,train,62.09026768199165,7.418053536398331,False,5.360014112586546,7.058039423811785,False
17204,2.2620284346321844,0.9528110066211234,955.2889604142733,1190.8620746946904,0.0718051042407751,train,85.50997540983795,12.10199508196759,False,6.18234922109283,10.91964586087476,False
17205,0.570664646988771,0.8530669129978624,357.2395463343573,112.81699264203385,0.5204034864902496,train,58.71035630625925,6.742071261251851,False,5.451498871807326,6.290572389444526,False
17207,0.2198599210393872,1.0,434.4814601229518,53.07853602210457,0.8666336059570312,train,45.99964307175666,4.199928614351332,False,5.198736033332806,4.001192581018526,False
17208,0.4224605755010302,1.0,434.4814601229518,101.25693657534812,0.7656313896179199,train,77.52548905863736,10.505097811727474,False,5.352388171696518,10.152709640030956,False
17209,0.2972418822798139,0.3826206398261189,167.00933365204216,27.53616995481165,0.7938617467880249,train,21.859911980178705,-0.6280176039642589,False,5.260240381608679,-0.8882579855729382,False
17210,0.4270594369498621,1.0,434.4814601229518,102.34445768292396,0.7030795097351075,train,71.95629113181563,9.391258226363128,False,5.355615989309046,9.035642237054082,False
17211,2.7800606129396597,0.9690434175111803,262.3459362608216,403.3592464828364,0.04854928962886333,train,19.582804881975296,-1.0834390236049405,False,6.329740044672157,-2.4131790682770973,False
17212,1.2182217758004912,0.937971587094964,198.8104360697648,133.491177016163,0.3084963262081146,train,41.18153769068339,3.2363075381366784,False,5.79670587301909,2.4396016651175882,False
17213,2.2798847719205146,0.8835038516392503,342.5702096289004,432.011835996449,0.1834057942032814,train,79.23347388614648,10.846694777229297,False,6.187808291266923,9.658886485962373,False
17214,2.469272528243047,0.9098921841962614,166.5788365258751,224.90905361927372,0.28706775307655336,train,64.56413666905897,7.912827333811794,False,6.2439449259404975,6.668882407871297,False
17215,0.33862732055884864,1.0,434.4814601229518,81.38832447949376,0.8297021389007568,train,67.5280669021848,8.505613380436962,False,5.291644701276552,8.21396867916041,False
17216,0.269037164719072,1.0,434.4814601229518,64.82580963682489,0.8850211501121521,train,57.37221260173419,6.474442520346839,False,5.238258474922059,6.23618404542478,False
17217,0.5622195689826675,0.9433043481455807,171.2733742961989,53.35753533044385,0.7229745268821717,train,38.5761388611264,2.7152277722252807,False,5.446107610669609,2.269120161555672,False
17218,3.9530688568081045,0.9780187924010086,211.84442871736698,462.51942070353493,0.018114506825804712,train,8.378311203401426,-3.3243377593197145,False,6.6000073555502725,-4.924345114869987,False
17219,0.39285216930763317,1.0,434.4814601229518,94.24941836204206,0.7456257104873657,train,70.27478952921858,9.054957905843716,False,5.331353565194573,8.723604340649143,False
17220,2.3702463562531277,0.9773125805876353,343.0882618736652,449.56259736988653,0.018114506825804712,train,8.143604738683305,-3.371279052263339,False,6.2149858444381305,-4.586264896701469,False
17221,0.3004394994468116,0.49210444179652396,276.05459635102943,45.94726698503416,0.7605771422386169,train,34.94644101715203,1.989288203430407,False,5.262702283830056,1.7265859196003506,False
17222,0.8567740674874836,0.5906815211531123,269.2416715119962,127.69423871947454,0.622990345954895,train,79.55227795629239,10.910455591258478,False,5.618840609641593,10.291614981616885,False
17223,1.4965053331031681,0.8079711779938309,215.02859284888277,176.38397739383308,0.4870166540145874,test,85.9019344921292,12.18038689842584,False,5.914891887188237,11.265495011237604,False
17224,0.30607410339014884,1.0,434.4814601229518,73.64903877456038,0.8843242883682251,test,65.12963380331692,8.025926760663385,False,5.267025769972071,7.758900990691314,False
17225,0.2534182937623258,1.0,434.4814601229518,61.09891107052697,0.8430354714393615,test,51.508549298773325,5.301709859754666,False,5.225874454012543,5.075835405742123,False
17226,0.8156549355192682,0.9301604438914729,256.7452961196163,116.00371912444982,0.4572018444538116,test,53.03711434720036,5.607422869440072,False,5.596446248643674,5.010976620796398,False
17227,2.294066251576007,0.9541073439625459,165.25312344491175,209.60232491126578,0.15188405513763428,train,31.83525107379903,1.3670502147598063,False,6.192122744357077,0.1749274704027295,False
17228,2.940221158320169,0.9774883320372681,190.8678351465851,309.7943704847495,0.08939392194151878,train,27.693733773035646,0.5387467546071294,False,6.3712368532878685,-0.8324900986807391,False
17230,3.7540109159398463,0.933087278315393,694.3927855311297,1441.1065974954515,0.19443063884973527,train,280.19527640160896,51.0390552803218,True,6.558988665094358,49.48006661522744,True
17231,5.140885962567292,0.9901593167045275,316.7817423375472,900.044069058505,0.0,train,0.0,-5.0,False,6.814969025327469,-6.814969025327469,False
17233,0.4363803867993323,0.8845521882711738,234.5028566504121,56.81482241787113,0.6528692960739135,test,37.09265311851993,2.418530623703986,False,5.362126328862291,2.0564042948416947,False
17235,1.4686824610902898,0.5330683817164191,214.3035576763249,173.43615164482793,0.4917452037334442,train,85.28639572533044,12.057279145066087,False,5.903684591760023,11.153594553306064,False
17236,3.1821774124097306,0.9575319384713475,156.25013893642938,274.45879728376815,0.15188405513763428,train,41.68591509965663,3.3371830199313273,False,6.43083202296882,1.906350996962507,False
17237,0.7712335372525556,0.6829454379729638,164.5421236461975,69.7240431124399,0.49365222454071045,train,34.41942898642836,1.8838857972856715,False,5.571676217556162,1.31220957972951,False
17238,5.971956100507451,0.9927982343830107,246.70112911416828,814.2139298642113,0.018114506825804712,test,14.749083790190534,-2.050183241961893,False,6.941895831095703,-3.992079073057596,False
17239,1.4377844771577675,0.8909537285597832,303.26011241719027,240.42200725928993,0.35939849615097047,train,86.4073078505865,12.281461570117301,False,5.891089625657495,11.390371944459806,False
17240,0.24550091465461227,1.0,434.4814601229518,59.20827970738354,0.8850211501121521,train,52.400579802790574,5.480115960558116,False,5.219537790087241,5.260578170470875,False
17241,1.2391671013173216,0.350609881742119,224.1018898570909,153.36630526736397,0.6423507690429687,train,98.51496413376995,14.702992826753992,True,5.806103966952066,13.896888859801926,False
17242,0.6958865006300587,0.8209261860393865,634.4886927230409,244.67713025080891,0.4870166540145874,train,119.16183728864034,18.83236745772807,True,5.528205613332034,18.304161844396035,True
17243,11.489658195929845,0.7791928355922709,278.5568258187122,1767.8990813176772,0.13296580240130423,train,235.07011991193355,42.01402398238671,True,7.524900957544438,39.48912302484227,True
17244,0.443365300484801,0.9119763876786378,578.7477056657607,142.48173607490938,0.622990345954895,train,88.76474604956184,12.75294920991237,False,5.3669774012429174,12.385971808669453,False
17245,0.49679849124140074,0.9491960162632489,218.7856733421875,60.310319997454236,0.6173507690429687,train,37.232622431655905,2.4465244863311817,False,5.403328487987791,2.043195998343391,False
17246,0.39626026097773376,0.8216803287644397,90.87551330483235,19.997366547401203,0.8430354714393615,train,16.85848933483409,-1.628302133033182,False,5.3337974203287795,-1.9620995533619614,False
17248,0.32284950561190195,1.0,434.4814601229518,77.63905120385385,0.7894243240356446,train,61.290155515371126,7.2580311030742255,False,5.279788126290571,6.978242976783655,False
17249,0.37772777646945105,1.0,434.4814601229518,90.66587328634806,0.7656313896179199,test,69.41663855514891,8.883327711029782,False,5.3204356033440545,8.562892107685727,False
17250,0.815272065058757,1.0,434.4814601229518,193.42863990050122,0.6675609827041626,train,129.12541293510822,20.825082587021644,True,5.596235354587215,20.22884723243443,True
17251,0.723032686298418,0.9127664880542615,264.89491990112447,106.21262122107922,0.4655351758003235,test,49.44571129236829,4.889142258473658,False,5.5440859279395145,4.345056330534144,False
17252,1.7146249558426925,1.0,434.4814601229518,401.0245178721225,0.31566302180290223,train,126.58861112856616,20.317722225713233,True,5.99865380603283,19.319068419680402,True
17254,0.41355431316546104,1.0,434.4814601229518,99.15013258264734,0.7110795021057129,test,70.5036269105843,9.100725382116861,False,5.3461073220086055,8.754618060108257,False
17255,1.2978492254757832,0.8917488548210423,145.62389192135484,103.99656661889917,0.30079365372657774,train,31.28150724831813,1.256301449663626,False,5.8319735660798795,0.4243278835837465,False
17256,0.9150913223899573,0.9205033838290299,148.04310030757293,74.93360908205956,0.45649977326393126,train,34.20717555580825,1.8414351111616503,False,5.649765309427669,1.1916698017339815,False
17257,0.36827667701319705,1.0,434.4814601229518,88.42513036034713,0.7586926102638245,train,67.08749296601071,8.417498593202144,False,5.313552048029383,8.10394654517276,False
17258,0.4902899209823335,0.8976325458596024,187.63006741039217,51.02243777651189,0.6708616375923157,train,34.2289961607028,1.8457992321405605,False,5.398970678870048,1.446828553270513,False
17259,1.0761373717866194,0.8753220528574268,318.63085488188193,189.7419682438302,0.2716831386089325,train,51.54969345832019,5.309938691664039,False,5.730509134495251,4.579429557168788,False
17260,0.39951823294149913,1.0,434.4814601229518,95.82799197200194,0.7758354663848877,train,74.34675484432539,9.869350968865078,False,5.33612805807107,9.533222910794008,False
17261,0.299842701241534,1.0,434.4814601229518,72.16591613443057,0.7986441731452942,train,57.634888420454956,6.526977684090992,False,5.262243258101542,6.264734425989451,False
17262,2.215713242902765,0.9706855594902518,293.1795165136911,359.39023821292926,0.04854928962886333,test,17.448140764785688,-1.5103718470428622,False,6.168049181577151,-2.6784210286200136,False
17263,1.2938771978472865,1.0,434.4814601229518,304.3383683466997,0.5796570181846619,test,176.41187111503325,30.28237422300665,True,5.830243485385581,29.45213073762107,True
17264,0.3826379305981681,1.0,434.4814601229518,91.8295794882401,0.7110795021057129,train,65.29813166107476,8.059626332214954,False,5.323993218405693,7.735633113809261,False
17266,0.4628102282500633,0.8088478936692611,152.3422442707996,39.08600199788863,0.8112601280212403,train,31.70891498464558,1.3417829969291164,False,5.380359399509595,0.9614235974195218,False
17268,2.459386521874826,0.9639778908596986,144.3422536738262,196.38407540287386,0.26516139805316924,test,52.073475989205036,5.414695197841008,False,6.241091267532575,4.173603930308433,False
17269,0.4381905309283901,1.0,434.4814601229518,104.97571166922667,0.6423507690429687,train,67.43122912156069,8.486245824312139,False,5.363385747690441,8.122860076621699,False
17270,0.4262920052335235,0.8754434553806604,251.89260406655407,59.6246273818923,0.7030795097351075,train,41.9208537877993,3.384170757559861,False,5.355078073282651,3.0290926842772103,False
17271,0.19008546729945078,1.0,434.4814601229518,45.947027175229216,0.8430354714393615,train,38.73497371590652,2.746994743181304,False,5.174025125804458,2.572969617376846,False
17272,1.9307382489498899,0.9421311833673055,694.572770139047,729.0344565807026,0.1439756326377392,train,104.96319710091706,15.992639420183412,True,6.075254353390795,14.917385066792617,True
17273,0.3826379305981681,1.0,434.4814601229518,91.8295794882401,0.7656313896179199,train,70.3076085516105,9.0615217103221,False,5.323993218405693,8.737528491916407,False
17274,0.4224605755010302,1.0,434.4814601229518,101.25693657534812,0.6708616375923157,train,67.92939428851928,8.585878857703856,False,5.352388171696518,8.233490686007338,False
17275,0.4414784620731439,1.0,434.4814601229518,105.75267438277716,0.7466461181640625,train,78.95982381336866,10.791964762673732,False,5.365669296654932,10.4262954660188,False
17276,0.4121063901737345,1.0,434.4814601229518,98.80753580025645,0.7030795097351075,train,69.46955382857838,8.893910765715678,False,5.345082483381134,8.548828282334544,False
17277,1.3498915202357145,0.9296289316350747,363.8068201110342,268.6946215672636,0.28706775307655336,test,77.13356127706918,10.426712255413836,False,5.854369165488764,9.572343089925072,False
17278,0.6277051059980722,0.9404189377015217,279.94084824883714,97.24401029294654,0.6173507690429687,test,60.03366453917291,7.006732907834582,False,5.487171112350908,6.519561795483674,False
17280,0.36598746303776764,1.0,434.4814601229518,87.8822185283153,0.7758354663848877,train,68.18214199885412,8.636428399770825,False,5.311877583242476,8.32455081652835,False
17281,1.4854353092383523,0.8071755543809241,149.58097669486634,122.8741836742002,0.5204034864902496,train,63.94415358369709,7.788830716739419,False,5.910447818951092,6.878382897788327,False
17282,1.0239871590787275,0.9198536986592487,490.8093387906983,277.5942804621577,0.2716831386089325,train,75.41768537584728,10.083537075169458,False,5.705069407076402,9.378467668093055,False
17283,0.4499187965169717,1.0,434.4814601229518,107.74664422810109,0.7110795021057129,test,76.61643013127951,10.323286026255904,False,5.371507552462202,9.951778473793702,False
17284,1.6477706832053836,0.9374956821670789,458.95868089392866,414.88597304377305,0.1309208706021309,test,54.31723279150298,5.863446558300597,False,5.973718034326798,4.889728523973798,False
17285,0.29477119961326265,0.5377293062698245,238.49569351588337,38.99172146173487,0.9050211548805237,train,35.288332788078996,2.0576665576158,False,5.258333999706462,1.799332557909338,False
17286,0.41501246728896196,1.0,434.4814601229518,99.49512574320735,0.7456257104873657,test,74.18612382230877,9.837224764461755,False,5.3471383418613065,9.490086422600449,False
17287,4.213865236841186,0.9838763608698848,219.64914101570852,511.68739165860154,0.018114506825804712,train,9.268964748877947,-3.146207050224411,False,6.651321468771682,-4.797528518996093,False
17288,4.167719416229411,0.9661234032100943,252.31297892287205,575.1436793646292,0.031157984957098962,train,17.920318109813664,-1.4159363780372671,False,6.64243147248114,-3.058367850518407,False
17289,1.503299422881853,0.7702428167355451,221.9289982593478,184.36103004630687,0.42521165013313295,train,78.39245780623425,10.678491561246851,False,5.917609630897084,9.760881930349768,False
17290,1.1941152669773252,0.8626542831332199,225.94777479205456,149.42996665082038,0.41283069252967836,train,61.68927661714492,7.337855323428984,False,5.785778897837322,6.552076425591662,False
17291,0.6145444276632398,1.0,434.4814601229518,146.49476094675714,0.7180182814598084,test,105.18591649785601,16.037183299571204,True,5.479052828746061,15.558130470825143,True
17292,0.5136034925017797,0.7934027246826019,185.1294200921819,52.63891893155908,0.8309479832649231,train,43.740203527424804,3.7480407054849607,False,5.414493226726781,3.33354747875818,False
17293,2.510144892920235,0.8891820452132305,254.43576993267408,353.29349937125113,0.1934587076306343,train,68.34770380266656,8.669540760533312,False,6.255657316660033,7.41388344387328,False
17294,0.21310393306911085,1.0,434.4814601229518,51.46166984493818,0.8633982539176941,test,44.43191588780847,3.8863831775616955,False,5.19318230895345,3.693200868608246,False
17296,0.19194201005280262,1.0,434.4814601229518,46.392146106814806,0.8430354714393615,train,39.11022476424236,2.822044952848472,False,5.175583918175182,2.6464610346732904,False
17298,0.8138632145818656,0.8877113480755126,186.20982926109951,83.90691113292829,0.4572018444538116,train,38.36239453239687,2.672478906479374,False,5.595458943437391,2.077019963041983,False
17299,0.5898076070645729,0.718765519831346,175.53677300265576,57.148784683442635,0.6173507690429687,train,35.280846174194345,2.056169234838869,False,5.463613007064646,1.5925562277742227,False
17300,0.6801142373020875,0.8288146184380037,273.2177964425022,102.56824104734082,0.6167334914207458,train,63.25726941001116,7.651453882002233,False,5.518861789497481,7.132592092504752,False
17301,0.23197346767344273,1.0,434.4814601229518,55.9757179042256,0.861519968509674,train,48.22419872615483,4.644839745230968,False,5.208617328900077,4.4362224163308905,False
17302,1.4873280928100803,0.9398026701995688,176.82399145825792,143.6718936879624,0.4070945978164673,train,58.4880517784313,6.69761035568626,False,5.911209079244456,5.786401276441804,False
17303,0.4812045405511908,1.0,434.4814601229518,115.13099946629782,0.7030795097351075,train,80.94624666007759,11.189249332015518,False,5.392855635507113,10.796393696508405,False
17304,0.28190877154634286,1.0,434.4814601229518,67.89443069187604,0.8843242883682251,train,60.04069410575906,7.008138821151812,False,5.248350194926116,6.759788626225696,False
17305,0.22151233264733972,1.0,434.4814601229518,53.473882118840784,0.8843242883682251,train,47.288252751030235,4.457650550206047,False,5.200089707978518,4.257560842227529,False
17306,5.273848922728987,0.971022359401159,444.18364651750153,1281.0265602105515,0.031157984957098962,train,39.91420629268459,2.9828412585369186,False,6.836390029582002,1.1464512289549162,False
17307,1.1835718369686474,0.35130934269653324,385.7892872395589,252.33148908178234,0.597990345954895,train,150.89179445132882,25.178358890265766,True,5.780961993319233,24.397396896946532,True
17308,0.704391981000698,0.7903858344296344,624.8498036011533,242.67558481368184,0.5077525913715363,test,123.21915705174999,19.64383141035,True,5.533208437751478,19.11062297259852,True
17309,0.48740983209557637,0.9053266200865367,100.96828985800126,27.29915762583731,0.7030795097351075,test,19.193478359755115,-1.1613043280489768,False,5.397036239521754,-1.5583405675707311,False
17310,0.620797428971266,0.8660386893089753,291.46842244360096,100.0491026794366,0.5568538665771484,train,55.71272967461841,6.142545934923682,False,5.482918268239594,5.659627666684088,False
17311,1.3868689097778293,0.9169628786993075,550.774044949461,422.60528808836233,0.246148943901062,train,104.02384534995444,15.80476906999089,True,5.869982427448049,14.934786642542841,True
17314,3.240352116964967,0.9510845734253284,276.7203958892058,495.86433562442335,0.031157984957098962,train,15.450133510147653,-1.909973297970469,False,6.444646312249702,-3.3546196102201713,False
17315,13.06795546572377,0.9887888790565276,239.12469062636885,1709.2483957755949,0.018114506825804712,test,30.962191732272768,1.192438346454554,False,7.6438995489629775,-1.4514612025084235,False
17316,0.387677659530811,1.0,434.4814601229518,93.02369052685779,0.7456257104873657,test,69.36085534124517,8.872171068249035,False,5.327631601346749,8.544539466902286,False
17318,0.19351707494041473,1.0,434.4814601229518,46.76973159704555,0.9473033428192139,train,44.30512308463866,3.8610246169277325,False,5.176904473305565,3.6841201436221676,False
17319,0.21310393306911085,1.0,434.4814601229518,51.46166984493818,0.9285996317863464,train,47.78728766912012,4.557457533824024,False,5.19318230895345,4.364275224870575,False
17320,1.4216753499078403,0.9617515416156783,456.446481041172,359.1151328940402,0.2360052913427353,train,84.75307156424306,11.95061431284861,False,5.884459593994443,11.066154718854168,False
17321,0.8730107609593656,0.8366241206742377,311.7293526443783,150.44033845663844,0.38081254363059996,test,57.28956795232085,6.457913590464171,False,5.627547168752103,5.8303664217120685,False
17322,1.1893462218748894,0.8732175082556008,214.10350877824644,141.0571126128809,0.4314875602722168,train,60.86438938037532,7.172877876075065,False,5.783602970435559,6.389274905639506,False
17323,2.016870763789362,0.9730064334329735,141.48740403408786,157.83377414161302,0.2490435689687729,train,39.30748641603852,2.8614972832077044,False,6.104220123259888,1.757277159947816,False
17324,2.2031392724727143,0.849573711919276,228.8639902745096,278.887835917107,0.2507129281759262,train,69.92078597542515,8.98415719508503,False,6.164131351565169,7.820025843519861,False
17325,0.8608807460791308,0.9389959842692613,271.6930306177041,129.4980220267143,0.4572018444538116,train,59.2067345237341,6.841346904746821,False,5.621049895047561,6.2202970096992605,False
17326,0.6102627533265595,0.8411893177818461,199.27242541648408,67.23150835848922,0.5882226228713989,test,39.54709418623091,2.909418837246182,False,5.476397366504516,2.433021470741666,False
17327,0.577050554710358,0.8587728356346392,199.64137338146554,63.74927605479564,0.6925609827041626,train,44.15026127118821,3.830052254237641,False,5.455556364987906,3.3744958892497348,False
17328,0.2115742365325099,1.0,434.4814601229518,51.09547226686038,0.9135925769805908,train,46.68044418032128,4.336088836064256,False,5.191920535940662,4.144168300123594,False
17329,0.72516207407558,0.933451044737041,243.57705382368226,97.97238646407109,0.5615399658679963,train,55.01541055104062,6.003082110208124,False,5.545321002055578,5.457761108152546,False
17330,0.4213588766540447,0.746218403812947,86.37434813205458,20.178967281391305,0.8437323331832886,train,17.025647145557528,-1.594870570888494,False,5.351613369413438,-1.946483940301932,False
17332,0.37919518920579265,0.2426598171092824,155.06465339569073,32.52144506841041,0.7576722025871276,train,24.640594916298795,-0.07188101674024061,False,5.321500132816359,-0.39338114955659975,False
17334,1.4291531267712057,0.8634900075587344,181.29933179186557,142.28696345187188,0.4572018444538116,test,65.05386213192791,8.010772426385584,False,5.887542689108043,7.123229737277541,False
17335,0.47839698622510746,0.906086075765946,367.8242535075027,97.63036989846782,0.6708616375923157,test,65.49646982882965,8.09929396576593,False,5.3909583833649934,7.708335582400937,False
17336,0.33101441858103026,1.0,434.4814601229518,79.57968781817958,0.8430354714393615,train,67.08849963679624,8.41769992735925,False,5.285941372247636,8.131758555111613,False
17337,2.33519843102689,0.9455376740821901,474.2442936582487,603.8817971583359,0.05441379956901073,train,32.859503073947685,1.5719006147895378,False,6.204532177155846,0.36736843763369187,False
17338,4.638663643773392,0.9818122102215089,669.0625708379918,1712.046971069363,0.012173912674188613,train,20.842310319907543,-0.8315379360184911,False,6.729647094841267,-2.5611850308597583,False
17339,0.666950616730944,0.8749337533982209,127.40956068169643,46.94964965666464,0.7110795021057129,test,33.38493350189875,1.67698670037975,False,5.510995979293231,1.1659907210865192,False
17340,3.4743611623460855,0.9849910462186288,1205.5112503624694,2312.7613882425176,0.018114506825804712,train,41.894531953776664,3.3789063907553327,False,6.498363584518431,1.8805428062369014,False
17341,0.6256167765331003,0.8852520287101504,419.7885246642702,145.2396870884607,0.4420757949352264,train,64.20695012577481,7.841390025154963,False,5.485887298558603,7.35550272659636,False
17342,1.0405730878926165,0.8682628293376116,313.8043982663776,180.74721588936427,0.4753188967704773,train,85.91256725086791,12.182513450173584,False,5.7132306938415205,11.469282756332063,False
17343,1.4534148384580377,0.8785341411567206,221.86194549071163,178.54801759982328,0.37317460775375366,train,66.62958643302436,8.325917286604872,False,5.8974808657184,7.428436420886472,False
17344,0.19256894748726386,1.0,434.4814601229518,46.54244508081951,0.8163737654685974,train,37.99603114474402,2.5992062289488054,False,5.176109759708369,2.423096469240436,False
17345,1.3209510579150525,0.9729624047085981,226.98811748514436,166.09753753647706,0.26007936596870423,train,43.19854225145001,3.6397084502900015,False,5.841977040432771,2.7977314098572306,False
17346,6.160382348669651,0.9902605534373307,198.61383771944358,674.0230314903297,0.018114506825804712,train,12.209594804681162,-2.5580810390637674,False,6.968563380198977,-4.526644419262745,False
17348,1.4935030005807817,0.9258855626138788,266.13012263721987,219.7247000580463,0.2259523779153824,train,49.64731846485972,4.929463692971945,False,5.913688549364368,4.015775143607577,False
17349,1.0908446819761213,0.8479795393587046,196.74884911468237,118.6984121204979,0.4314875602722168,train,51.21688825405977,5.243377650811954,False,5.737568138384028,4.505809512427926,False
17350,0.7584540365005454,0.8821860588812784,164.680226136819,69.20405681014412,0.4655351758003235,train,32.21692275320602,1.4433845506412046,False,5.564435034688988,0.8789495159522165,False
17351,2.4123361227797173,0.9424779196096199,187.0502142836424,249.61281701594953,0.1834057942032814,train,45.780436948128575,4.156087389625716,False,6.2273971367293,2.9286902528964163,False
17352,0.20318801837611164,1.0,434.4814601229518,49.087176784554735,0.9864406824111939,train,48.421588164995086,4.684317632999019,False,5.1849747160323005,4.499342916966718,False
17353,0.4759838024891077,0.8065403743242728,1029.282363970533,271.5064008617431,0.5818538665771484,train,157.97704914185044,26.59540982837009,True,5.389324752194699,26.20608507617539,True
17354,0.37772777646945105,1.0,434.4814601229518,90.66587328634806,0.599890387058258,train,54.38958581872232,5.877917163744463,False,5.3204356033440545,5.557481560400409,False
17355,0.4365649026531728,1.0,434.4814601229518,104.59151932274436,0.7030795097351075,train,73.53615412788513,9.707230825577026,False,5.3622547795186755,9.34497604605835,False
17356,1.3628205713746486,0.9235384049228966,175.44020345305898,132.31907264128657,0.2953673481941223,test,39.08273360156225,2.8165467203124512,False,5.859856062767643,1.956690657544808,False
17358,1.4512124622838523,0.9236040798394439,198.87753656161576,159.60214261452316,0.3016831398010254,train,48.14927550292038,4.629855100584077,False,5.8965827847074825,3.7332723158765946,False
17359,0.22151233264733972,1.0,434.4814601229518,53.473882118840784,0.8850211501121521,train,47.32551665377812,4.465103330755623,False,5.200089707978518,4.265013622777105,False
17360,1.4548825866902146,0.9634751746353213,366.55573264489783,293.2792157466712,0.28706775307655336,test,84.19100548845063,11.838201097690128,False,5.8980789339073425,10.940122163782785,False
17361,0.8281628553541777,0.9632681063458889,161.88259409242076,74.28029413374725,0.44865222573280333,train,33.326019291193,1.6652038582386002,False,5.603311558425979,1.0618922998126212,False
17362,1.984822434230191,0.9640813168866137,155.69210081989368,170.93441611373146,0.2940175414085388,train,50.25771676786344,5.05154335357269,False,6.093540259055166,3.958003094517524,False
17363,0.6908746792952095,0.6601447639199032,240.2584449041289,91.30789724236652,0.5051601588726043,train,46.125111877277305,4.225022375455461,False,5.525245956759256,3.6997764186962057,False
17364,5.696336011894548,0.9855933503434195,462.1645351796518,1454.8252873228073,0.0,train,0.0,-5.0,False,6.901560512915986,-6.901560512915986,False
17365,3.0665547621981704,0.9819152261108004,537.176763842995,910.0357371996015,0.018114506825804712,test,16.484848573228405,-1.7030302853543189,False,6.402796145200234,-3.1058264305545533,False
17366,0.5965238439015336,0.6772959385412168,565.0228413684396,185.86943695393936,0.5765088677406311,train,107.15537864590421,16.431075729180844,True,5.467828668170181,15.963247061010662,True
17367,0.9708235112346709,1.0,434.4814601229518,229.610162622949,0.4989220082759857,train,114.55756345641738,17.911512691283477,True,5.678451481408815,17.233061209874663,True
17368,2.1792714022653343,0.9547176399622759,231.59312477040126,279.2270542961109,0.129265096783638,train,36.094312198196924,2.218862439639385,False,6.156652051755881,1.0622103878835043,False
17369,0.3476221851387585,1.0,434.4814601229518,83.52430326685902,0.7092751741409302,test,59.241714744601296,6.84834294892026,False,5.298341695117897,6.550001253802363,False
17371,0.7160093038572111,0.9142654777937227,119.94063864419985,47.63009589335593,0.4572018444538116,train,21.77656769395425,-0.6446864612091501,False,5.540001422879284,-1.1846878840884338,False
17372,6.2086063613428975,0.938068614440169,164.90322523147185,565.7556467718061,0.11201288029551507,train,63.37191953836203,7.674383907672407,False,6.975275640150619,5.699108267521789,False
17373,1.1470559586411233,0.9226776132480649,185.58960933379134,117.78381416257884,0.4331558048725128,train,51.01874282454631,5.203748564909262,False,5.764097582199808,4.439650982709454,False
17374,1.6318308852577341,0.9487323749451544,266.33202879349574,238.51265703838163,0.2770677536725998,train,66.0841661081076,8.21683322162152,False,5.967679758077208,7.249153463544313,False
17375,2.023025418474089,0.9647266058533539,153.90084688334744,170.99290381909682,0.27701483964920043,train,47.36757183259826,4.473514366519652,False,6.10625812412257,3.3672562423970813,False
17376,1.0723660549294185,0.9055995219082588,139.86194122121756,82.77313006628651,0.44865222573280333,train,37.136349035110264,2.4272698070220535,False,5.728690976230361,1.6985788307916927,False
17377,4.3476035279978085,0.2678685275627977,257.55123979551803,618.6297738076956,0.2654639810323715,test,164.2239225401464,27.844784508029278,True,6.676648521861411,26.16813598616787,True
17378,0.4569076003977675,1.0,434.4814601229518,109.3971130523137,0.7983836889266968,train,87.3408706766371,12.46817413532742,False,5.376316107492929,12.09185802783449,False
17380,0.7929112041912262,0.6892965429675196,178.94769905889348,78.33882399347017,0.6173507690429687,train,48.36253323829058,4.672506647658118,False,5.583840669800023,4.088665977858095,False
17381,8.062015117945505,0.9814582497567808,1139.2146488942924,5049.7570581020855,0.018114506825804712,test,91.47385869764575,13.29477173952915,False,7.204091514522688,11.090680225006462,False
17382,0.6790778432806469,0.30050724725953104,136.19532828180036,51.012254923972215,0.6675609827041626,train,34.05379102700215,1.8107582054004299,False,5.518244739903731,1.2925134654966985,False
17383,0.3496864249048345,1.0,434.4814601229518,84.01434320577044,0.7986441731452942,test,67.0975656619175,8.4195131323835,False,5.29987228762139,8.11964084476211,False
17384,0.8047020937016524,0.9431326879462693,264.86317474658125,117.58293593640978,0.6173507690429687,train,72.5899159266727,9.517983185334542,False,5.590395533122777,8.927587652211765,False
17386,0.4381905309283901,1.0,434.4814601229518,104.97571166922667,0.7656313896179199,train,80.37270000144011,11.074540000288021,False,5.363385747690441,10.71115425259758,False
17388,2.5021703028159026,0.9775830601554194,248.84871236359862,344.4448422951621,0.129265096783638,test,44.52469587590906,3.9049391751818128,False,6.253382862839992,2.651556312341821,False
17389,9.796464832186846,0.9950792611584703,893.9425653750267,4837.678883395524,0.015336072072386742,test,74.19099201881717,9.838198403763435,False,7.37921875019283,7.458979653570605,False
17390,0.387677659530811,1.0,434.4814601229518,93.02369052685779,0.7728318333625793,train,71.89166929602472,9.378333859204943,False,5.327631601346749,9.050702257858195,False
17392,1.272269470167671,0.8847162877964354,228.26441079806398,159.8300611407413,0.36768356561660764,train,58.76688677294816,6.753377354589633,False,5.820779098653228,5.932598255936405,False
17393,0.6457488592184343,0.8019842611989201,231.16592727824448,82.41760137977484,0.6925609827041626,train,57.0792150036968,6.415843000739361,False,5.498195514197408,5.917647486541953,False
17394,1.1529831783914628,1.0,434.4814601229518,271.80843727589195,0.4655351758003235,train,126.53638863124355,20.307277726248714,True,5.766854405249735,19.54042332099898,True
17395,0.3006076983540867,1.0,434.4814601229518,72.34802072651476,0.8843242883682251,train,63.97911194382476,7.795822388764954,False,5.262831615514349,7.532990773250605,False
17396,0.46298515638205306,0.12528181684729492,210.35003765410707,53.42503272192549,0.6173507690429687,test,32.98198503702647,1.5963970074052938,False,5.380478975972882,1.2159180314324116,False
17397,0.39285216930763317,1.0,434.4814601229518,94.24941836204206,0.6173507690429687,test,58.184950907659164,6.636990181531834,False,5.331353565194573,6.305636616337261,False
17398,2.0062786089936826,0.9318986817547333,260.8621390374455,284.2414522324736,0.24760906398296356,train,70.38075993244104,9.076151986488208,False,6.100702971331828,7.9754490151563795,False
17400,1.9412346382279877,0.9748800185094341,502.9426748088004,540.27309959645,0.08939392194151878,train,48.29713129242746,4.659426258485492,False,6.078829438173884,3.5805968203116088,False
17401,0.27726577175357986,1.0,434.4814601229518,66.78780968615501,0.8850211501121521,test,59.10862414191244,6.821724828382489,False,5.244721677364378,6.577003151018111,False
17402,3.3702334240464538,0.9686238036158785,245.26435212205783,456.9900620918092,0.018114506825804712,train,8.278149599086996,-3.3443700801826006,False,6.474816422794567,-4.819186502977168,False
17403,0.3528292375393002,1.0,434.4814601229518,84.76032574152529,0.7573506116867066,train,64.19328454710869,7.838656909421738,False,5.302198130979048,7.53645877844269,False
17404,4.144387709086609,0.980269860955666,2253.993000107146,5160.87891881086,0.018114506825804712,test,93.48677640195098,13.697355280390195,True,6.637906355223869,12.059448925166325,False
17406,2.4939142153711766,0.7967403150252003,379.23337458796135,523.0772276211595,0.31841270327568055,train,166.5544340688019,28.310886813760384,True,6.251022659427397,27.059864154332985,True
17407,0.39951823294149913,1.0,434.4814601229518,95.82799197200194,0.6361168503761292,test,60.95780043109887,7.1915600862197735,False,5.33612805807107,6.855432028148703,False
17408,0.4275589242040533,0.5680096618550382,88.67002435860793,20.950611775232886,0.7230851888656616,train,15.149077072345426,-1.9701845855309146,False,5.355965939597382,-2.326150525128297,False
17409,2.2296317251097006,0.983168531805888,968.0771151828811,1194.2508304722455,0.129265096783638,train,154.37494918493488,25.874989836986977,True,6.172368113740233,24.702621723246743,True
17410,1.2004879095446936,1.0,434.4814601229518,282.78630990852145,0.4314875602722168,train,122.01877494081093,19.403754988162188,True,5.788679112841142,18.615075875321047,True
17411,0.7371724939772634,0.9489113732995285,307.71085379799797,125.8182434757333,0.5204034864902496,test,65.47625256885071,8.095250513770143,False,5.552258788014877,7.542991725755266,False
17412,3.640811317945148,0.9858525595049702,271.83075679981397,547.2444757151644,0.018114506825804712,test,9.913063790726266,-3.0173872418547467,False,6.534889203958578,-4.552276445813325,False
17413,0.5731546919527125,0.8663231189649597,357.22314864702577,113.31861635888801,0.5698892951011658,train,64.57906639860613,7.9158132797212275,False,5.453082961232437,7.4627303184887905,False
17414,1.3283291705950684,0.9752682223398667,456.2497875479453,335.7111970204097,0.2075327828526497,train,69.67107895243979,8.934215790487958,False,5.845150916177399,8.089064874310559,False
17416,3.1197449825568486,0.9838968652404178,1300.3283386986466,2243.148950433356,0.018114506825804712,train,40.6335369739217,3.12670739478434,False,6.415791264008051,1.7109161307762886,False
17417,0.27277338698188236,1.0,434.4814601229518,65.71678545735517,0.9135925769805908,train,60.03836737686573,7.007673475373146,False,5.241198288789124,6.766475186584022,False
17418,0.9414424285384275,0.8524988123361842,215.45694281368506,111.48437683192402,0.5270390570163727,test,58.75662083755518,6.7513241675110365,False,5.663431216666446,6.087892950844591,False
17419,3.5436333252451018,0.9518418063034899,340.9346475904447,667.3506340121895,0.018114506825804712,train,12.08872761501891,-2.582254476996218,False,6.513726983894649,-4.095981460890867,False
17420,0.9505945577553717,0.5644946966519151,166.8066066923034,87.05545786194996,0.6925609827041626,test,60.29121344663288,7.058242689326576,False,5.668134227515677,6.390108461810899,False
17421,0.7017087201256621,0.901809862771671,461.3283338010989,179.5531834828469,0.4655351758003235,train,83.58832283819487,11.717664567638973,False,5.531632875743446,11.186031691895527,False
17422,2.7805301343178574,0.9657514880066091,326.6436571120503,500.09803762204643,0.031157984957098962,train,15.582047133302433,-1.883590573339513,False,6.329864246971817,-3.21345482031133,False
17423,1.016710073437797,0.9409903304256383,446.6889307332766,249.69122020773347,0.40463427901268006,train,101.03362686455256,15.206725372910512,True,5.701467507161744,14.505257865748767,True
17426,1.1457533003344644,0.9405509419333729,1182.653552239375,749.8961477022157,0.2716831386089325,train,203.73413903848558,35.746827807697116,True,5.763490679694685,34.98333712800243,True
17428,6.188311618911025,0.9812916451721675,956.7326365135967,3271.873412158469,0.0,train,0.0,-5.0,False,6.972456320640354,-6.972456320640354,False
17429,2.0471579120343213,0.9700767096641586,240.73358437129104,270.631790615637,0.15188405513763428,test,41.10465380786211,3.220930761572422,False,6.114209324073981,2.1067214374984413,False
17430,1.0609385850946014,0.8014875510810479,159.490415967501,93.23963943110066,0.5698892951011658,test,53.13627239087682,5.627254478175365,False,5.7231615028688,4.904092975306565,False
17431,0.5988775498996908,1.0,434.4814601229518,142.81811767279194,0.6813801646232605,train,97.31343253107116,14.462686506214233,True,5.469301851744806,13.993384654469427,True
17432,1.1736465720985882,0.8616899250424622,307.76752837203804,200.08920531876092,0.28706775307655336,train,57.43915858572984,6.487831717145969,False,5.7764062051511935,5.711425511994776,False
17433,0.4381905309283901,1.0,434.4814601229518,104.97571166922667,0.7030795097351075,train,73.80627189449389,9.761254378898778,False,5.363385747690441,9.397868631208336,False
17435,0.39951823294149913,1.0,434.4814601229518,95.82799197200194,0.7030795097351075,train,67.37469761457494,8.474939522914989,False,5.33612805807107,8.138811464843918,False
17436,1.0357372051063043,0.9621713991556107,142.58320987762252,81.8436971483102,0.42228121161460874,train,34.56105559480753,1.9122111189615056,False,5.7108580162446785,1.2013531027168272,False
17437,0.28532166407194176,1.0,434.4814601229518,68.70766559995629,0.7894243240356446,test,54.2395024723126,5.847900494462522,False,5.251009009256774,5.596891485205748,False
17438,1.5313960044638224,0.9529884770522928,297.2835282029516,251.68437246289452,0.28706775307655336,train,72.25046728740548,9.450093457481097,False,5.928770930985071,8.521322526496025,False
17439,0.21863671213733513,1.0,434.4814601229518,52.78584946358329,0.8843242883682251,train,46.679808762795545,4.335961752559109,False,5.197732784865691,4.1382289676934185,False
17440,0.6494023832370935,0.9383545589227956,180.39048845308213,64.80094725032448,0.6173507690429687,train,40.00491461970067,3.0009829239401338,False,5.500413030327613,2.5005698936125205,False
17441,0.19131914382366463,1.0,434.4814601229518,46.24281635011668,0.8850211501121521,train,40.92587051060529,3.1851741021210582,False,5.175061217385713,3.010112884735345,False
17442,3.1166978992914185,0.9732082907165794,299.83706601521175,516.0920929380397,0.018114506825804712,train,9.348753740269961,-3.1302492519460077,False,6.415051361249507,-4.545300613195515,False
17443,1.1529831783914628,1.0,434.4814601229518,271.80843727589195,0.4572018444538116,test,124.27131886064596,19.854263772129194,True,5.766854405249735,19.08740936687946,True
17446,0.6081799783207076,1.0,434.4814601229518,145.0014322984572,0.7656313896179199,train,111.0176481072565,17.203529621451302,True,5.475103091309796,16.728426530141505,True
17448,0.000450168215495131,0.00010395398320928162,1154.8905219795731,0.2869701228985265,0.7040999174118042,train,0.20205563983250782,-4.959588872033499,False,5.000450066920182,-4.960038938953681,False
17449,2.4749505388847615,0.9685129026712799,423.391116827076,579.6758527780511,0.018114506825804712,train,10.500542191902174,-2.8998915616195653,False,6.245580245501002,-4.145471807120567,False
17450,7.523013316120572,0.9850451466995485,5069.050063318654,20875.91096800257,0.018114506825804712,train,378.15683172477395,70.6313663449548,True,7.142769953913758,68.48859639104104,True
17454,2.9834245016870455,0.9840758241017271,161.00947115196632,265.4754928603142,0.1449275329709053,train,38.474708244480524,2.694941648896105,False,6.382141876900311,1.3127997719957936,False
17455,1.3701072408840056,1.0,434.4814601229518,321.90347421497853,0.597990345954895,train,192.4951699098976,33.49903398197952,True,5.862935203441467,32.636098778538056,True
17456,0.7442090162743101,0.8449759657701529,283.07280652934946,116.17081444349893,0.4753188967704773,train,55.21818335821174,6.043636671642348,False,5.556301167086638,5.48733550455571,False
17457,3.6603709454388422,0.9832282071860445,440.66270354562533,891.810161938569,0.018114506825804712,train,16.154701265758213,-1.7690597468483573,False,6.539095046994984,-3.308154793843341,False
17458,0.44481622074729016,1.0,434.4814601229518,106.54128978952978,0.7110795021057129,train,75.75932729723931,10.151865459447862,False,5.367982130602121,9.783883328845741,False
17460,4.520650137700732,0.9710360223904685,130.43612491211667,325.62871401484625,0.11513987109065056,train,37.49284815508371,2.4985696310167427,False,6.708495631922626,0.7900739990941164,False
17462,0.7028556480641771,1.0,434.4814601229518,167.1811939738532,0.597990345954895,train,99.97274002157688,14.994548004315376,True,5.532306634766844,14.462241369548533,True
17463,1.3390257154446787,0.9564690053445544,382.9587631317653,283.29536856961454,0.1834057942032814,train,51.95801206662148,5.391602413324296,False,5.849734481746257,4.5418679315780395,False
17464,0.44796467950358626,0.7516160631690048,380.82761956219224,94.53258663177608,0.7110795021057129,train,67.22018463488851,8.444036926977702,False,5.370158901058,8.073878025919702,False
17465,1.2115357005471543,0.7323140460364578,427.1928494002037,286.5843174696092,0.4655351758003235,test,133.41508061483023,21.68301612296605,True,5.7936871613328,20.889328961633247,True
17467,0.4224605755010302,1.0,434.4814601229518,101.25693657534812,0.7758354663848877,train,78.5587226126402,10.71174452252804,False,5.352388171696518,10.359356350831522,False
17468,0.4551400754513938,1.0,434.4814601229518,108.9797460452973,0.7850553154945373,test,85.55512891410544,12.111025782821088,False,5.375102167777524,11.735923615043564,False
17469,2.8276191480335218,0.9808112893010132,351.71790873759096,549.9852428365178,0.031157984957098962,train,17.136431922926644,-1.572713615414671,False,6.342242977531819,-2.91495659294649,False
17470,3.857787851020606,0.9672738993397388,231.51247995539717,490.98846293431933,0.05441379956901073,test,26.71654781280471,0.34330956256094236,False,6.58058315960184,-1.2372735970408977,False
17471,0.32916445307423486,1.0,434.4814601229518,79.14006604488007,0.8020402789115906,train,63.473520643717315,7.694704128743464,False,5.284550514042772,7.4101536147006914,False
17472,1.2538655313373233,0.9690659964312514,246.28059306838873,170.77083224655485,0.28706775307655336,train,49.02279910403152,4.804559820806304,False,5.812646756046206,3.991913064760098,False
17473,0.6688748382309746,0.7594427567254657,331.47877953496123,122.26711697627205,0.6265012145042419,test,76.60049727956665,10.320099455913331,False,5.5121496497951386,9.807949806118192,False
17474,0.24397648598685798,1.0,434.4814601229518,58.84414169866071,0.8530447483062744,train,50.19668604463277,5.039337208926554,False,5.218313092198519,4.821024116728035,False
17476,0.4388189169889476,0.9084614127174856,266.3799608248392,64.91154342086624,0.7030795097351075,train,45.63797612449177,4.127595224898355,False,5.363822580507243,3.7637726443911124,False
17477,0.3105130752529764,0.5499207562500525,416.48439066676497,71.7051676673051,0.8027849078178406,train,57.56382641586033,6.512765283172067,False,5.270418721032564,6.242346562139503,False
17478,0.5129405289027121,0.8845116763530148,542.7629808145358,154.31535539430362,0.5882226228713989,train,90.77178309936936,13.154356619873873,False,5.414055127293908,12.740301492579965,False
17479,0.22837825576871246,1.0,434.4814601229518,55.11610394225088,0.8850211501121521,test,48.7789177006718,4.7557835401343596,False,5.205694808165009,4.550088731969351,False
17480,0.35928772221968536,1.0,434.4814601229518,86.29292552257814,0.6608692884445191,train,57.0283442879021,6.405668857580421,False,5.3069608288895855,6.098708028690836,False
17482,0.49682112594237965,0.7658262885956196,508.94275069120454,139.97908758536317,0.6925609827041626,train,96.94405445615116,14.388810891230236,True,5.403343609949747,13.985467281280489,True
17483,0.39549167078187303,1.0,434.4814601229518,94.87453510031064,0.7466461181640625,train,70.83770334526703,9.167540669053407,False,5.333246805350038,8.834293863703369,False
17484,0.364831604613555,0.6182054511222131,140.29814292506046,28.366597414563454,0.8607261538505554,train,24.41587229046431,-0.11682554190713734,False,5.311031054443164,-0.42785659635030093,False
17486,0.815272065058757,1.0,434.4814601229518,193.42863990050122,0.5882226228713989,train,113.77910190072016,17.755820380144034,True,5.596235354587215,17.15958502555682,True
17487,0.19256894748726386,1.0,434.4814601229518,46.54244508081951,0.9614406824111938,train,44.74780015958862,3.9495600319177253,False,5.176109759708369,3.773450272209356,False
17488,0.22446466132906934,1.0,434.4814601229518,54.18012722576115,0.9135925769805908,train,49.4985620533194,4.899712410663881,False,5.202503737319541,4.69720867334434,False
17489,1.23879263504472,1.0,434.4814601229518,291.6307183703359,0.4311171889305115,train,125.72701550960488,20.145403101920976,True,5.805936718340858,19.339466383580117,True
17490,0.5814152876207647,0.8788083417585458,328.3140258797844,105.64891935757657,0.5882226228713989,train,62.1450844480426,7.429016889608521,False,5.458320197751485,6.970696691857036,False
17491,3.6332429088652134,0.9860258328018984,336.51472741006455,673.9031702920782,0.018114506825804712,train,12.207423578187287,-2.5585152843625423,False,6.533257035205839,-4.091772319568381,False
17492,1.127761305036489,0.9430428479007481,388.89173856458456,242.00967472209345,0.41037037372589114,train,99.31360066098684,14.862720132197367,True,5.75507039650216,14.107649735695208,False
17493,0.4381905309283901,1.0,434.4814601229518,104.97571166922667,0.7656313896179199,test,80.37270000144011,11.074540000288021,False,5.363385747690441,10.71115425259758,False
17494,0.30607410339014884,1.0,434.4814601229518,73.64903877456038,0.8842542767524719,train,65.12447751511365,8.024895503022732,False,5.267025769972071,7.7578697330506605,False
17495,0.43018149742183853,1.0,434.4814601229518,103.08261445744317,0.7309745192527771,train,75.3507645463489,10.07015290926978,False,5.357801357492006,9.712351551777774,False
17496,1.0295117453474516,0.897668141746161,358.30470096067836,204.2888841705312,0.4304091274738312,train,87.9278003884409,12.585560077688182,False,5.707795244590958,11.877764833097224,False
17497,0.5395948880974205,0.8891935322631613,145.9799415857801,43.63925927566934,0.6173507690429687,train,26.940730274299973,0.38814605485999465,False,5.431519322142272,-0.043373267282277084,False
17499,0.624014436022882,0.9265855114604901,588.9060729682611,203.34641532030068,0.48365222811698916,train,98.34894684926608,14.66978936985322,True,5.484901130876629,14.18488823897659,True
17501,1.1416935050769146,1.0,434.4814601229518,269.1979594088571,0.5051337063312531,train,135.98096297300623,22.196192594601246,True,5.761596873588077,21.434595721013167,True
17504,4.712473320954147,0.9823022242890642,650.9840420800524,1693.4228139302636,0.018114506825804712,train,30.675519121913183,1.1351038243826368,False,6.7426520859169266,-0.6075482615342898,False
17505,0.9438650922758167,0.9592129310747401,427.0224271697133,222.9651960778399,0.28706775307655336,train,64.00611785233865,7.80122357046773,False,5.664678306652705,7.136545263815025,False
17507,1.3810066937371748,0.8910809655942025,295.50225352740273,223.0217601777585,0.38081254363059996,train,84.92948377826586,11.985896755653172,False,5.867523378814161,11.118373376839012,False
17508,2.1186126237274583,0.9402710725551708,562.8582149034428,659.8434104693789,0.13092086762189864,train,86.38727179324368,12.277454358648736,False,6.137388231043306,11.14006612760543,False
17510,0.387677659530811,1.0,434.4814601229518,93.02369052685779,0.7180182814598084,train,66.79271040714349,8.358542081428698,False,5.327631601346749,8.03091048008195,False
17511,10.514252889524919,0.9837631059650899,3142.140801498013,18249.883563964442,0.0,train,0.0,-5.0,False,7.443585649667529,-7.443585649667529,False
17512,3.6831110790391657,0.9845554337806909,251.70601558942997,512.5339378752964,0.018114506825804712,train,9.284299516098624,-3.143140096780275,False,6.543962649552634,-4.68710274633291,False
17513,0.6558706603945201,0.7949042233444589,290.238595893663,105.06684129432001,0.597990345954895,train,62.82895677397847,7.565791354795694,False,5.504326949286323,7.061464405509371,False
17514,0.21310393306911085,1.0,434.4814601229518,51.46166984493818,0.8533052325248718,train,43.91251215315315,3.7825024306306307,False,5.19318230895345,3.589320121677181,False
17515,3.1095378321573843,0.9748597531036011,203.1739635211035,347.9482618063405,0.018114506825804712,train,6.30291116351784,-3.739417767296432,False,6.41331057258847,-5.152728339884902,False
17516,1.735928508845209,0.9480452862420663,246.61795821976582,234.70188089491,0.26168313920497893,train,61.41752496989312,7.2835049939786245,False,6.006470869610877,6.277034124367748,False
17517,0.6145444276632398,1.0,434.4814601229518,146.49476094675714,0.7180182814598084,train,105.18591649785601,16.037183299571204,True,5.479052828746061,15.558130470825143,True
17518,0.5163656542054351,0.8698089271349043,222.409562242676,63.6404292440543,0.6620197415351867,train,42.13122051933717,3.4262441038674343,False,5.416316454842363,3.0099276490250713,False
17519,3.334907684257899,0.9819806505970224,327.34525877912904,603.7164297348825,0.018114506825804712,train,10.93602538728298,-2.812794922543404,False,6.466700314563516,-4.27949523710692,False
17521,1.4474968360071592,0.9585837554032675,254.41168356084293,202.5201629760496,0.28706775307655336,test,58.13700813823195,6.627401627646391,False,5.895065802676917,5.732335824969474,False
17522,2.7252883768331673,0.9267996785307464,161.0084220260382,236.7906200078552,0.395427930355072,train,93.6336247972005,13.726724959440102,True,6.315144265434521,12.41158069400558,False
17524,0.7772396925766881,0.8358867700801079,197.0997318449245,84.4140179422038,0.597990345954895,test,50.47876779270116,5.095753558540233,False,5.575061426163254,4.520692132376979,False
17525,1.1301979118885073,0.734399135830199,371.6734621174215,230.94836132407806,0.4572018444538116,train,105.59001677095382,16.118003354190765,True,5.756214891784454,15.361788462406311,True
17526,2.643792357964551,0.9155327306052251,323.48404891474377,472.94865471226217,0.1316616103053093,test,62.26918147114614,7.453836294229228,False,6.293024995876419,6.16081129835281,False
17527,1.1645003189507008,1.0,434.4814601229518,274.4708930626608,0.49000765681266784,train,134.49283917291476,21.898567834582952,True,5.772189535255259,21.126378299327694,True
17529,0.35182752120912447,0.6815892229669902,391.39592904800406,76.42067116644853,0.7804721593856812,test,59.64420624698114,6.928841249396228,False,5.301457396412462,6.627383852983766,False
17530,1.909229037042621,0.976099026211598,262.87767191432897,277.79312320169424,0.1316616103053093,train,36.57468993247624,2.3149379864952486,False,6.067888110357547,1.2470498761377016,False
17531,0.9226195002651572,0.9624372052838794,361.34790230138316,184.48496589200843,0.4217989444732666,train,77.81556388443575,10.56311277688715,False,5.653688579251402,9.909424197635747,False
17532,0.4381905309283901,1.0,434.4814601229518,104.97571166922667,0.7850553154945373,train,82.41174044374833,11.482348088749667,False,5.363385747690441,11.118962341059227,False
17533,0.37059475794999625,1.0,434.4814601229518,88.97482186685458,0.8109996438026428,train,72.15854884142266,9.431709768284533,False,5.315244775523426,9.116464992761106,False
17534,0.8878822289385523,0.7181916615582488,322.60010298652355,158.49165720915053,0.4655351758003235,train,73.7834415017465,9.7566883003493,False,5.635455687037501,9.121232613311799,False
17535,0.7201143776516326,1.0,434.4814601229518,171.216784299875,0.6925609827041626,train,118.57806439016807,18.715612878033614,True,5.542390787249095,18.17322209078452,True
17536,0.47127811597845554,0.889469749140394,286.0981798422004,74.805545052648,0.6423507690429687,train,48.05139939324689,4.610279878649379,False,5.386131489675481,4.224148388973898,False
17537,0.6310562879520729,1.0,434.4814601229518,150.36742648397322,0.5568538665771484,train,83.7326828448556,11.74653656897112,False,5.489227834356725,11.257308734614394,False
17539,0.34649938943047076,0.4388603912878862,404.66840107582817,77.76409153891926,0.732461678981781,train,56.959217053089716,6.391843410617945,False,5.2975081798200785,6.094335230797866,False
17540,1.565910594475473,0.8969656837572857,249.96096957355167,216.15968641880667,0.3016831398010254,train,65.21173289723066,8.042346579446132,False,5.942313423215224,7.100033156230908,False
17541,0.299842701241534,1.0,434.4814601229518,72.16591613443057,0.8245885014533997,train,59.507184641301826,6.901436928260367,False,5.262243258101542,6.639193670158825,False
17542,0.5348643939960689,0.9365453037670493,218.21175428554884,64.70271672290987,0.7105807065963745,train,45.976502167670354,4.1953004335340705,False,5.428442034463146,3.766858399070925,False
17543,0.2721434861016134,1.0,434.4814601229518,65.5665877017416,0.8850211501121521,train,58.027816856724634,6.605563371344928,False,5.240703262095094,6.364860109249834,False
17544,0.43018149742183853,1.0,434.4814601229518,103.08261445744317,0.622990345954895,train,64.21947364277759,7.843894728555519,False,5.357801357492006,7.486093371063513,False
17545,0.572119991138404,0.8799857267699963,428.9138376648216,135.84216759537304,0.4655351758003235,train,63.239307372609,7.6478614745218,False,5.452425021334726,7.1954364531870745,False
17547,0.4951764917777593,0.9065783100510209,343.28511441437723,94.28017582679222,0.6708616375923157,train,63.24895314765328,7.649790629530656,False,5.402244254575584,7.247546374955072,False
17548,2.2180555613134025,0.9409173520709638,199.63726909693372,242.720204827195,0.3204639792442322,train,77.78308268189801,10.556616536379602,False,6.168777314211507,9.387839222168095,False
17550,2.1288891578965847,0.9779606209434185,373.17268087902534,439.1364023812799,0.07439913079142571,train,32.67136663604099,1.534273327208199,False,6.14067803992909,0.3935952872791093,False
17551,0.485174383619384,1.0,434.4814601229518,116.06726340100279,0.7030795097351075,train,81.60451464827263,11.320902929654526,False,5.395532195407018,10.925370734247508,False
17552,1.653131737495583,0.7008250268644778,294.9286770558176,269.23451800249273,0.4221756994724274,train,113.66427095982421,17.732854191964844,True,5.975740729970872,16.75711346199397,True
17553,0.6944588320025863,0.712932652878452,698.0188168616879,268.196929940827,0.5882226228713989,test,157.75950157585007,26.551900315170016,True,5.527363416699073,26.02453689847094,True
17555,1.2506776540456772,0.887722661009974,219.07043450440509,151.35458043125018,0.28706775307655336,train,43.449019322243466,3.6898038644486935,False,5.811231350446722,2.878572514001972,False
17556,1.0751829277643337,0.9449303933873534,207.67624017440278,122.66479638546242,0.4687097787857056,train,57.49418957862371,6.498837915724742,False,5.730049307755692,5.76878860796905,False
17557,0.19131914382366463,1.0,434.4814601229518,46.24281635011668,0.8850211501121521,train,40.92587051060529,3.1851741021210582,False,5.175061217385713,3.010112884735345,False
17558,0.4255153748576937,1.0,434.4814601229518,101.97935050384328,0.7110795021057129,train,72.51542578133686,9.503085156267373,False,5.354533414901828,9.148551741365544,False
17559,0.2975709219164261,1.0,434.4814601229518,71.62507934007682,0.8430354714393615,train,60.38248252834334,7.076496505668668,False,5.2604939950006315,6.816002510668037,False
17560,1.8342576844418186,0.9736307361236612,268.04406094017133,271.8047543292366,0.10135565251111985,test,27.5489482306644,0.5097896461328801,False,6.041780063190654,-0.5319904170577736,False
17561,0.7018517401809732,0.8990907256813709,199.85110112975826,77.79712700264851,0.42228121161460874,train,32.852265050814005,1.570453010162801,False,5.531716917180091,1.0387360929827096,False
17563,0.3452328479138623,0.5700671780941263,104.90373481780694,20.065288356371394,0.803547716140747,train,16.12341663246776,-1.775316673506448,False,5.296567119195617,-2.0718837927020655,False
17565,0.2507229797071835,1.0,434.4814601229518,60.45539221500922,0.8607261538505554,test,52.03553722075169,5.4071074441503395,False,5.223721767880534,5.183385676269806,False
17567,2.4511792595313113,0.9473558455080342,466.70771990467625,628.0811291295237,0.05441379956901073,train,34.17628067353185,1.8352561347063698,False,6.238715986994952,0.5965401477114183,False
17568,0.22793668066365866,1.0,434.4814601229518,55.01050910441071,0.8533052325248718,test,46.940755262650754,4.3881510525301515,False,5.205335265418059,4.182815787112093,False
17569,0.5460048598333355,1.0,434.4814601229518,130.39402369262493,0.7029497265815735,test,91.6604433026019,13.33208866052038,False,5.4356740936488634,12.896414566871517,False
17571,1.0515592188618892,0.9315632870933395,204.40119511501075,118.69719663672105,0.3868783116340637,train,45.921371030511104,4.184274206102222,False,5.71860009861163,3.4656741074905915,False
17572,2.2050890338142435,0.966030277598606,84.5982750821131,103.20652331897551,0.31706775426864625,train,32.72346057462224,1.5446921149244481,False,6.164739869648016,0.37995224527643234,False
17574,0.9396163524808873,1.0,434.4814601229518,222.36301006701999,0.5399139046669006,test,120.05688101877008,19.01137620375402,True,5.662490197065701,18.348886006688318,True
17575,0.21387711195198775,1.0,434.4814601229518,51.64674805560269,0.9812280654907226,train,50.67723868348577,5.135447736697154,False,5.193819461773922,4.941628274923232,False
17576,8.183506893204383,0.9777421841422923,223.914678803539,1012.3709635132024,0.018114506825804712,train,18.338600728806398,-1.3322798542387204,False,7.217409146193715,-3.5496890004324353,False
17577,0.26037395128317137,0.4793118203983615,271.9961687362296,39.283554677144735,0.8843242883682251,train,34.739401534440276,1.947880306888056,False,5.231408463663591,1.7164718432244648,False
17578,1.9644868757822849,0.9631892776415291,233.73968088517222,253.0311074659244,0.3084963262081146,train,78.05916706960832,10.611833413921666,False,6.086703957028579,9.525129456893087,False
17579,0.25506350462531424,1.0,434.4814601229518,61.49165794629337,0.8020402789115906,train,49.318786489981264,4.863757297996253,False,5.227186172598616,4.636571125397637,False
17580,2.532175567409907,0.9218568487442566,112.8229483744551,156.69581736381951,0.24452116936445237,train,38.315444496319806,2.663088899263961,False,6.261913989153529,1.4011749101104325,False
17581,3.91166112230973,0.9801307429244679,759.3711478957142,1642.2854388751728,0.0,train,0.0,-5.0,False,6.591612198707147,-6.591612198707147,False
17582,1.5961098975234207,0.9594101324444488,293.57715924624875,258.9347728623154,0.27268279790878297,train,70.60705833997137,9.121411667994275,False,5.954014131352366,8.167397536641909,False
17583,0.2654020095250402,1.0,434.4814601229518,63.958735515500564,0.8850211501121521,test,56.604833665647256,6.320966733129453,False,5.235389865784578,6.085576867344875,False
17584,0.8385875856500117,0.7173416675119497,1149.3093834980295,533.6528740179563,0.4885464012622833,train,260.7141911247472,47.142838224949436,True,5.608997660357939,46.5338405645915,True
17585,2.1483756472396043,0.9241233385207964,289.2048761739262,341.70902658264356,0.09635044410824775,train,32.92381646703474,1.5847632934069482,False,6.146886652292326,0.437876641114622,False
17586,0.23427857400745963,1.0,434.4814601229518,56.526758823293534,0.9414406776428222,train,53.21659013155384,5.643318026310769,False,5.210486648796257,5.432831377514512,False
17587,0.2301618121264588,1.0,434.4814601229518,55.542577693392765,0.8673304677009582,train,48.173769888127154,4.634753977625431,False,5.2071457153061385,4.427608262319293,False
17588,1.5568579099066515,0.9614972868061071,424.0702580958626,364.95757290106036,0.20818194448947908,test,75.97757718270356,10.195515436540711,False,5.938779125702323,9.256736310838388,False
17589,4.645045340403248,0.988756545312894,915.9031907458645,2347.085896990874,0.018114506825804712,test,42.516303501791164,3.503260700358233,False,6.73077822952743,1.772482470830803,False
17591,1.7370092568790907,0.9742091863613006,330.0333876471384,317.13785829338536,0.16521738916635514,train,52.39668895304264,5.479337790608529,False,6.006865812178907,4.472471978429622,False
17592,0.18947457943224372,1.0,434.4814601229518,45.800549399016965,0.9135925769805908,train,41.84304195257476,3.368608390514952,False,5.1735116797315435,3.1950967107834085,False
17593,1.6783560663162276,0.8608120316744907,656.5800964448896,609.9679942766408,0.1724798709154129,train,105.2072009153683,16.04144018307366,True,5.985203198220091,15.05623698485357,True
17594,0.9325784543120594,0.9458128302489782,587.1947455377107,302.924100947918,0.2716831386089325,train,82.29937050581947,11.459874101163894,False,5.658855097970816,10.801019003193078,False
17596,2.5370281222454034,0.983174338524726,315.50135551785144,442.7411140045867,0.018114506825804712,train,8.020036931700467,-3.3959926136599066,False,6.263286861066884,-4.659279474726791,False
17597,1.745157071581445,0.9667409490116111,773.4310792818706,745.061436253548,0.11969987973570824,test,89.18376431526374,12.836752863052748,False,6.009838294301284,11.826914568751464,False
17598,0.44481622074729016,1.0,434.4814601229518,106.54128978952978,0.6813801646232605,train,72.5951215759643,9.51902431519286,False,5.367982130602121,9.15104218459074,False
17599,0.32642800699748753,1.0,434.4814601229518,78.48969928985036,0.8430354714393615,train,66.16960064395272,8.233920128790544,False,5.28248962022233,7.9514305085682135,False
17601,1.0542410325105789,0.9300398650724055,173.33128405643134,100.39092372227017,0.4303485631942749,test,43.20308978162502,3.640617956325004,False,5.719906452484633,2.920711503840371,False
17602,2.265169117948391,0.8220613349132497,383.93162998553373,479.98786530338907,0.1958132043480873,train,93.98796195325473,13.797592390650944,True,6.183311558614649,12.614280832036295,False
17603,0.3857702959431969,0.49099246809963815,540.2566967928122,115.59164203733049,0.732461678981781,train,84.66644820292412,11.933289640584825,False,5.32625615538999,11.607033485194835,False
17604,1.7600944088949526,0.9700948630133691,168.72933162381946,164.25621605305543,0.272614586353302,train,44.77864039526231,3.955728079052461,False,6.0152648852654025,2.9404631937870587,False
17605,0.248607696417765,1.0,434.4814601229518,59.950279822264115,0.9135925769805908,train,54.77013063352979,5.954026126705958,False,5.222029087664444,5.731997039041515,False
17606,0.18977953149423307,1.0,434.4814601229518,45.873671164935395,0.9614406824111938,test,44.10481370952219,3.820962741904438,False,5.173768022307361,3.647194719597077,False
17607,0.4533862046956033,1.0,434.4814601229518,108.56556988654933,0.6848595380783081,train,74.35216604371045,9.870433208742092,False,5.3738961474088285,9.496537061333264,False
17608,0.5148796180352716,0.8433303017788566,193.15608804145242,55.09388731397442,0.6075830459594727,train,33.474111867972525,1.694822373594505,False,5.41533597576149,1.2794863978330149,False
17609,1.879781307401102,0.9048335503439333,197.5237062693592,205.0068976752716,0.26007936596870423,train,53.318063966595666,5.663612793319134,False,6.057714356334479,4.6058984369846545,False
17610,0.5520237448805713,0.4033296355031508,293.6695814900547,89.80108904782016,0.7211888194084167,train,64.76354139198752,7.952708278397504,False,5.439559721180441,7.513148557217063,False
17611,5.072899783035616,0.9865030865001059,343.39531087500137,962.8764692738226,0.0,train,0.0,-5.0,False,6.803836214726852,-6.803836214726852,False
17612,3.7044160466741287,0.9790272467123741,317.04268353986225,649.216343494706,0.018114506825804712,train,11.76023388565883,-2.647953222868234,False,6.548501651981642,-4.196454874849875,False
17613,5.217365688265074,0.9702115993083911,387.18916763217095,1097.3352913866381,0.031157984957098962,train,34.19075650191868,1.8381513003837355,False,6.827346294253016,0.010805006130719441,False
17615,2.2086380605698133,0.9682899335570855,151.00992367387627,183.48259338612863,0.28706775307655336,train,52.671935812014816,5.534387162402965,False,6.165846566913295,4.368540595489669,False
17616,1.338099223821844,0.9332674980869821,226.79126155729375,167.02158169325625,0.3244778633117676,train,54.194805954779625,5.838961190955926,False,5.849338301765186,4.98962288919074,False
17617,0.2666027527605964,1.0,434.4814601229518,64.24516425133838,0.8071539163589477,train,51.855735932591635,5.3711471865183285,False,5.236338318444268,5.13480886807406,False
17618,2.945598590644007,0.9565497485954841,363.9915193463013,592.4314914469364,0.018114506825804712,train,10.731604295637196,-2.853679140872561,False,6.372600676790948,-4.226279817663508,False
17619,0.6019464651983688,1.0,434.4814601229518,143.5384867595094,0.6528692960739135,train,93.71187081019566,13.742374162039134,True,5.47121943060862,13.271154731430514,False
17621,2.0378344144951366,0.7635274406543855,357.9836141728779,400.33406758843006,0.4070945978164673,train,162.97383623714236,27.59476724742847,True,6.111144897913664,26.483622349514807,True
17622,0.2561140789544101,0.4118312306868933,400.7016166092129,56.843046208089504,0.7307976007461547,test,41.54076178797462,3.308152357594924,False,5.228022891114469,3.0801294664804555,False
17623,1.2893112646402831,0.765583597655479,332.7921301281484,237.53659104508972,0.4504091262817383,test,106.98864843256145,16.397729686512292,True,5.828251014530448,15.569478671981845,True
17624,0.7649401967123195,0.9577616210594516,407.2723162475856,172.74981810022365,0.3422629237174988,train,59.12585781464864,6.825171562929729,False,5.568116806928684,6.257054756001045,False
17625,1.32731666882964,0.9557637595965275,929.1601902925607,683.0101585301794,0.2259523779153824,train,154.32776946025635,25.86555389205127,True,5.844715959646636,25.020837932404635,True
17626,0.24247088807780223,1.0,434.4814601229518,58.48446603668418,0.8850211501121521,train,51.759989395481334,5.351997879096267,False,5.217102048595689,5.134895830500578,False
17627,0.325525954873414,1.0,434.4814601229518,78.27528805368927,0.7884514212608338,train,61.716262115532466,7.3432524231064935,False,5.281809327749812,7.061443095356681,False
17629,2.645041049956043,0.9598290775130344,237.7067279654278,344.8359850943479,0.07876162640750409,train,27.15984302986468,0.4319686059729362,False,6.293367627387889,-0.861399021414953,False
17630,1.021755769579074,1.0,434.4814601229518,241.42631614662875,0.4572018444538116,train,110.3805570419277,17.076111408385543,True,5.703966326744673,16.37214508164087,True
17631,1.3259491584408094,0.964149877796695,190.6827642775518,140.03883866096362,0.28706775307655336,train,40.2006347578528,3.04012695157056,False,5.844128195921561,2.195998755648999,False
17633,0.7817177996971187,0.4447653295326407,208.8386630115198,89.56781824848863,0.6925609827041626,test,62.03117622484111,7.406235244968222,False,5.57757795494644,6.828657290021782,False
17634,3.6154921193881213,0.9529693524911486,265.6703812193172,523.7699228090542,0.11969987973570824,test,62.69519676942497,7.539039353884995,False,6.52941849702339,6.009620856861605,False
17635,0.8090175558247578,0.7970607065367596,370.4030398363906,165.7108959744189,0.4655351758003235,train,77.14425108948022,10.428850217896045,False,5.592783911078483,9.836066306817562,False
17638,0.3136152567674223,0.6325949178730199,270.06944047465805,47.02312964535871,0.7679124593734741,test,36.109647133405126,2.221929426681026,False,5.272783074118298,1.9491463525627282,False
17639,1.654041163939303,0.9180862616524497,164.55073088242318,149.83502226560213,0.34679592251777647,test,51.96217477207107,5.392434954414215,False,5.976083445940188,4.416351508474027,False
17640,1.325509458213524,0.8014257157894045,513.9449656936391,376.48493115423224,0.4420757949352264,train,166.4348752211412,28.286975044228242,True,5.84393913684791,27.443035907380334,True
17642,0.6798635944580236,0.8723293230402018,417.43569449583356,157.40961704654498,0.4420757949352264,train,69.58698158630094,8.917396317260188,False,5.518712596343789,8.398683720916399,False
17643,0.6666604170306565,0.8656778292468202,161.47575611501608,59.46925132685682,0.597990345954895,test,35.562038174625705,2.112407634925141,False,5.5108218739773545,1.6015857609477866,False
17644,3.4739272495243214,0.9812944238015174,345.03988688496696,661.8413286707266,0.018114506825804712,train,11.988929265805536,-2.6022141468388926,False,6.498266602212512,-4.100480749051405,False
17646,3.3972288618481,0.9763846919218783,317.18285232365605,595.7250957919699,0.018114506825804712,test,10.791266314026805,-2.8417467371946388,False,6.480974538388855,-4.322721275583493,False
17647,0.21310393306911085,1.0,434.4814601229518,51.46166984493818,0.9000282049179077,train,46.31695433261773,4.263390866523547,False,5.19318230895345,4.070208557570098,False
17648,1.7130314844542918,0.9604153551731385,541.8695023836236,509.1090706742387,0.15189566910266877,train,77.33146293630138,10.466292587260277,False,5.99806663864237,9.468225948617906,False
17649,0.4623482221676048,0.5495837975864535,90.39178152852276,23.06176055083117,0.622990345954895,train,14.36725418389126,-2.126549163221748,False,5.380043515023929,-2.506592678245677,False
17651,0.07027023351942832,0.03420456179616898,365.20913779754864,14.142836408980612,0.6925609827041626,train,9.794776681627821,-3.0410446636744357,False,5.067911171278302,-3.108955834952738,False
17652,2.78450547081013,0.9593738134643129,593.1864534588856,897.8408899936338,0.0718051042407751,train,64.46955869762317,7.8939117395246345,False,6.330915223349375,6.56299651617526,False
17654,0.733627793086659,1.0,434.4814601229518,174.3750549167426,0.7229745268821717,train,126.0687228284847,20.213744565696942,True,5.5502162031181115,19.66352836257883,True
17655,3.278780428605956,0.9640716784069587,329.8858715561397,592.6734000805733,0.05441379956901073,test,32.24961160186842,1.4499223203736848,False,6.45366802240132,-0.003745702027635467,False
17657,0.3753197360068338,1.0,434.4814601229518,90.09506013842393,0.7758354663848877,train,69.89894300146864,8.979788600293729,False,5.318686239364094,8.661102360929634,False
17658,1.252115170500745,1.0,434.4814601229518,294.70532881099507,0.41024417281150816,train,120.9011438412102,19.180228768242042,True,5.811869850399937,18.368358917842105,True
17659,4.355705630184,0.9809113373543403,200.32073391331892,476.97001260603236,0.0718051042407751,train,34.24888147489997,1.8497762949799936,False,6.678162465561247,0.1716138294187468,False
17660,0.18977953149423307,1.0,434.4814601229518,45.873671164935395,0.8430354714393615,train,38.67313199718556,2.7346263994371114,False,5.173768022307361,2.56085837712975,False
17662,0.2932936777730606,0.5925819316407359,127.34396993236659,20.736180349346746,0.8843242883682251,train,18.337507930911233,-1.3324984138177531,False,5.257192202981323,-1.5896906167990763,False
17663,4.262325540832084,0.9844212004817482,303.76667196471374,714.4284251875115,0.005940594151616097,train,4.244129324417229,-4.151174135116554,False,6.660573047073153,-5.811747182189707,False
17664,0.9145523184963651,0.9578059367400859,303.79597095325965,153.75316208888984,0.35803234577178955,train,55.04860529251541,6.009721058503082,False,5.649483819060577,5.3602372394425055,False
17665,0.31257035109785775,1.0,434.4814601229518,75.19462221559391,0.7239949345588684,train,54.44052559015775,5.88810511803155,False,5.271987314883631,5.616117803147919,False
17666,0.543943477325787,0.46498064653472543,497.2019955878018,149.28869926073193,0.6015088677406311,train,89.79847645879445,12.95969529175889,False,5.434339842982877,12.525355448776015,False
17667,1.8504933843927833,0.9714845632553561,554.1601405018963,566.8298366506818,0.031157984957098962,test,17.661275523596807,-1.4677448952806387,False,6.047492096628284,-2.515236991908923,False
17669,1.985566430474114,0.9711663839429497,562.5091680937309,616.7987899125071,0.09895913898944855,train,61.03787717947547,7.2075754358950945,False,6.093789487795415,6.11378594809968,False
17670,1.068502521423805,1.0,434.4814601229518,252.25921357506718,0.4572018444538116,train,115.33337772698872,18.066675545397743,True,5.726824925881026,17.339850619516717,True
17671,1.7618453369662108,0.9512340553697178,397.4107759171739,383.7805153757823,0.21428571343421937,train,82.2386815394519,11.44773630789038,False,6.015899056665498,10.431837251224882,False
17672,1.1653087289491133,0.9233644811224972,753.0274794169395,485.42240230517785,0.28706775307655336,train,139.34911832277015,22.869823664554033,True,5.77256295126454,22.097260713289494,True
17673,3.000430942614183,0.9842079379490281,379.99822296492016,629.282633036009,0.018114506825804712,train,11.399144551491146,-2.7201710897017706,False,6.386402090970368,-4.106573180672138,False
17674,0.46780864986364196,1.0,434.4814601229518,111.97044649820967,0.6563801646232605,test,73.49518010543486,9.699036021086972,False,5.3837705741920185,9.315265446894953,False
17675,13.422552557963337,0.9955487323233319,548.0022039582884,4062.0560596869,0.012173912674188613,train,49.45111574828701,4.890223149657402,False,7.668793131306826,2.221430018350576,False
17676,1.3831445403149443,0.8248667304278084,261.69385493456866,200.00039783987896,0.42138031125068665,test,84.27622989202935,11.855245978405872,False,5.868420851046354,10.986825127359518,False
17677,6.919281867409659,0.9804821366540866,1034.5892582144681,3954.5007356267165,0.0,train,0.0,-5.0,False,7.0693005284084,-7.0693005284084,False
17678,0.5764321131514446,0.9364725149712492,322.6322272190651,103.01515415318168,0.622990345954895,train,64.1774465244875,7.8354893048975,False,5.455164137325998,7.3803251675715025,False
17679,0.6880230404451497,0.6432749789981109,377.6446915300109,144.01180990259382,0.597990345954895,train,86.11767202524265,12.223534405048532,False,5.5235580456334255,11.699976359415107,False
17680,0.6511613710547418,0.8585558025797373,149.54643858060402,53.805945658022985,0.6675609827041626,test,35.918749958796596,2.1837499917593197,False,5.501478901563636,1.6822710901956839,False
17681,0.26595811744584835,0.23149277521329023,148.96258046207885,21.9419004189795,0.8161182403564453,train,17.9071851600139,-1.4185629679972198,False,5.235829240588526,-1.6543922085857456,False
17682,2.5906952283725824,0.9810424119223773,335.2306782023875,479.5887622355582,0.018114506825804712,test,8.687513907095251,-3.2624972185809495,False,6.2783458406794015,-4.540843059260351,False
17683,0.9157494910875752,0.833993174880439,183.91225705072404,93.0405175791053,0.4572018444538116,test,42.538296246104224,3.507659249220845,False,5.650108925221767,2.857550323999078,False
17685,2.975531942968708,0.935872971803804,354.7125569251708,582.9543613995456,0.05441379956901073,train,31.720761779075524,1.3441523558151047,False,6.380158561283405,-0.03600620546830058,False
17686,1.5329591035411876,0.9660581759173146,1364.9035356356324,1153.9738645754821,0.12209639325737953,train,140.8960467779461,23.179209355589222,True,5.929388225425791,22.249821130163433,True
17687,0.387677659530811,1.0,434.4814601229518,93.02369052685779,0.7030795097351075,train,65.40305072937353,8.080610145874708,False,5.327631601346749,7.752978544527959,False
17688,0.4255153748576937,1.0,434.4814601229518,101.97935050384328,0.7030795097351075,train,71.69959175534682,9.339918351069365,False,5.354533414901828,8.985384936167536,False
17689,0.6906694382421029,0.8255818734828901,202.08462879401256,77.02177860961197,0.6675609827041626,train,51.41673421825502,5.283346843651005,False,5.525124567804255,4.75822227584675,False
17690,4.382344903000736,0.9890961333686689,383.55869066028845,928.0621027285677,0.04854928962886333,test,45.05675581894115,4.01135116378823,False,6.683124134792587,2.3282270289956433,False
17691,1.272450323218917,0.8267280398333035,174.02661192097054,122.18330267337747,0.5568538665771484,train,68.03824452483627,8.607648904967256,False,5.82085868686089,7.786790218106366,False
17692,3.958715253529478,0.9619485807653277,281.43749634694075,613.0879691559666,0.031157984957098962,train,19.10258572033996,-1.179482855932008,False,6.601146685719152,-2.7806295416511597,False
17694,0.4552531859751969,0.6775199240558247,735.7473630310159,185.35411127534869,0.6075830459594727,train,112.61801550978738,17.523603101957477,True,5.375179896464818,17.14842320549266,True
17695,0.7541248618606896,0.8833899953027203,347.8868321747153,145.37046404948248,0.4655351758003235,train,67.67506453745044,8.535012907490088,False,5.561970078338039,7.97304282915205,False
17696,5.762478165233675,0.9922243854561582,306.9432642696247,977.3669262141358,0.005940594151616097,train,5.806140245850696,-3.8387719508298606,False,6.911389415366452,-5.750161366196313,False
17697,0.9872232023800699,1.0,434.4814601229518,233.41640757785586,0.4870166540145874,train,113.67767781067253,17.73553556213451,True,5.686738288604757,17.04879727352975,True
17698,0.8209858579841125,1.0,434.4814601229518,194.76036982242647,0.6684458255767822,train,130.18675619559127,21.037351239118255,True,5.599378034643987,20.437973204474268,True
17699,0.5152869052954796,0.7651455092385517,290.8125149503012,82.92137182148305,0.7559404492378234,train,62.68361906614849,7.536723813229699,False,5.415604797464539,7.12111901576516,False
17700,3.039113948963164,0.9787746464735048,456.9180040261072,768.0429641568601,0.012173912674188613,test,9.35008797567059,-3.129982404865882,False,6.396025348355433,-4.526007753221315,False
17701,0.8697693397413027,1.0,434.4814601229518,206.12180185989308,0.5568538665771484,test,114.77972235153032,17.955944470306065,True,5.6258150755266145,17.33012939477945,True
17702,1.6136517119198635,0.9548938285559763,462.08518111745934,409.32663881107345,0.1834057942032814,train,75.07287727970464,10.014575455940928,False,5.960748366814476,9.053827089126452,False
17703,0.39024773059958,1.0,434.4814601229518,93.63252409045889,0.7030795097351075,test,65.83110913278047,8.166221826556095,False,5.3294819547156225,7.836739871840472,False
17704,0.9628276699745931,1.0,434.4814601229518,227.75384026128015,0.4572018444538116,train,104.12947584889606,15.825895169779216,True,5.674386122329373,15.151509047449842,True
17705,1.76993290260345,0.9658633127003704,147.97183863392033,144.53839212434332,0.38213822841644285,train,55.23364510455769,6.046729020911538,False,6.018823097019027,5.0279059238925115,False
17706,4.267505193498383,0.9888536112589347,663.8756484778762,1564.7770576017283,0.018114506825804712,train,28.34516469078912,0.6690329381578239,False,6.661556852647004,-0.9925239144891798,False
17707,2.2147819850511308,0.982960740319964,90.54721248174938,110.96669471521052,0.305463981628418,train,33.89632839585333,1.779265679170667,False,6.167759543586566,0.6115061355841007,False
17708,2.0853317280070733,0.9693439904934282,209.03861026497106,239.30745914163236,0.2754639804363251,train,65.92058524325728,8.184117048651457,False,6.126659180914274,7.057457867737183,False
17709,0.7459383272034658,0.54849385399879,117.24897138813269,48.33865489919132,0.6925609827041626,train,33.47746633958132,1.6954932679162642,False,5.557292134458778,1.1382011334574864,False
17710,0.38388551649578073,1.0,434.4814601229518,92.12521053115658,0.7180182814598084,test,66.1475853447041,8.22951706894082,False,5.324895134479092,7.904621934461729,False
17711,0.6824164785052534,1.0,434.4814601229518,162.39897791259583,0.6925609827041626,test,112.47119573329896,17.494239146659794,True,5.520231140000121,16.974008006659673,True
17713,1.1797420446068239,0.7700355385528828,307.6579647772639,200.28174330330123,0.48365222811698916,train,96.86671139979651,14.373342279959303,True,5.779206541637661,13.594135738321642,False
17714,1.7875861762296308,0.8427156236826236,275.36997721662,271.10356760545045,0.3593839704990387,train,97.43027654250135,14.48605530850027,True,6.0251760515477,13.46087925695257,False
17715,0.5977717917552543,0.9492671149011876,345.8267559509204,114.47931859839821,0.6075830459594727,train,69.55569309337969,8.911138618675938,False,5.468610028482159,8.44252859019378,False
17716,3.5306379999764457,0.9560112041033971,927.007615531415,1809.7763366130723,0.028796137496829032,train,52.114568227617575,5.422913645523515,False,6.510862768424981,3.912050877098534,False
17717,0.38640529964851567,1.0,434.4814601229518,92.72224712068062,0.689380156993866,train,63.92087727687885,7.78417545537577,False,5.326714282008979,7.4574611733667915,False
17718,0.5361531925297696,0.9441511764574215,192.4673851734872,57.21009011815395,0.6622457861900329,train,37.887141108299495,2.5774282216598996,False,5.429281364472206,2.148146857187694,False
17719,5.826564702354251,0.9686518127240656,352.40273252771624,1109.107068892338,0.05441379956901073,train,60.35072974728066,7.070145949456133,False,6.9208215752130755,5.149324374243058,False
17720,2.895469374858466,0.9658219970477603,272.3298413852326,434.67062710905384,0.031157984957098962,train,13.543460860756673,-2.2913078278486654,False,6.359814179086321,-3.6511220069349863,False
17721,0.21702679807157704,1.0,434.4814601229518,52.40059537209681,0.9135925769805908,train,47.87279496131114,4.574558992262229,False,5.196410833542398,4.378148158719831,False
17722,2.4661062196260035,0.96817153190292,682.1338509063227,920.845246770526,0.05441379956901073,train,50.10668869184763,5.021337738369526,False,6.2430318369940565,3.77830590137547,False
17723,2.4637469283416715,0.9672451728909761,390.47176091355874,526.6123907323453,0.17688405364751816,train,93.14933437374796,13.629866874749592,True,6.242350930393263,12.387515944356329,False
17725,4.196675349421989,0.963341351417123,319.0749882770015,725.3981590836576,0.09635044410824775,test,69.89243478301576,8.978486956603152,False,6.648019065231865,7.3304678913712875,False
17726,1.4729198945845863,0.6911463056800545,173.42264933759276,141.24155335953077,0.5568538665771484,train,78.65090510961734,10.73018102192347,False,5.905399596014885,9.824781425908585,False
17728,0.6796108893377801,0.7648429734170766,383.6644194707191,143.76969854266395,0.4304091274738312,train,61.87979050692373,7.375958101384747,False,5.518562153099205,6.857395948285542,False
17729,0.24550091465461227,1.0,434.4814601229518,59.20827970738354,0.8161789655685425,train,48.324552484665226,4.664910496933047,False,5.219537790087241,4.445372706845806,False
17730,4.02059371902537,0.9868342537734642,416.33103374617065,922.4366053133523,0.018114506825804712,train,16.709484183320846,-1.6581031633358307,False,6.613548197432393,-3.2716513607682236,False
17731,0.3159279366824915,0.581576477223072,156.74502331958203,27.468001339730943,0.8843242883682251,test,24.29062073765502,-0.1418758524689956,False,5.274542072043968,-0.416417924512964,False
17732,0.9519732142446987,0.2937194457661756,302.08810147994853,158.087687159724,0.597990345954895,test,94.53491073585256,13.906982147170513,True,5.668840765686043,13.238141381484471,False
17733,0.815272065058757,1.0,434.4814601229518,193.42863990050122,0.597990345954895,train,115.66845929168552,18.133691858337105,True,5.596235354587215,17.53745650374989,True
17734,1.2070783461263723,0.9582762969236716,195.1679826942891,130.32278318597412,0.32876357436180115,train,42.84538402099889,3.5690768041997796,False,5.791669625569028,2.7774071786307513,False
17735,7.332830834892334,0.98941327885196,632.4585367370557,2545.5375010652565,0.018114506825804712,train,46.111156438388456,4.222231287677692,False,7.120203234569065,2.1020280531086275,False
17738,2.1711378251671896,0.9258301150242493,438.39048737811515,525.6153198204765,0.08939392194151878,train,46.98681487129811,4.397362974259622,False,6.154090458871266,3.2432725153883553,False
17739,3.9622583913901557,0.9864548679195198,430.7364613698836,943.5209407395372,0.018114506825804712,train,17.09141652131603,-1.5817166957367936,False,6.601860957954544,-3.183577653691338,False
17740,1.395811777108296,0.7909451528559787,88.51506240168126,68.35958509694193,0.6075830459594727,test,41.53412493372575,3.3068249867451502,False,5.873722120033998,2.4331028667111525,False
17741,0.580874808225381,0.8605986981458911,127.16359537170824,40.87267343559042,0.7220647811889649,train,29.512718000877616,0.9025436001755232,False,5.457978369908836,0.4445652302666874,False
17742,2.3443406586247844,0.8330970833622365,208.55398520576816,270.47111047200764,0.28706775307655336,train,77.64353395531947,10.528706791063895,False,6.207269561632217,9.321437229431677,False
17743,0.3549560698998087,1.0,434.4814601229518,85.26508208192008,0.75689857006073,train,64.53701870391609,7.907403740783218,False,5.303769033067952,7.603634707715266,False
17744,2.88649182445385,0.9076273911818565,328.071984395709,518.0824827860388,0.14948754161596298,train,77.44687670597939,10.48937534119588,False,6.357506906110433,9.131868435085448,False
17745,0.5150767134920634,0.7545509669466465,169.313850659962,48.250230121049476,0.6925609827041626,train,33.41622678833601,1.6832453576672028,False,5.415466073647734,1.2677792840194693,False
17746,0.9257536565662341,0.950383658158235,268.0574604730514,137.2945670191873,0.4304091274738312,test,59.09283479762585,6.818566959525171,False,5.655317401024281,6.16324955850089,False
17748,0.2867100976676792,1.0,434.4814601229518,69.0384577557101,0.8071539163589477,train,55.72466155690317,6.144932311380636,False,5.252088648902953,5.8928436624776825,False
17749,0.6521252851680602,0.9357794845890302,380.76202881286326,137.3416633479016,0.5517722427845001,train,75.78131761322544,10.156263522645089,False,5.50206251070265,9.654201011942439,False
17751,0.38640529964851567,1.0,434.4814601229518,92.72224712068062,0.7456257104873657,train,69.13609138734259,8.827218277468518,False,5.326714282008979,8.500503995459539,False
17752,0.485174383619384,1.0,434.4814601229518,116.06726340100279,0.7758354663848877,train,90.04909943273461,13.009819886546921,False,5.395532195407018,12.614287691139904,False
17753,0.6753931191372223,0.8218951483585453,201.3873209802244,75.39921754975586,0.6423507690429687,train,48.43274537832378,4.686549075664757,False,5.516047835732136,4.170501239932621,False
17754,2.1644202455196733,0.9544076732779179,398.358668857387,477.0576378403821,0.031157984957098962,train,14.86415470349979,-2.027169059300042,False,6.15196986204619,-3.179138921346232,False
17756,0.8823573954905357,0.5111690840178617,292.0468173754988,141.42057893504946,0.5765088677406311,train,81.53021783706991,11.306043567413983,False,5.632524925095058,10.673518642318925,False
17757,12.311415496249182,0.9934310966776568,150.04173973688648,1019.4066605120379,0.06613810732960701,train,67.42162712546141,8.484325425092283,False,7.5886219750807005,5.895703450011583,False
17758,2.198662630819317,0.9709125351939091,434.53608546250086,526.8720022015909,0.0685705428943038,test,36.127899226771916,2.2255798453543836,False,6.162732794580526,1.0628470507738577,False
17759,0.5646709090803409,0.8797995561013243,332.19207893392644,103.85483732532313,0.5698892951011658,train,59.18576003617464,6.837152007234929,False,5.44767552014201,6.389476487092919,False
17760,1.077610491527018,0.8668134557397447,181.7601234863539,108.37035064818566,0.4572018444538116,train,49.54712420045681,4.909424840091361,False,5.731218431183752,4.178206408907609,False
17762,0.346599191335169,1.0,434.4814601229518,83.28142942991195,0.7850553154945373,train,65.38052885593558,8.076105771187116,False,5.297582296605448,7.778523474581668,False
17763,0.8382701610988373,0.9455469115905547,73.66483130111445,34.2021038629151,0.6675609827041626,train,22.83199006527744,-0.43360198694451135,False,5.608824999584079,-1.0424269865285902,False
17764,1.032673889505873,0.965525115690119,273.30129612816086,156.42376565459853,0.2953673481941223,train,46.20247285593759,4.240494571187519,False,5.709352113272686,3.5311424579148323,False
17765,1.3814006614943712,0.9548838683797464,159.35075961745906,121.13565535206219,0.3568783104419708,train,43.230688016324834,3.6461376032649664,False,5.867688827810314,2.7784487754546525,False
17766,0.44481622074729016,1.0,434.4814601229518,106.54128978952978,0.7229745268821717,train,77.02663857900164,10.405327715800329,False,5.367982130602121,10.037345585198208,False
17767,0.400878737686194,1.0,434.4814601229518,96.150105013243,0.7456257104873657,train,71.69199036393414,9.338398072786829,False,5.3370997094947805,9.001298363292047,False
17768,0.6993084603344489,0.9016175395049255,416.12022177930726,161.40917269468957,0.4420757949352264,train,71.35508832884213,9.271017665768426,False,5.530221380262912,8.740796285505514,False
17769,2.5474473861101425,0.9307640231408829,461.976095568024,650.476524637083,0.08939392194151878,train,58.14864766819782,6.629729533639564,False,6.266228298683484,5.36350123495608,False
17770,3.8002443200534426,0.9586490219396196,197.3824380140148,407.1438767210171,0.19500956684350967,train,79.39695104235284,10.879390208470568,False,6.568666816629618,9.31072339184095,False
17771,0.9276505094856193,0.9120227838968118,151.73723601837187,77.83569374328768,0.44865222573280333,train,34.92115723938285,1.9842314478765708,False,5.656301908743096,1.327929539133475,False
17772,0.4270594369498621,1.0,434.4814601229518,102.34445768292396,0.7110795021057129,train,72.77504601245278,9.555009202490556,False,5.355615989309046,9.19939321318151,False
17773,0.43127070061498196,0.8254403558844985,249.5887289963346,59.72835635731323,0.7457363724708557,train,44.54160780354934,3.9083215607098687,False,5.358562651527597,3.5497589091822714,False
17774,2.0876904133527283,0.9573119018877372,354.97426968281286,409.6295863966107,0.04874680265784263,train,19.96813261088928,-1.0063734778221436,False,6.127423372393399,-2.1337968502155427,False
17775,0.8570347707827123,1.0,434.4814601229518,203.15745771346107,0.7377771854400634,test,149.88493735299602,24.976987470599205,True,5.618981006364747,24.358006464234457,True
17776,0.449619759371809,0.9098913364249936,177.87344344754035,44.4014149810596,0.6708616375923157,train,29.787205965609623,0.9574411931219249,False,5.371301287126902,0.5861399059950232,False
17778,0.21623070540269082,1.0,434.4814601229518,52.21007373630535,0.9585925817489624,train,50.04818937618864,5.009637875237729,False,5.195756490386233,4.813881384851496,False
17780,0.23094538817726096,0.43742800418191197,237.11828777995035,30.38455908127301,0.8843242883682251,train,26.869803586929045,0.3739607173858097,False,5.207782482430449,0.16617823495536044,False
17781,0.8633548225355995,1.0,434.4814601229518,204.62876310916872,0.7386869311332702,train,151.15659304270878,25.231318608541756,True,5.622378531099088,24.608940077442668,True
17782,0.44314104230921303,1.0,434.4814601229518,106.14550910642582,0.622990345954895,train,66.12762743977068,8.225525487954137,False,5.3668220174332815,7.858703470520855,False
17783,0.708664773668306,0.9367302172458238,170.37970033657626,66.71660447089869,0.5990174412727356,train,39.96440970056288,2.992881940112577,False,5.5357122313927265,2.4571697087198503,False
17784,0.2715164906710702,1.0,434.4814601229518,65.41707690158998,0.8850211501121521,test,57.89549663642026,6.5790993272840534,False,5.240210275258042,6.338889052026011,False
17785,0.5475821009229244,0.8203851762871738,206.27423790747213,62.50882513687122,0.6458616375923156,test,40.37205216687135,3.07441043337427,False,5.436693778077496,2.6377166552967743,False
17786,0.5869096054596433,1.0,434.4814601229518,140.0080813952566,0.7386869311332702,train,103.4221399797192,15.684427995943842,True,5.461788480539318,15.222639515404524,True
17787,1.5436876194098403,0.8206339666167909,462.96366460966124,391.6296537675569,0.3328449368476868,train,130.35194737594392,21.070389475188787,True,5.933614846825945,20.136774628362843,True
17789,0.5142268152530559,0.934613472312355,263.42837710498617,75.12570053949734,0.7110795021057129,train,53.42034573496866,5.684069146993734,False,5.41490495571865,5.269164191275084,False
17790,5.250486507080121,0.9829837168819447,131.08359346320572,378.59828773888006,0.12209639325737953,train,46.22548542633683,4.245097085267366,False,6.832659301851666,2.4124377834157,False
17792,0.4882464904606505,0.5901226107332491,174.39713373304457,46.99669142020749,0.7040999174118042,train,33.09036654759614,1.6180733095192288,False,5.397598574883389,1.2204747346358396,False
17794,0.1841468644499821,0.35123571035527656,89.28493763357731,9.123389838263575,0.9043242931365967,train,8.250503066497316,-3.3498993867005367,False,5.169022569689968,-3.5189219563905048,False
17795,0.7986005708594929,1.0,434.4814601229518,189.5417167469768,0.6265012145042419,train,118.74811574119997,18.749623148239994,True,5.58700890188925,18.162614246350742,True
17796,2.1707299819862347,0.648780873066493,213.53973900633244,254.08831478074381,0.4200490593910217,train,106.72955762590128,16.345911525180256,True,6.153961839608324,15.191949685571931,True
17797,1.168060649494053,0.8410787575059409,256.2077653343362,165.73947676288947,0.3865079402923584,train,64.0596237887576,7.811924757751521,False,5.773833058044992,7.03809169970653,False
17798,0.2534182937623258,1.0,434.4814601229518,61.09891107052697,0.8430354714393615,train,51.508549298773325,5.301709859754666,False,5.225874454012543,5.075835405742123,False
17799,3.613981208159099,0.9613770698589359,356.46809250589337,712.1917034846631,0.018114506825804712,test,12.901001474054414,-2.419799705189117,False,6.529091086955904,-3.948890792145021,False
17800,2.074939504747506,0.9436666387439664,141.55583759592608,160.50835654033742,0.3204639792442322,train,51.43714663886851,5.287429327773703,False,6.123285227812117,4.164144099961586,False
17801,0.6964388579477104,0.8316611673131487,217.59646767224314,83.98922886324372,0.5066716551780701,train,42.55496160526944,3.510992321053889,False,5.5285312644793425,2.9824610565745466,False
17802,1.609064018947729,0.8133432076983916,536.0097940836926,477.31995598045455,0.2754639804363251,train,131.48445501606747,21.296891003213496,True,5.958991543587439,20.33789945962606,True
17803,0.4270594369498621,1.0,434.4814601229518,102.34445768292396,0.7319949269294739,test,74.91562382324855,9.98312476464971,False,5.355615989309046,9.627508775340665,False
17804,0.7029795809399727,0.9078045096552495,159.58952692559558,62.229269334106334,0.52156001329422,test,32.456298541186094,1.4912597082372194,False,5.532379411555805,0.9588802966814143,False
17805,0.23854540940695618,1.0,434.4814601229518,57.546531881074976,0.7932417631149292,train,45.648312410493396,4.129662482098679,False,5.213937634117251,3.915724847981428,False
17807,0.7282812460150002,0.8892680456842489,154.79616058865662,62.49578628281897,0.4603764474391937,train,28.77158806880329,0.7543176137606586,False,5.547127415248731,0.20719019851192755,False
17808,0.1328496457736364,0.09329639387957296,73.37915176522723,5.384998731567608,0.7748512387275696,train,4.172572937701552,-4.16548541245969,False,5.124736268715252,-4.290221681174942,False
17809,3.3255609541353395,0.977664599668599,595.8593532907258,1095.8311726718382,0.018114506825804712,train,19.850441257293596,-1.0299117485412808,False,6.464541832351589,-2.49445358089287,False
17810,0.22619968861628867,0.4276868416501647,130.80388195952847,16.416631105557624,0.8607261538505554,train,14.130223750670005,-2.173955249865999,False,5.203919702404392,-2.3778749522703913,False
17811,13.376175844424177,0.9919793448805632,233.50264902213033,1709.0024246739083,0.018114506825804712,train,30.957736087072316,1.1915472174144632,False,7.6655723812111365,-1.4740251637966733,False
17812,1.2562331691105058,0.7859948282504629,124.07868702358584,85.96029219272178,0.5698892951011658,test,48.98785032440046,4.797570064880093,False,5.813696683397216,3.9838733814828764,False
17814,0.770535045978737,0.7876093049621208,741.2979801930738,314.51615040189233,0.4572018444538116,test,143.7973640742576,23.75947281485152,True,5.571281786770265,23.188191028081256,True
17815,0.4255153748576937,1.0,434.4814601229518,101.97935050384328,0.6423507690429687,train,65.50651422264619,8.101302844529238,False,5.354533414901828,7.74676942962741,False
17816,1.035832849327214,0.9498228778086433,47.100741582614475,27.034777141211094,0.43352617621421813,train,11.720283558832797,-2.6559432882334404,False,5.710904997738132,-3.3668482859715727,False
17817,1.9294693273358674,0.8939832620230246,205.43274402906445,217.59284725293196,0.3208343505859375,test,69.81125984053952,8.962251968107905,False,6.074821289675105,7.8874306784328,False
17818,0.18977953149423307,1.0,434.4814601229518,45.873671164935395,0.8666336059570312,test,39.755665060155046,2.9511330120310095,False,5.173768022307361,2.7773649897236483,False
17819,2.8220828296061224,0.9836947275365131,513.6273971466096,801.6407433615127,0.018114506825804712,train,14.521326717465286,-2.095734656506943,False,6.340795517379725,-3.4365301738866676,False
17820,0.4569076003977675,1.0,434.4814601229518,109.3971130523137,0.7309745192527771,test,79.96650212105672,10.993300424211345,False,5.376316107492929,10.616984316718415,False
17821,0.4064148821817471,1.0,434.4814601229518,97.46061803397373,0.6930353760719299,train,67.5436560713777,8.50873121427554,False,5.341043829648866,8.167687384626674,False
17822,0.5715577296084791,0.8467956239776911,963.0029117724687,304.56228867561293,0.5353723883628845,train,163.05423989352917,27.610847978705834,True,5.452067311934547,27.158780666771285,True
17823,0.38640529964851567,1.0,434.4814601229518,92.72224712068062,0.6423507690429687,train,59.56020674536139,6.912041349072279,False,5.326714282008979,6.5853270670633,False
17825,0.36724302535033787,0.7456427199172438,295.07591365675705,60.16564946411795,0.8379218339920044,train,50.414111342293765,5.082822268458754,False,5.312796322006895,4.7700259464518595,False
17826,0.4569076003977675,1.0,434.4814601229518,109.3971130523137,0.7309745192527771,test,79.96650212105672,10.993300424211345,False,5.376316107492929,10.616984316718415,False
17827,0.9054830568344363,0.9501808625516455,754.9941026354433,378.3274791535909,0.28706775307655336,test,108.60561936773792,16.721123873547583,True,5.6447355495758655,16.076388323971717,True
17828,1.7670733051966598,1.0,434.4814601229518,413.0361479142585,0.31679592132568357,train,130.84816701930885,21.16963340386177,True,6.017790193116193,20.151843210745575,True
17829,1.4524222027803206,0.9277966376186948,839.3518371262347,674.1842592323381,0.25007936656475066,train,168.59957249674878,28.719914499349755,True,5.897076190356002,27.822838308993752,True
17830,1.5215947957209606,0.8749593858655285,159.5080336351129,132.3602887722408,0.4905886769294739,train,64.93445894677672,7.986891789355344,False,5.924891556799599,7.062000232555745,False
17833,0.19415436683985096,1.0,434.4814601229518,46.92249536430957,0.8850211501121521,train,41.52740081345338,3.3054801626906762,False,5.177438292074276,3.1280418706164,False
17834,0.651905675122443,0.716295399241603,305.3162693959193,109.71035313970405,0.566741144657135,train,62.17737111913438,7.435474223826876,False,5.50192957608516,6.933544647741717,False
17838,2.976259410634773,0.8752794004745371,455.00561328485753,747.2978045415462,0.15188405513763428,train,113.50262094922124,17.70052418984425,True,6.380341530789456,16.320182659054794,True
17840,0.36038723180559806,1.0,434.4814601229518,86.55378671319536,0.7370035529136658,train,63.79044832575663,7.758089665151326,False,5.307769388489097,7.450320276662229,False
17841,36.85850833540516,0.9985038936421656,315.7151919195371,6425.348844130582,0.012173912674188613,train,78.22163572964445,10.64432714592889,False,8.633855745517547,7.010471400411344,False
17842,0.24247088807780223,1.0,434.4814601229518,58.48446603668418,0.8574020981788635,train,50.1447038907235,5.028940778144701,False,5.217102048595689,4.811838729549012,False
17843,0.904749240717645,0.8916388113279752,240.3322344971248,119.66228901541425,0.5484078168869019,test,65.62373468263283,8.124746936526567,False,5.644350367745174,7.4803965687813925,False
17845,0.35496874655951466,0.5448108013565974,197.01774340826216,38.71505610836246,0.8008005261421204,train,31.003037301198372,1.2006074602396746,False,5.303778388795926,0.896829071443749,False
17847,0.44869775477076423,0.79164684853643,151.21900268852164,37.618612563444294,0.8430354714393615,test,31.71382477731795,1.3427649554635899,False,5.370665052740815,0.9720999027227748,False
17848,6.126092524242567,0.9211535419502543,132.57843651278807,448.78442710699437,0.1470963917672634,train,66.01456990877732,8.202913981755465,False,6.963763051135637,6.239150930619828,False
17849,2.254208044704048,0.9705458660927252,155.65029865617768,193.78268637425833,0.26007936596870423,train,50.39887820792937,5.079775641585876,False,6.179948941818867,3.899826699767009,False
17850,0.2367248763736742,0.03564105545685767,2205.3271482694854,288.57381864874014,0.4870166540145874,train,140.54025559452177,23.108051118904356,True,5.212466656687425,22.89558446221693,True
17851,1.226061893801945,0.7410952100333112,254.94194994876463,173.07938756527062,0.4420757949352264,train,76.51420784481915,10.302841568963832,False,5.800234057409276,9.502607511554555,False
17852,0.7047388540131061,0.8998743032553881,248.15417807023317,96.99442213471322,0.4572018444538116,train,44.346028701722496,3.8692057403444995,False,5.5334119342028565,3.335793806141643,False
17853,0.6906616065210907,0.8890408334651113,498.8688617012086,191.1109336597551,0.4572018444538116,train,87.37627136453006,12.47525427290601,False,5.525119935474022,11.950134337431988,False
17854,1.338813065922961,0.9750816102937425,243.61227236446916,180.64948800213665,0.28706775307655336,train,51.85864261520315,5.37172852304063,False,5.8496435638964535,4.522084959144177,False
17855,0.46048425696745904,1.0,434.4814601229518,110.24156892184914,0.7110795021057129,train,78.39051994030112,10.678103988060224,False,5.378768063580072,10.299335924480152,False
17856,2.6334720921331125,0.907336524705097,340.2372682272307,487.051362491427,0.2616302251815796,train,127.42735764362719,20.48547152872544,True,6.2901886903331015,19.195282838392338,True
17857,3.2595056490256114,0.9789564656998367,963.0675811669092,1732.7147731144296,0.0706897471100092,train,122.48516912523598,19.497033825047197,True,6.449153108717889,18.04788071632931,True
17858,5.631598189771587,0.8858586005277006,449.780851661756,1399.7071935158053,0.0718051042407751,train,100.50612093696517,15.101224187393036,True,6.891845829413051,13.209378357979986,False
17859,0.6276830435130973,1.0,434.4814601229518,149.57645841045075,0.7126423597335816,train,106.59452028221556,16.318904056443113,True,5.487157557908881,15.831746498534233,True
17860,0.7164199306649867,0.9103449499674879,254.92525852551498,101.28729494700313,0.4314875602722168,train,43.704207783254816,3.740841556650963,False,5.5402406859677145,3.2006008706832487,False
17861,3.2844624626796355,0.9532287438524956,286.5325282053185,520.3625576941442,0.018114506825804712,train,9.426111103243773,-3.114777779351245,False,6.454995097898236,-4.569772877249481,False
17862,1.3208644796757578,0.8919154609501768,372.5387104000957,271.6494592480139,0.3950575590133667,train,107.3171722778214,16.463434455564283,True,5.841939736822318,15.621494718741964,True
17863,2.777608216857522,0.949800491765843,405.3918495653686,621.834095125018,0.04854928962886333,train,30.189603585326655,1.0379207170653313,False,6.329091062499627,-0.29117034543429554,False
17864,1.407134500578708,0.9114396420005001,185.14663898335664,143.2248389279622,0.28706775307655336,train,41.11523269580138,3.2230465391602774,False,5.878437036167355,2.344609502992922,False
17865,7.367451516917207,0.9862475942718782,771.363878939314,3140.126394975099,0.0,train,0.0,-5.0,False,7.124349359872899,-7.124349359872899,False
17866,0.42580365588316943,0.8645306629817358,615.8966663175928,145.60398775965618,0.622990345954895,train,90.7098787068005,13.141975741360099,False,5.354735623790662,12.787240117569437,False
17867,2.476555122217343,0.9801153959656572,123.65069993356802,169.42606129083234,0.08874680325388909,test,15.036021327458851,-1.9927957345082294,False,6.246041896095652,-3.2388376306038813,False
17868,0.4365649026531728,1.0,434.4814601229518,104.59151932274436,0.7110795021057129,train,74.37288548449712,9.874577096899424,False,5.3622547795186755,9.512322317380749,False
17869,1.8866417215512787,0.9650594260118158,150.874845009854,156.9504399095145,0.28706775307655336,test,45.055410129200936,4.011082025840187,False,6.060093792373959,2.9509882334662283,False
17870,0.8198478297064419,0.725994021012508,345.8267559509204,155.77882164305936,0.47849349975585936,test,74.53915355583128,9.907830711166255,False,5.598752887541783,9.309077823624472,False
17871,1.4203852464614255,0.9709184223317657,221.31481359617746,173.9856421596675,0.28706775307655336,test,49.945667362357,4.989133472471401,False,5.883926720251429,4.105206752219972,False
17872,0.44481622074729016,1.0,434.4814601229518,106.54128978952978,0.7030795097351075,train,74.90699779176862,9.981399558353724,False,5.367982130602121,9.613417427751603,False
17873,4.033520943621526,0.9896392549819425,405.9508848711895,905.0520029784684,0.012173912674188613,train,11.018024049859367,-2.7963951900281265,False,6.616119728025318,-4.412514918053445,False
17874,3.3150033381908157,0.9623458072595934,321.53232740864576,577.3671923688463,0.22948355078697205,train,132.4962734127076,21.499254682541522,True,6.462098098159847,20.037156584381677,True
17875,0.20602845698458477,1.0,434.4814601229518,49.767525961910486,0.9335925817489624,train,46.46259305003853,4.292518610007706,False,5.187332694199565,4.105185915808141,False
17876,0.7559962467381665,0.8777635600493673,1235.2993206925944,517.4212341740824,0.4420757949352264,train,228.73940341387342,40.747880682774685,True,5.563036357817797,40.184844324956885,True
17878,0.4224605755010302,1.0,434.4814601229518,101.25693657534812,0.622990345954895,train,63.082093947408985,7.6164187894817985,False,5.352388171696518,7.264030617785281,False
17880,0.7159116634643504,0.9126602379009511,337.308989919889,133.92957437344003,0.4572018444538116,test,61.23284843045072,7.246569686090146,False,5.539944521573096,6.70662516451705,False
17881,0.6276830435130973,1.0,434.4814601229518,149.57645841045075,0.7456257104873657,train,111.52805307447625,17.30561061489525,True,5.487157557908881,16.81845305698637,True
17882,0.4482049505026783,1.0,434.4814601229518,107.34182317443612,0.7309745192527771,train,78.46413759065005,10.692827518130011,False,5.370324824350029,10.322502693779981,False
17883,0.8532523438083246,0.9500914430229903,166.85165712780065,78.8410701813332,0.5400584876537323,test,42.57878912713257,3.5157578254265154,False,5.616942119255538,2.8988157061709776,False
17884,3.3112534783530414,0.7718384481145087,178.27228774958567,326.35585491061596,0.24121699184179307,train,78.72257759149545,10.74451551829909,False,6.461228692077064,9.283286826222026,False
17886,1.7251858997765623,0.9678771888070631,244.6123284384643,232.9831152018049,0.1934587076306343,train,45.07261236670037,4.014522473340074,False,6.002536645889814,3.0119858274502604,False
17888,5.504789899553096,0.9808399864248942,70.931367892684,215.72089044598223,0.12209639325737953,test,26.338742673724735,0.2677485347449471,False,6.872538813142036,-1.6047902783970889,False
17889,1.6259647743946553,0.9677772735907213,195.6048412104611,175.72768234645116,0.28706775307655336,train,50.44575092454605,5.08915018490921,False,5.965448361622566,4.123701823286644,False
17890,1.008689878976706,0.8259444265061243,179.78377402177944,99.51172813831127,0.4572018444538116,test,45.49694564962218,4.099389129924436,False,5.697482708051908,3.4019064218725283,False
17893,1.088431117051262,1.0,434.4814601229518,256.87396099781785,0.5796570181846619,train,148.8987942812782,24.779758856255643,True,5.736413122391189,24.043345733864456,True
17894,2.9270825827614377,0.39105721083665707,141.72462107316775,227.49741616346967,0.43352617621421813,train,98.62608492796366,14.725216985592734,True,6.367896804853094,13.35732018073964,False
17897,1.6382966106943586,0.6256918369530807,288.85128556172225,260.949814853701,0.4070945978164673,train,106.23125992814902,16.246251985629804,True,5.970133485690306,15.276118499939498,True
17898,1.0220347913412131,0.9582899627204087,102.48809993244815,57.88695658020625,0.42203704118728635,train,24.430439878447164,-0.1139120243105669,False,5.704104326850455,-0.8180163511610221,False
17900,1.6186524260324557,1.0,434.4814601229518,379.02352763175935,0.6173507690429687,train,233.99046626884552,41.79809325376911,True,5.962659844245206,40.8354334095239,True
17901,0.2909577710460798,1.0,434.4814601229518,70.05028716022218,0.8110046029090882,train,56.81110532204359,6.362221064408718,False,5.2553844010631146,6.106836663345604,False
17902,0.274041986324616,1.0,434.4814601229518,66.01926090593207,0.8430354714393615,train,55.65657874191066,6.131315748382132,False,5.242194512905681,5.889121235476451,False
17903,0.42398246121480393,1.0,434.4814601229518,101.61685279747078,0.7030795097351075,train,71.44472704567035,9.28894540913407,False,5.353457496351297,8.935487912782774,False
17905,2.1402219675188916,0.6901084659067049,182.35596553072443,215.6467598801309,0.42463427782058716,train,91.57100614604896,13.314201229209793,False,6.144293487714362,12.169907741495432,False
17906,0.9033362917498514,1.0,434.4814601229518,213.93065332059257,0.6925609827041626,train,148.1600234942531,24.632004698850622,True,5.643608289333024,23.9883964095176,True
17907,0.2248928638928582,1.0,434.4814601229518,54.282548437215624,0.8843242883682251,train,48.003376017554416,4.6006752035108835,False,5.202853382125366,4.397821821385517,False
17908,1.209917563734867,0.8726459910416503,198.81118213016583,133.22057193669164,0.2938787579536438,train,39.150696214629,2.8301392429258003,False,5.7929552133565085,2.037184029569292,False
17909,0.18977953149423307,1.0,434.4814601229518,45.873671164935395,0.9614406824111938,train,44.10481370952219,3.820962741904438,False,5.173768022307361,3.647194719597077,False
17910,0.1931999961944344,1.0,434.4814601229518,46.69372275275273,0.8850211501121521,train,41.32493221365918,3.2649864427318374,False,5.176638770469078,3.088347672262759,False
17912,1.974710386528336,0.6092425786085857,96.09215244458522,103.78528108446132,0.6173507690429687,train,64.07192309283286,7.814384618566573,False,6.09014668519276,6.7242379333738125,False
17913,2.2141645195308044,0.6498316078211342,272.07057353539074,333.163427223352,0.3137635767459869,train,104.53454856655024,15.90690971331005,True,6.1675674544093475,14.739342258900702,False
17915,0.27089238061604354,1.0,434.4814601229518,65.26824834378343,0.8297021389007568,train,54.153205253142886,5.830641050628579,False,5.2397193156216035,5.590921735006975,False
17916,0.3405570718917737,0.7005235717543514,93.31056987371221,17.645673626822017,0.8850211501121521,train,15.616794367713691,-1.8766411264572618,False,5.293085252865372,-2.1697263793226336,False
17917,1.1145165968688386,0.9163165870492281,176.23367471428804,107.78651238769065,0.4563009440898895,train,49.18308736265982,4.836617472531964,False,5.748826226974485,4.087791245557479,False
17918,0.250987660734257,0.20312275421739717,164.82889257396096,22.820106240399532,0.7713085651397705,test,17.601343400619687,-1.4797313198760627,False,5.223933367914352,-1.7036646877904147,False
17919,0.36598746303776764,1.0,434.4814601229518,87.8822185283153,0.6191990733146667,train,54.41658827356987,5.883317654713975,False,5.311877583242476,5.5714400714715,False
17920,11.21351893616147,0.988583773994749,528.5129703244163,3273.4265753266004,0.018114506825804712,train,59.296508042524245,6.85930160850485,False,7.502543447760463,4.356758160744388,False
17921,2.7791603100066036,0.9148593775579977,286.5103643936247,438.08522756776,0.09635044410824775,train,42.209706233416455,3.4419412466832906,False,6.329501844744812,2.1124394019384782,False
17922,0.27596718892540595,1.0,434.4814601229518,66.47824660687974,0.8850211501121521,train,58.834654269459975,6.766930853891996,False,5.243704470583684,6.5232263833083115,False
17923,1.0439745235354247,0.929165662178039,182.41658259220483,105.17300164309,0.500078535079956,test,52.594760591638256,5.518952118327652,False,5.714896208240017,4.804055910087635,False
17924,1.4033922641742425,0.8712001541058012,269.2287717959888,207.57678812157698,0.45692933201789854,test,94.84792313881303,13.969584627762607,True,5.876881182788977,13.09270344497363,False
17925,0.46048425696745904,1.0,434.4814601229518,110.24156892184914,0.7456257104873657,train,82.19894815259566,11.439789630519133,False,5.378768063580072,11.061021566939061,False
17926,1.3810634583941788,0.9657573605555657,238.23339288127653,181.71614462644223,0.2953673481941223,train,53.67301576237185,5.734603152474371,False,5.867547219142083,4.867055933332288,False
17927,0.19479587250852987,1.0,434.4814601229518,47.07626207896593,0.8850211501121521,train,41.66348760810752,3.3326975216215047,False,5.177975352807927,3.154722168813578,False
17928,0.6187874852090548,0.939410909277172,142.38064921629118,48.764177919920556,0.6675609827041626,train,32.55306253298279,1.5106125065965585,False,5.481677403083497,1.0289351035130618,False
17929,2.446324839315449,0.9573084989948594,289.1965122104736,391.3679093210247,0.0718051042407751,train,28.102213525290395,0.6204427050580792,False,6.237308399279802,-0.6168656942217225,False
17930,2.847264915301062,0.9610031006817966,337.89368490068046,531.2015423353157,0.06323822513222695,train,33.59224272478688,1.7184485449573756,False,6.347362484227677,0.37108606072969863,False
17931,3.04011668258536,0.9475634081646466,328.5459913600286,551.6023243640612,0.031157984957098962,train,17.186816924836243,-1.5626366150327513,False,6.396273573384046,-2.958910188416797,False
17932,1.252115170500745,1.0,434.4814601229518,294.70532881099507,0.31679592132568357,test,93.3614461602677,13.67228923205354,True,5.811869850399937,12.860419381653603,False
17933,0.22837825576871246,1.0,434.4814601229518,55.11610394225088,0.9614406824111938,test,52.99086458608398,5.598172917216797,False,5.205694808165009,5.392478109051788,False
17934,0.4064148821817471,1.0,434.4814601229518,97.46061803397373,0.7110795021057129,train,69.3022477465131,8.860449549302622,False,5.341043829648866,8.519405719653756,False
17935,0.9331228630916074,0.8710424068202293,164.46066187222408,85.05407026246095,0.4655351758003235,test,39.595661552167826,2.9191323104335654,False,5.659136759040023,2.2599955513935424,False
17937,2.4032832549146512,0.8964383094601782,630.2789476550619,828.4240242480452,0.26168313920497893,test,216.78459925805004,38.35691985161001,True,6.224740628879535,37.13217922273047,True
17938,0.387677659530811,1.0,434.4814601229518,93.02369052685779,0.7456257104873657,train,69.36085534124517,8.872171068249035,False,5.327631601346749,8.544539466902286,False
17940,2.1809907749797133,0.9742053822114257,3249.478679473037,3921.8285693571042,0.10135565251111985,train,397.49949368394095,74.4998987367882,True,6.157192712724989,73.3427060240632,True
17941,0.42812725747688013,0.520994850557473,364.64559417980246,86.54332891152266,0.6423507690429687,train,55.59117388185517,6.118234776371034,False,5.3563639758269765,5.761870800544058,False
17944,0.38388551649578073,1.0,434.4814601229518,92.12521053115658,0.7656313896179199,train,70.53395295781284,9.10679059156257,False,5.324895134479092,8.781895457083479,False
17945,0.20318801837611164,1.0,434.4814601229518,49.087176784554735,0.9050211548805237,train,44.42493342338216,3.8849866846764325,False,5.1849747160323005,3.700011968644132,False
17946,1.8915597692010166,0.9039890916641296,186.46583160978315,191.66855268769388,0.459894061088562,train,88.14722907851055,12.629445815702109,False,6.0617960690582215,11.567649746643887,False
17949,15.276545013483469,0.9951970474998233,1123.4138011743737,9478.504494556264,0.018114506825804712,train,171.69843436506008,29.33968687301202,True,7.789725115292958,26.54996175771906,True
17950,1.2554305176206686,0.8744198921989041,215.82635419482068,150.00156526344168,0.42138031125068665,train,63.20770625879924,7.641541251759849,False,5.813340871637282,6.828200380122567,False
17951,1.1202054722038386,0.6721794282033529,227.46701808975723,139.91678882393765,0.5581755399703979,train,78.09812915272553,10.619625830545107,False,5.751513004838267,9.868112825706842,False
17952,0.6180358195000264,0.8765818426472669,429.4139671284621,146.77397642083466,0.5882226228713989,train,86.33577337952822,12.267154675905644,False,5.481212956524769,11.785941719380876,False
17953,0.2779196617848293,1.0,434.4814601229518,66.94367809761401,0.8850211501121521,train,59.24657098268804,6.849314196537609,False,5.245233491526231,6.604080705011378,False
17954,3.987903120639795,0.9896419401941773,210.03317970163351,463.0323855287943,0.018114506825804712,train,8.387603308229982,-3.3224793383540034,False,6.607015605143164,-4.929494943497167,False
17955,1.494264581299824,0.9721335101561597,241.7970047040901,199.85520327366305,0.40890672206878664,train,81.72213605902459,11.34442721180492,False,5.913993928760043,10.430433283044877,False
17956,0.8896014528892053,1.0,434.4814601229518,210.73628585469308,0.7576722025871276,train,159.66902586855585,26.93380517371117,True,5.63636593534784,26.29743923836333,True
17958,0.19256894748726386,1.0,434.4814601229518,46.54244508081951,0.7874671936035156,train,36.65064861123869,2.3301297222477375,False,5.176109759708369,2.154019962539368,False
17959,0.24756339472830116,1.0,434.4814601229518,59.70088351294342,0.8850211501121521,train,52.8365445893368,5.567308917867361,False,5.221192364769851,5.34611655309751,False
17960,0.4439257393944876,0.7773225073815283,119.5386707620847,29.418940612635566,0.8430354714393615,test,24.801210468619804,-0.03975790627603892,False,5.367365612136092,-0.40712351841213135,False
17961,19.503602345885156,0.9905359365376194,37.757127691289746,406.68458153950996,0.06613810732960701,train,26.897348503156422,0.3794697006312848,False,8.020600594896196,-2.6411308942649114,False
17962,0.4085271057372625,0.7887057035242767,239.95508768847714,54.399604070863525,0.7380239605903626,test,40.14821125092631,3.029642250185262,False,5.342544552549021,2.687097697636241,False
17963,0.8269041777351934,0.7147945946621534,176.22864392894513,80.69708531662306,0.6837190866470337,test,55.17413746775927,6.034827493551855,False,5.602622828146975,5.43220466540488,False
17964,0.46048425696745904,1.0,434.4814601229518,110.24156892184914,0.7030795097351075,train,77.50858823000276,10.501717646000552,False,5.378768063580072,10.12294958242048,False
17965,5.655644547931111,0.9206967422027597,274.77758450069445,858.6334777322468,0.018114506825804712,train,15.553721993245222,-1.8892556013509552,False,6.895465298837361,-3.784720900188316,False
17966,1.4341403602141733,0.9752534104785269,204.39443357645064,162.22972048561542,0.2770677536725998,test,44.94862423388321,3.9897248467766424,False,5.88959365938345,3.1001311873931927,False
17967,0.7863116461466081,0.7880173757374761,170.2649165252492,73.69727804715454,0.6675609827041626,train,49.1974273557804,4.839485471156081,False,5.580152961155086,4.259332510000995,False
17968,1.2434314964545126,0.7443556443125303,173.09486353959937,118.62233083971668,0.5051337063312531,train,59.920137630718195,6.98402752614364,False,5.8080066117375075,6.176020914406132,False
17969,0.9679929816023537,0.17668824811590048,123.23548873847423,65.94544865854361,0.5568538665771484,train,36.72197806867484,2.3443956137349673,False,5.677014232364735,1.667381381370232,False
17970,1.252115170500745,1.0,434.4814601229518,294.70532881099507,0.4106145441532135,train,121.01029424924964,19.20205884984993,True,5.811869850399937,18.390188999449993,True
17971,0.27277338698188236,1.0,434.4814601229518,65.71678545735517,0.8843242883682251,train,58.11494953342294,6.622989906684587,False,5.241198288789124,6.3817916178954635,False
17972,0.9472272716688626,1.0,434.4814601229518,224.13098836987834,0.597990345954895,train,134.02816727451608,21.805633454903216,True,5.666406448734839,21.139227006168376,True
17974,2.162227980986516,0.9530330253634913,337.7099559044311,400.5142133722675,0.12135565355420112,test,48.60466412153828,4.720932824307656,False,6.151276836436923,3.5696559878707337,False
17975,8.40562308323797,0.9876051346927398,289.0148494762005,1332.7734403979841,0.018114506825804712,train,24.142533583340512,-0.1714932833318974,False,7.24130771076992,-2.4128009941018176,False
17976,0.46048425696745904,1.0,434.4814601229518,110.24156892184914,0.6708616375923157,train,73.95683945765785,9.791367891531571,False,5.378768063580072,9.4125998279515,False
17977,0.41501246728896196,1.0,434.4814601229518,99.49512574320735,0.597990345954895,train,59.49712466400634,6.899424932801269,False,5.3471383418613065,6.552286590939962,False
17978,0.9714878658684262,0.9010244217836734,351.6768641411899,189.34042415990783,0.41037037372589114,train,77.69970062392012,10.539940124784025,False,5.678788519545327,9.861151605238698,False
17979,0.8267807557690233,1.0,434.4814601229518,196.1107819807631,0.5882226228713989,test,115.35679855008556,18.071359710017113,True,5.60255526787921,17.468804442137902,True
17980,1.6553458723435364,0.9555386965398508,296.5068104897558,269.32999396149864,0.2754639804363251,test,74.19071218752582,9.838142437505164,False,5.976574918278361,8.861567519226803,False
17981,0.400878737686194,1.0,434.4814601229518,96.150105013243,0.7030795097351075,test,67.60116869368998,8.520233738737998,False,5.3370997094947805,8.183134029243217,False
17982,0.20894948924417892,1.0,434.4814601229518,50.46703662568411,0.9335925817489624,train,47.115651016591876,4.423130203318376,False,5.189751791805532,4.233378411512844,False
17983,0.4224605755010302,1.0,434.4814601229518,101.25693657534812,0.7456257104873657,test,75.49977527576807,10.099955055153615,False,5.352388171696518,9.747566883457097,False
17984,0.9381723336096863,0.8799802772737574,272.9410200873634,141.92802328450082,0.34189255237579347,train,48.52413413438903,4.704826826877806,False,5.661745432946331,4.043081393931475,False
17987,1.8928363677327535,0.974923685874659,210.17437851596304,219.37682667001891,0.21502645462751388,test,47.1718212662888,4.43436425325776,False,6.0622374629469675,3.3721267903107925,False
17988,1.761956346729878,0.8993432795372517,45.05624344335935,43.939736745638484,0.407751327753067,train,17.916485999154318,-1.4167028001691362,False,6.0159392499128455,-2.4326420500819816,False
17989,0.4482049505026783,1.0,434.4814601229518,107.34182317443612,0.7110795021057129,train,76.3285701779975,10.265714035599501,False,5.370324824350029,9.895389211249473,False
17990,1.6069569936290684,0.9651259744187339,247.2021446548211,219.93828759311629,0.26168313920497893,train,57.55414152873414,6.510828305746829,False,5.958183638317048,5.552644667429781,False
17991,0.9663179630089593,0.9540389818657223,85.04006626424635,45.442961582298736,0.5302907645702362,train,24.097982841813064,-0.18040343163738726,False,5.676162739578232,-0.8565661712156194,False
17992,0.43175974579929494,1.0,434.4814601229518,103.45572209674283,0.7110795021057129,train,73.5652433585389,9.71304867170778,False,5.358904279182786,9.354144392524994,False
17993,0.235213505242728,1.0,434.4814601229518,56.75023204849393,0.8666336059570312,test,49.18165823908457,4.836331647816914,False,5.211243833877184,4.6250878139397305,False
17994,3.4138907453569685,0.9846350737169446,180.63466648194213,340.19329941196014,0.018114506825804712,test,6.162433844290978,-3.7675132311418045,False,6.4847565556833935,-5.252269786825198,False
17995,1.57030459396328,0.8869056064483722,116.12486675755706,100.02712942057076,0.5219574332237243,train,52.20990372509839,5.441980745019679,False,5.94402441093616,4.4979563340835185,False
17996,0.6115910114839332,0.8776162469141198,247.79318223342335,83.82452670986103,0.5882226228713989,train,49.30748296222809,4.861496592445619,False,5.477221896933012,4.384274695512606,False
17998,0.7013347980423318,0.9056804869232333,227.53008869945427,88.5139870728784,0.5385205388069153,train,47.666600010434806,4.5333200020869615,False,5.531413118292306,4.001906883794655,False
17999,0.8184078051542356,0.7165332861337156,234.2732890277571,105.32515548212233,0.5333543121814728,train,56.17562585757403,6.235125171514808,False,5.597961285866736,5.6371638856480715,False
18000,0.26303271234321135,1.0,434.4814601229518,63.39349302169842,0.8607261538505554,train,54.5644374277185,5.912887485543701,False,5.233515743542214,5.679371742001487,False
18001,0.6639861939182231,0.8560766278536928,192.73763736469445,70.98520265475854,0.4572018444538116,train,32.45456558268321,1.4909131165366425,False,5.509216045440453,0.9816970710961899,False
18002,0.9628935729728382,0.8930531091433298,89.6723251274759,47.851904678692996,0.4572018444538116,train,21.877979079726416,-0.6244041840547165,False,5.674419697305369,-1.2988238813600859,False
18003,0.4533862046956033,1.0,434.4814601229518,108.56556988654933,0.7030795097351075,train,76.33022764994764,10.26604552998953,False,5.3738961474088285,9.892149382580701,False
18004,0.47924394304334217,1.0,434.4814601229518,114.66854396944551,0.7309745192527771,train,83.81978380148136,11.763956760296274,False,5.391531107953028,11.372425652343246,False
18006,0.7170226134423969,0.902213473692873,255.29917714014502,101.51078819817789,0.4572018444538116,train,46.41091959616715,4.282183919233431,False,5.540591752150332,3.7415921670830983,False
18007,0.4270594369498621,1.0,434.4814601229518,102.34445768292396,0.7030795097351075,train,71.95629113181563,9.391258226363128,False,5.355615989309046,9.035642237054082,False
18008,5.68003153188511,0.985389808063054,1083.7741008030928,3399.761491419176,0.018114506825804712,train,61.58500274242067,7.317000548484135,False,6.899122707879496,5.417877840604639,False
18009,2.1677653049376615,0.963680445777724,319.52925040269,382.7164484201266,0.1845142975449562,train,70.61665663914013,9.123331327828026,False,6.153026388170542,7.970304939657485,False
18010,0.8446698019321223,1.0,434.4814601229518,200.27816111655963,0.6675609827041626,train,133.69788604915317,21.739577209830635,True,5.612300292333121,21.127276917497515,True
18011,0.5903616623501516,0.8884019826324052,162.49241272963218,53.090576926731444,0.597990345954895,train,31.747652463361103,1.349530492672221,False,5.463961450964481,0.8855690417077398,False
18012,0.19415436683985096,1.0,434.4814601229518,46.92249536430957,0.9398167490959167,test,44.098547052753645,3.819709410550729,False,5.177438292074276,3.6422711184764527,False
18016,1.4562416554407651,0.9748444242558849,202.37773282059808,163.07373261226232,0.28706775307655336,test,46.8132100068088,4.3626420013617615,False,5.898632399353639,3.4640096020081224,False
18017,0.848538464914667,0.8927804506997871,213.49741917744905,99.79248784451786,0.644484281539917,train,64.314689831555,7.8629379663110015,False,5.61439530789575,7.248542658415252,False
18018,1.513398023897265,0.9583157220004541,75.42179828551882,62.72777217279758,0.4106145441532135,train,25.75693557647991,0.15138711529598226,False,5.9216356319716805,-0.7702485166756983,False
18020,0.27596718892540595,1.0,434.4814601229518,66.47824660687974,0.8899944424629211,train,59.16527002480251,6.833054004960502,False,5.243704470583684,6.589349534376818,False
18021,0.3823951066057829,0.5054632018895308,173.65923780308088,36.69529483674752,0.8243329763412476,train,30.2491416104957,1.04982832209914,False,5.323817579279693,0.7260107428194473,False
18022,1.1674569632697398,0.758508992771314,253.687992700292,163.4180902670891,0.37399935722351074,train,61.11826071858498,7.223652143716997,False,5.773554574005883,6.450097569711114,False
18025,1.3325478781468971,0.7946898561982805,240.46280667172252,177.05265931809578,0.4572018444538116,train,80.94880240568573,11.189760481137146,False,5.846961180065414,10.342799301071732,False
18026,0.40466915103321527,0.52547768152898,1167.5558624020434,261.0226773181796,0.6935813903808594,train,181.04047145527744,31.208094291055488,True,5.339801795364352,30.868292495691136,True
18028,0.2523332376508045,1.0,434.4814601229518,60.83986230407082,0.8607261538505554,train,52.36646068178027,5.473292136356054,False,5.2250084015203155,5.248283734835739,False
18029,0.22403808748353854,1.0,434.4814601229518,54.078092614076205,0.8707354307174683,test,47.087711264696786,4.4175422529393575,False,5.202155300831118,4.21538695210824,False
18031,0.4499187965169717,1.0,434.4814601229518,107.74664422810109,0.6813801646232605,train,73.4164261817474,9.68328523634948,False,5.371507552462202,9.311777683887279,False
18032,0.5409790038190282,1.0,434.4814601229518,129.21170107380195,0.7758354663848877,train,100.24702036497783,15.049404072995568,True,5.432417931208835,14.616986141786732,True
18034,0.4551400754513938,1.0,434.4814601229518,108.9797460452973,0.597990345954895,train,65.16883603970393,8.033767207940787,False,5.375102167777524,7.658665040163263,False
18035,0.4381905309283901,1.0,434.4814601229518,104.97571166922667,0.622990345954895,train,65.39885492967284,8.079770985934568,False,5.363385747690441,7.7163852382441265,False
18036,2.2078269212497443,0.9624885962513375,176.86844103125603,216.0275349037178,0.26007936596870423,test,56.18430430954105,6.236860861908211,False,6.165593736319912,5.071267125588299,False
18037,3.5911172844773995,0.9739468772853135,18.961321261845768,37.6524320728593,0.18929146379232406,test,7.127283982412587,-3.5745432035174822,False,6.524123411548793,-5.098666615066275,False
18038,0.26781442118410864,1.0,434.4814601229518,64.53417722046856,0.8843242883682251,test,57.069140345919784,6.413828069183957,False,5.2372944897709806,6.176533579412976,False
18039,1.0890408706806691,0.8612931113781752,162.33316973475942,97.79405076287472,0.42950822710990905,train,42.00334936505877,3.400669873011754,False,5.736705047093751,2.6639648259180033,False
18040,0.9175046703553363,1.0,434.4814601229518,217.22465519702845,0.5385205388069153,train,116.97993835885016,18.395987671770033,True,5.651024689904462,17.74496298186557,True
18041,8.459355652678411,0.9768801025298377,222.19881912024314,1037.538129917811,0.005940594151616097,train,6.16359294666845,-3.76728141066631,False,7.24700426791931,-6.014285678585621,False
18042,0.27726577175357986,1.0,434.4814601229518,66.78780968615501,0.8850211501121521,train,59.10862414191244,6.821724828382489,False,5.244721677364378,6.577003151018111,False
18043,1.1299851288056164,0.9441101257397658,187.81864081471608,116.49622877748497,0.3683402955532074,test,42.91025533873288,3.5820510677465762,False,5.75611499791556,2.825936069831016,False
18044,5.4669776387807705,0.9838012637232556,177.14308429287755,532.9579087852719,0.04854928962886333,train,25.87472787360949,0.17494557472189864,False,6.8667088647162124,-1.6917632899943138,False
18046,0.22109690385761527,1.0,434.4814601229518,53.37449333576433,0.9135925769805908,train,48.762540911654305,4.752508182330862,False,5.199749556318136,4.552758626012726,False
18047,0.44481622074729016,1.0,434.4814601229518,106.54128978952978,0.6708616375923157,train,71.4744641394014,9.294892827880282,False,5.367982130602121,8.926910697278162,False
18048,0.7530493687913453,0.9477756640999073,219.47437621015382,91.26567271075876,0.6173507690429687,train,56.34293323521081,6.268586647042163,False,5.561356768001953,5.70722987904021,False
18049,0.5350047521610856,0.8460381112278929,273.81631203013984,81.12120438519938,0.5882226228713989,train,47.717327613948804,4.543465522789761,False,5.428533476904782,4.114932045884979,False
18050,0.8429537298147034,0.7801739560644535,139.21589556111383,64.52137816675572,0.5581755399703979,train,36.01425509786312,2.2028510195726243,False,5.611369572466236,1.5914814471063883,False
18051,0.012840313771919333,0.006532256570190978,328.6951786851897,2.336319704691138,0.8017797946929932,train,1.873213933164455,-4.625357213367109,False,5.012758575892777,-4.638115789259886,False
18052,0.26303271234321135,1.0,434.4814601229518,63.39349302169842,0.7833609819412232,test,49.65998894216175,4.931997788432351,False,5.233515743542214,4.698482044890137,False
18053,0.3525150980710404,0.48356512312180333,102.69004702791601,20.012874762457944,0.7307976007461547,train,14.625360860437537,-2.0749278279124925,False,5.301965894760141,-2.376893722672633,False
18054,0.4270594369498621,1.0,434.4814601229518,102.34445768292396,0.7466461181640625,train,76.41509204456133,10.283018408912268,False,5.355615989309046,9.927402419603222,False
18055,5.106070982212016,0.9725559268394428,662.7612978755224,1851.733892366285,0.018114506825804712,train,33.543246232842996,1.7086492465685996,False,6.809283519238896,-0.10063427267029645,False
18056,0.5558539873168262,0.930775737426577,376.3674486077457,115.92146850373194,0.622990345954895,train,72.21795576673942,9.443591153347885,False,5.442024582867764,9.001566570480122,False
18057,0.744070921948209,0.8870027812883113,435.29368712706446,179.5044076327876,0.4455351769924164,train,79.9755280255929,10.99510560511858,False,5.556221990914645,10.438883614203935,False
18058,0.4213720927122868,0.7742684554331095,326.39549646187817,76.2847555835592,0.7821452617645264,train,59.66576012454583,6.933152024909166,False,5.35162266755553,6.581529357353636,False
18060,0.5757260261913026,0.8606325959227502,669.4023200836227,213.27340570527136,0.4420757949352264,train,94.28301036570089,13.856602073140177,True,5.4547161350743725,13.401885938065805,True
18061,6.240724334880891,0.9848708471092682,232.71884597958788,802.5510712825608,0.018114506825804712,train,14.537816858804831,-2.0924366282390334,False,6.979721247647599,-4.072157875886632,False
18062,1.690957874773195,0.9646161635144058,253.7455419673195,236.94004039786003,0.2360052913427353,test,55.919103264856425,6.183820652971285,False,5.989897217506001,5.193923435465284,False
18063,0.5186556526557918,0.8943661181123558,147.5787161007014,42.42621440044232,0.7190386891365051,train,30.506089587518364,1.1012179175036731,False,5.417825504468967,0.6833924130347064,False
18064,2.3910061628004367,0.9653314697697546,515.0935801592143,680.6785050759786,0.09895913898944855,train,67.35935879094383,8.471871758188767,False,6.221126680540976,7.250745077647791,False
18065,3.6483902344335672,0.9768504389739306,359.25864909044896,724.6572204906294,0.005940594151616097,train,4.304894445973009,-4.139021110805398,False,6.536520973519691,-5.675542084325089,False
18066,0.7416120708185718,0.7407502693091537,382.4755871391118,156.13264455573994,0.566741144657135,train,88.48679369386565,12.69735873877313,False,5.554811161793013,12.142547576980117,False
18068,0.6824164785052534,1.0,434.4814601229518,162.39897791259583,0.7646109819412231,train,124.1720419680009,19.83440839360018,True,5.520231140000121,19.31417725360006,True
18069,2.179554963580201,0.9635360563669397,454.94092865859926,547.8296647870795,0.031157984957098962,train,17.06926845448839,-1.5861463091023218,False,6.156741238438687,-2.7428875475410086,False
18070,0.21310393306911085,1.0,434.4814601229518,51.46166984493818,0.9135925769805908,train,47.014999569361436,4.4029999138722875,False,5.19318230895345,4.209817604918838,False
18071,1.3065670524471205,0.9562109038361197,245.95126607307733,178.0013767518318,0.34189255237579347,train,60.857345024089,7.171469004817801,False,5.83576029467366,6.335708710144141,False
18072,1.7404486417821514,1.0,434.4814601229518,406.9396229818044,0.41024417281150816,train,166.94460901439734,28.388921802879473,True,6.008121644873094,27.38080015800638,True
18073,5.703538378428057,0.9611857473684745,241.76602631668015,738.1856343745936,0.20703413039445878,train,152.8296208824259,25.565924176485183,True,6.90263550317594,23.663288673309243,True
18074,0.6666604170306565,0.8656778292468202,479.6318845843181,176.641681543837,0.6167334914207458,train,108.94084098896211,16.788168197792423,True,5.5108218739773545,16.277346323815067,True
18075,7.231341555032655,0.9782474644429483,256.9072804153534,1019.7464390723384,0.018114506825804712,train,18.47220383116592,-1.3055592337668158,False,7.107949009306536,-3.4135082430733514,False
18076,0.4465041414038914,1.0,434.4814601229518,106.94004983997758,0.7456257104873657,train,79.73725064148758,10.947450128297517,False,5.369149708481382,10.578300419816134,False
18077,3.0503922909147767,0.9729976600168234,220.90221308534123,372.65306452496475,0.031157984957098962,train,11.61111857868568,-2.677776284262864,False,6.3988137383818975,-4.076590022644762,False
18078,1.2455489468626675,0.9626379432645175,175.3962820415866,120.81310350130131,0.33079365491867063,train,39.96420806926311,2.9928416138526224,False,5.808950011064788,2.183891602787835,False
18079,0.7496019265541782,0.9384463915084544,1400.550601709872,579.695640729223,0.4420757949352264,train,256.26941119585666,46.25388223917133,True,5.559388291519606,45.69449394765173,True
18080,0.9396163524808873,1.0,434.4814601229518,222.36301006701999,0.5204034864902496,test,115.71848570534367,18.143697141068735,True,5.662490197065701,17.481206944003034,True
18083,0.4194494144168532,1.0,434.4814601229518,100.54473862334075,0.6813801646232605,train,68.50919055517461,8.701838111034924,False,5.350269060097844,8.35156905093708,False
18084,0.7349360792086246,0.6679532966150411,150.77626513054338,60.9087067173216,0.5765088677406311,train,35.11440954514925,2.0228819090298504,False,5.5509705707654575,1.471911338264393,False
18085,1.170707378440225,0.9047919828849162,366.0288950422469,236.97332741324684,0.3590570330619812,train,85.08693985582588,12.017387971165174,False,5.775053095280185,11.242334875884989,False
18086,0.7476606165268853,1.0,434.4814601229518,177.65329740708373,0.711473000049591,train,126.3955244749201,20.27910489498402,True,5.558278103077777,19.72082679190624,True
18087,3.2859149868094613,0.8911506465985997,1113.7195830443725,2023.6599557955528,0.15188405513763428,train,307.3616803058743,56.472336061174865,True,6.45533406176588,55.01700199940898,True
18089,0.35710874000066534,1.0,434.4814601229518,85.77591179198383,0.6608692884445191,train,56.68666579164819,6.337333158329638,False,5.3053565102883145,6.031976648041324,False
18090,0.38640529964851567,1.0,434.4814601229518,92.72224712068062,0.7110795021057129,train,65.93288931669645,8.18657786333929,False,5.326714282008979,7.859863581330311,False
18091,0.2470445298624689,1.0,434.4814601229518,59.57696379914852,0.8533052325248718,test,50.8373349477583,5.167466989551661,False,5.220776375653325,4.946690613898336,False
18092,3.6639284755518644,0.9889421404980208,762.1520073323348,1544.0284803775323,0.018114506825804712,train,27.969314447035686,0.5938628894071378,False,6.539858113500041,-0.9459952240929033,False
18093,1.8643678672390185,0.9136860350126547,614.9578437205407,633.1729874653487,0.2009523794054985,train,127.2376184064497,20.44752368128994,True,6.0523476861150325,19.39517599517491,True
18094,2.3088778414365025,0.9734925093528362,608.3471560160986,776.7221944092669,0.04854928962886333,train,37.70931077754179,2.5418621555083583,False,6.19660911119441,1.3452530443139485,False
18095,1.574388345929226,0.9018223129501136,326.4344518195699,283.82004849821595,0.2953673481941223,train,83.83117508924524,11.766235017849048,False,5.945611970338193,10.820623047510855,False
18096,0.7279138173176313,0.6011480016382312,301.9218728365622,121.25637625044995,0.5219574332237243,train,63.29066690969502,7.658133381939004,False,5.54691479490062,7.111218587038384,False
18097,2.239728976506589,0.9780021511836066,463.4839511841622,574.2899937344532,0.04854928962886333,train,27.88137123677208,0.5762742473544158,False,6.175489677079085,-0.5992154297246692,False
18098,0.4209495989297668,1.0,434.4814601229518,100.89957424910988,0.6423507690429687,train,64.81291911502385,7.9625838230047705,False,5.351325379752483,7.611258443252288,False
18100,0.2715164906710702,1.0,434.4814601229518,65.41707690158998,0.7239949345588684,train,47.3616323103991,4.47232646207982,False,5.240210275258042,4.232116186821778,False
18101,0.7734429168999133,0.8964206715446962,172.32979008430323,73.84680030792646,0.49690393209457395,train,36.69476544561145,2.338953089122291,False,5.572922808020508,1.7660302811017825,False
18102,14.401383754393525,0.9964300582600625,8020.768544831676,63799.19285216037,0.012173912674188613,train,776.6858024659188,150.33716049318377,True,7.734457359564336,147.60270313361943,True
18103,0.2721434861016134,1.0,434.4814601229518,65.5665877017416,0.8850211501121521,test,58.027816856724634,6.605563371344928,False,5.240703262095094,6.364860109249834,False
18106,1.0555755406654714,0.9188108471056808,382.6916619291059,223.71221435975596,0.4019396722316742,train,89.91881411398235,12.983762822796471,False,5.720555877186701,12.26320694560977,False
18107,0.36149350263339586,1.0,434.4814601229518,86.81623663632352,0.7370035529136658,train,63.983874851563996,7.7967749703128,False,5.308582260908316,7.488192709404484,False
18108,0.7372810285537728,0.9505758241658353,203.166813182378,83.08539477764755,0.5517722427845001,train,45.84421461909818,4.168842923819637,False,5.552321263783133,3.616521660036504,False
18109,9.850295495570402,0.9881145425715452,175.36642067763523,948.819155519891,0.018114506825804712,train,17.18739106911933,-1.5625217861761342,False,7.384192314230397,-3.946714100406531,False
18110,0.39951823294149913,1.0,434.4814601229518,95.82799197200194,0.7110795021057129,train,68.14132081924139,8.628264163848279,False,5.33612805807107,8.292136105777208,False
18111,0.24913316106905467,1.0,434.4814601229518,60.075762965235086,0.8020402789115906,train,48.183181684463754,4.636636336892751,False,5.222449839607117,4.414186497285634,False
18112,0.5811735622343981,0.8436386205147459,298.4948314655886,95.96777945938472,0.597990345954895,train,57.38780563944053,6.477561127888107,False,5.458167332236355,6.019393795651752,False
18113,0.46780864986364196,1.0,434.4814601229518,111.97044649820967,0.7850553154945373,train,87.9029942017162,12.580598840343239,False,5.3837705741920185,12.19682826615122,False
18114,0.6784710644983474,1.0,434.4814601229518,161.4754827025583,0.7030795097351075,train,113.53010321275453,17.706020642550907,True,5.517883298384594,17.188137344166314,True
18115,0.20283846436175446,1.0,434.4814601229518,49.00344122265544,0.9335925817489624,train,45.74924920564242,4.149849841128484,False,5.184684150638008,3.965165690490476,False
18116,6.389483064266944,0.8984653378249101,163.66652074115302,571.7741135945759,0.12209639325737953,train,69.81155702783293,8.962311405566588,False,7.000057781805319,6.962253623761269,False
18118,11.8460589693037,0.9901397492732339,236.04613602875335,1524.5632553154219,0.018114506825804712,test,27.616711494782262,0.5233422989564529,False,7.55303706930488,-2.029694770348427,False
18119,0.4696763902426183,1.0,434.4814601229518,112.41122395280593,0.7110795021057129,train,79.93331715945503,10.986663431891007,False,5.385042233863589,10.601621198027416,False
18120,1.2129878007761685,1.0,434.4814601229518,285.67320134960227,0.5796570181846619,train,165.59247606957697,28.118495213915395,True,5.794343548526005,27.32415166538939,True
18123,0.29682130180247324,1.0,434.4814601229518,71.44660318781277,0.8430354714393615,train,60.23202080117873,7.0464041602357455,False,5.259916117740624,6.7864880424951215,False
18124,0.33101441858103026,1.0,434.4814601229518,79.57968781817958,0.8430354714393615,train,67.08849963679624,8.41769992735925,False,5.285941372247636,8.131758555111613,False
18125,2.2847514702832514,0.9536180989430251,218.08751741916757,271.85920278312034,0.09635044410824775,test,26.19375492306783,0.23875098461356625,False,6.189290993148569,-0.9505400085350031,False
18127,0.4106685908275494,1.0,434.4814601229518,98.46731041664057,0.7110795021057129,train,70.01808606475346,9.003617212950694,False,5.344063769895145,8.659553443055549,False
18128,0.2798999890154945,1.0,434.4814601229518,67.41569245828819,0.7817119121551513,train,52.699649860832075,5.539929972166416,False,5.246781941297294,5.293148030869122,False
18129,0.9321275501741145,1.0,434.4814601229518,220.62306989185166,0.6173507690429687,test,136.20182186635526,22.240364373271053,True,5.658621753369976,21.58174261990108,True
18131,0.22882154640456653,1.0,434.4814601229518,55.22210584804182,0.8843242883682251,train,48.83424945626438,4.7668498912528765,False,5.206055617766467,4.560794273486409,False
18132,0.30370717309000816,1.0,434.4814601229518,73.08575468402702,0.7894243240356446,train,57.69567248807297,6.5391344976145955,False,5.265211877773176,6.27392261984142,False
18133,1.23879263504472,1.0,434.4814601229518,291.6307183703359,0.4572018444538116,train,133.33410233830764,21.66682046766153,True,5.805936718340858,20.86088374932067,True
18134,0.36528248801378593,0.7040092406242574,195.3369804566785,39.59630603623547,0.8666336059570312,train,34.3154894827609,1.8630978965521807,False,5.311361358151386,1.551736538400795,False
18135,1.9326748870334738,0.9771544367682966,111.51033045693174,119.06732515169693,0.4039283812046051,test,48.094671902887306,4.618934380577462,False,6.075914937289318,3.543019443288144,False
18136,1.893689833786442,0.9600086895715542,267.26356661687385,278.23287549871577,0.1285346195101738,train,35.76255678744899,2.152511357489799,False,6.062532446856192,1.089978910633607,False
18137,0.27089238061604354,1.0,434.4814601229518,65.26824834378343,0.8430354714393615,test,55.02344851252279,6.0046897025045585,False,5.2397193156216035,5.764970386882955,False
18138,0.6594117526723668,1.0,434.4814601229518,157.01256930040515,0.718791913986206,test,112.85936520733003,17.571873041466006,True,5.506463173706013,17.065409867759993,True
18140,0.33008684016856277,1.0,434.4814601229518,79.35926579619588,0.7229745268821717,train,57.374727642721226,6.4749455285442465,False,5.285244233461965,6.189701295082282,False
18141,0.5551943129942214,0.8761163927216253,426.0114470069638,130.96998530366042,0.5882226228713989,train,77.03950827274771,10.407901654549542,False,5.441600497949233,9.96630115660031,False
18142,1.2004879095446936,1.0,434.4814601229518,282.78630990852145,0.42191084027290343,test,119.31060963117795,18.86212192623559,True,5.788679112841142,18.07344281339445,True
18144,3.7018074937287,0.9799401051296185,254.32390137066005,520.429503878003,0.018114506825804712,test,9.427323800348244,-3.114535239930351,False,6.5479470079204845,-4.662482247850836,False
18145,2.4996687971507083,0.9797703864782937,432.82202725713825,598.5167164037587,0.018114506825804712,train,10.841835144654109,-2.8316329710691783,False,6.252668334632213,-4.084301305701391,False
18146,1.1416935050769146,1.0,434.4814601229518,269.1979594088571,0.6173507690429687,train,166.1895672658558,28.23791345317116,True,5.761596873588077,27.476316579583084,True
18148,0.22234789471529307,1.0,434.4814601229518,53.673776637650434,0.9614406824111938,test,51.604152438088626,5.320830487617727,False,5.20077351312511,5.120056974492616,False
18149,1.9145031066871776,0.9698219362806115,234.8088772175624,248.37088312433764,0.10135565251111985,test,25.173792923830327,0.03475858476606586,False,6.069699344444631,-1.0349407596785651,False
18150,1.4032036326583965,1.0,434.4814601229518,329.52249136135396,0.4420757949352264,train,145.67391731760682,24.134783463521366,True,5.876802694178745,23.25798076934262,True
18151,1.4876551299264171,0.9327772144981251,253.5369994684778,208.53742760306247,0.26007936596870423,train,54.23628195174905,5.847256390349811,False,5.911340551895585,4.935915838454226,False
18152,0.22234789471529307,1.0,434.4814601229518,53.673776637650434,0.8843242883682251,test,47.465024329125285,4.493004865825057,False,5.20077351312511,4.292231352699947,False
18153,0.21702679807157704,1.0,434.4814601229518,52.40059537209681,0.8850211501121521,train,46.37563518277463,4.275127036554926,False,5.196410833542398,4.078716203012528,False
18154,0.9706809887436316,0.7554132175823738,198.00853831790815,105.95537233608844,0.4572018444538116,train,48.44299166185,4.688598332370001,False,5.678379162581777,4.010219169788224,False
18155,0.6745711989468633,1.0,434.4814601229518,160.5625284226788,0.7229745268821717,train,116.08261802139145,18.216523604278294,True,5.5155571318745364,17.700966472403756,True
18156,0.46595574128542644,1.0,434.4814601229518,111.53313279958854,0.7110795021057129,train,79.30892453942178,10.861784907884356,False,5.382507412889648,10.479277494994708,False
18157,0.2589867606885427,1.0,434.4814601229518,62.42805561816509,0.8607261538505554,test,53.73346020459179,5.74669204091836,False,5.230307239271052,5.516384801647308,False
18159,0.6379131561408554,1.0,434.4814601229518,151.97495125732186,0.6813801646232605,train,103.55271730632596,15.710543461265193,True,5.493422965796335,15.217120495468858,True
18160,1.0495107470402385,0.9468601051634513,339.3906636729041,195.75630437266184,0.4066728949546814,test,79.60878300486014,10.92175660097203,False,5.7176011046861195,10.20415549628591,False
18161,1.679749924663259,0.9208475386590437,289.1050239375088,266.25010908193815,0.2770677536725998,test,73.76931963841726,9.753863927683453,False,5.985723478476145,8.768140449207309,False
18162,0.19131914382366463,1.0,434.4814601229518,46.24281635011668,0.8430354714393615,train,38.98433448240443,2.7968668964808856,False,5.175061217385713,2.6218056790951723,False
18163,0.2517941896703412,1.0,434.4814601229518,60.71116202110275,0.7389337062835694,train,44.86152396503573,3.9723047930071456,False,5.2245778739178395,3.747726919089306,False
18166,0.23243085008425343,1.0,434.4814601229518,56.085062979954415,0.9171954154968261,train,51.44096264306495,5.28819252861299,False,5.208988519952427,5.079204008660564,False
18168,4.215524044125697,0.9842637998604782,222.0964352245586,517.5921357891646,0.018114506825804712,train,9.37592627673566,-3.124814744652868,False,6.6516395712518595,-4.7764543159047275,False
18170,2.0087459676708765,0.9723948639622124,327.8157254716274,364.23126826726474,0.1316616103053093,train,47.95527530361318,4.591055060722637,False,6.1015233699134575,3.489531690809179,False
18171,1.6829494275729755,0.9634631794417382,280.4373283774303,261.15840132730415,0.22039682269096375,test,57.55848187158941,6.511696374317882,False,5.986916722057107,5.524779652260775,False
18172,7.4476805947161955,0.9810917817746024,534.8202775376869,2200.4368370910597,0.0,train,0.0,-5.0,False,7.1338919178585485,-7.1338919178585485,False
18173,1.2914956364779333,0.9671230747684835,566.5846283045128,404.50016082155173,0.2360052913427353,train,95.46417830287359,14.092835660574718,True,5.829204720744383,13.263630939830335,False
18174,0.24197314649331672,1.0,434.4814601229518,58.36555160512626,0.8673304677009582,test,50.62222117129857,5.124444234259714,False,5.216701362096642,4.907742872163072,False
18175,0.21081759955767948,1.0,434.4814601229518,50.914324726462645,0.9864406824111939,test,50.22396122767693,5.044792245535387,False,5.191295833538545,4.853496411996842,False
18176,0.4871840341000729,1.0,434.4814601229518,116.54116556989874,0.7030795097351075,train,81.93770555284239,11.387541110568478,False,5.396884421824217,10.99065668874426,False
18177,1.9381818146585095,0.9765388898205886,216.96603394992886,232.71269742318296,0.1316616103053093,train,30.639328481228468,1.1278656962456939,False,6.077790959655378,0.05007473659031625,False
18178,3.135058947094199,0.9736044482486474,566.4594555374065,980.6859973040288,0.018114506825804712,test,17.76464319213493,-1.447071361573014,False,6.419501584019558,-2.8665729455925724,False
18179,1.7900295397070964,0.9553575865526834,315.83544283688605,312.5668328977986,0.21943063735961915,train,68.58673936024152,8.717347872048306,False,6.026052183485861,7.691295688562445,False
18181,0.9331228630916074,0.8710424068202293,191.91618084330216,99.25323262186295,0.42228121161460874,test,41.91277532822689,3.382555065645379,False,5.659136759040023,2.723418306605356,False
18182,0.3396036624828339,1.0,434.4814601229518,81.62022394361894,0.8020402789115906,test,65.46270717656661,8.092541435313322,False,5.2923737959464425,7.8001676393668795,False
18183,1.739763886107594,0.9188889734829216,339.9809804168756,322.04744501689623,0.35311171412467957,train,113.71872533938972,17.743745067877946,True,6.007871743733444,16.7358733241445,True
18185,0.8896014528892053,1.0,434.4814601229518,210.73628585469308,0.5051337063312531,train,106.45000113226354,16.290000226452708,True,5.63636593534784,15.653634291104868,True
18186,0.19447459034396175,1.0,434.4814601229518,46.99925273599685,0.8850211501121521,train,41.59533271082364,3.3190665421647285,False,5.177706415346472,3.141360126818257,False
18187,0.22882154640456653,1.0,434.4814601229518,55.22210584804182,0.824593460559845,train,45.53578736063886,4.107157472127772,False,5.206055617766467,3.901101854361305,False
18188,1.2184823193046845,0.9325699466266113,466.4403122747098,314.2656898369128,0.2716831386089325,train,85.38068897199378,12.076137794398758,False,5.796823322142993,11.279314472255765,False
18189,0.551539953764919,0.9363932247556344,597.2852911951804,182.56400451303054,0.597990345954895,train,109.17151221765813,16.834302443531627,True,5.4392479562762555,16.395054487255372,True
18190,1.3678800170076972,0.9736964596837224,153.71149695433726,116.42805964988867,0.41283069252967836,train,48.06507649515024,4.613015299030048,False,5.861995047244697,3.7510202517853504,False
18191,0.7713134444677393,0.9296801344961675,248.58847006905094,105.81920587161866,0.5796570181846619,train,61.338845342211336,7.267769068442268,False,5.571721330417394,6.696047738024874,False
18193,0.7394247529109096,0.8050698541320118,307.324986094153,125.24005376005016,0.4572018444538116,train,57.259983578589456,6.4519967157178915,False,5.553554456790284,5.8984422589276075,False
18194,1.047495084440532,0.6999664175964747,628.7807885221977,364.45670266315494,0.4655351758003235,train,169.66741514589808,28.93348302917962,True,5.71661713598056,28.21686589319906,True
18195,0.4349513177684019,1.0,434.4814601229518,104.21014420454426,0.7758354663848877,train,80.849925830969,11.1699851661938,False,5.361130923736054,10.808854242457747,False
18196,0.8716568244822145,0.9345207813356281,461.04902110101574,222.45761467838244,0.35654863715171814,train,79.31695933759931,10.863391867519864,False,5.626824040994961,10.236567826524903,False
18197,0.2567302367502105,1.0,434.4814601229518,61.889500116810915,0.8071539163589477,test,49.95435240078148,4.990870480156296,False,5.228513297785744,4.762357182370552,False
18198,8.558365958426162,0.9846564733671291,322.48069790249446,1500.8197654264895,0.031157984957098962,test,46.76251967447536,4.352503934895072,False,7.257416787603173,2.095087147291899,False
18199,0.20784444087127169,1.0,434.4814601229518,50.202423442054005,0.9135925769805908,train,45.86456140309694,4.172912280619389,False,5.18883731710734,3.9840749635120494,False
18201,0.19447459034396175,1.0,434.4814601229518,46.99925273599685,0.8346027374267578,train,39.22570499047501,2.845140998095002,False,5.177706415346472,2.6674345827485304,False
18202,1.4495808275109414,0.9450168010320934,825.3443266159255,653.9504757880122,0.2716831386089325,train,177.6673177568919,30.533463551378382,True,5.895916919107073,29.63754663227131,True
18203,0.7078857413513023,0.903892543054901,138.95192242416718,54.553740266478734,0.4655351758003235,train,25.396685065520366,0.07933701310407315,False,5.5352561969643865,-0.4559191838603134,False
18204,1.5746320634952458,1.0,434.4814601229518,368.92243021519886,0.3084963262081146,train,113.8112143771584,17.76224287543168,True,5.945706635943231,16.81653623948845,True
18206,0.26965273725684985,1.0,434.4814601229518,64.97261931774895,0.8163737654685974,train,53.04194188478844,5.60838837695769,False,5.238743427849444,5.369644949108245,False
18207,0.30767268611824394,1.0,434.4814601229518,74.02942677922071,0.7319949269294739,test,54.1891648458865,5.837832969177301,False,5.268248981749,5.569583987428301,False
18208,0.2624469894242314,1.0,434.4814601229518,63.25374424795125,0.8340644478797913,train,52.757699272496986,5.5515398544993975,False,5.233051892710967,5.31848796178843,False
18210,1.0269154420817965,0.9127803799090617,194.96803249169662,110.00897192867522,0.4655351758003235,train,51.213046086428676,5.242609217285736,False,5.706515150803877,4.5360940664818585,False
18211,0.729067056462087,1.0,434.4814601229518,173.3092994132887,0.7030795097351075,train,121.85021726402996,19.370043452805994,True,5.54758198932798,18.822461463478014,True
18212,0.4940004834137376,0.9241382082825339,255.36891378105057,69.98358540878199,0.7110795021057129,train,49.763893068049335,4.952778613609867,False,5.401457410280679,4.551321203329188,False
18213,0.9872232023800699,1.0,434.4814601229518,233.41640757785586,0.4572018444538116,train,106.71841207037835,16.343682414075673,True,5.686738288604757,15.656944125470915,True
18214,0.12339082961969658,0.08165091783349587,357.8574617376193,24.37270296598495,0.6935813903808594,train,16.90445321048754,-1.619109357902492,False,5.116351638024035,-1.7354609959265273,False
18215,0.935781230512531,0.7161940030966463,386.6826508293144,200.0882943024951,0.48365222811698916,train,96.77314935952961,14.354629871905924,True,5.660510981700996,13.694118890204928,False
18217,0.40222285114271683,0.5504149624140324,96.62290271488189,21.48488449864207,0.7040999174118042,train,15.127505401096036,-1.9744989197807925,False,5.33805872829374,-2.3125576480745327,False
18218,1.1751613152459812,0.9646936411960698,284.28971537246775,184.88852537022905,0.28706775307655336,test,53.07553354766898,5.615106709533798,False,5.77710282971953,4.838003879814268,False
18219,3.35635545501302,0.9788325038761947,190.64119460318705,353.81469297998666,0.018114506825804712,train,6.409178671055967,-3.7181642657888068,False,6.4716358029841725,-5.189800068772979,False
18220,1.6331213741460378,0.9681782128632165,337.85940364361414,305.44451127572097,0.26007936596870423,train,79.43981483121024,10.88796296624205,False,5.968169976734687,9.919792989507362,False
18221,1.6871932519157626,0.9634259510704029,284.91082839268535,263.72835294780987,0.2360052913427353,test,62.24128677278759,7.448257354557519,False,5.988497248117408,6.459760106440111,False
18223,5.377501173417842,0.9849935249911569,504.07087230513497,1498.0993336982588,0.0,test,0.0,-5.0,False,6.852776355027203,-6.852776355027203,False
18224,0.8040810493898821,1.0,434.4814601229518,190.8196854620592,0.6925609827041626,test,132.15426888290293,21.430853776580587,True,5.590051348230931,20.840802428349654,True
18225,5.090684318882026,0.9852247484766733,535.0730515425925,1505.506455172538,0.0,train,0.0,-5.0,False,6.8067604430415525,-6.8067604430415525,False
18226,6.680928017473351,0.9921423150894525,464.37319631896224,1710.8801002177836,0.005940594151616097,train,10.163644317470126,-2.9672711365059747,False,7.0387403754680555,-5.00601151197403,False
18227,0.7684569319378605,0.9441448160228553,155.0806580553312,65.78695904153041,0.6423507690429687,train,42.25830373332534,3.451660746665068,False,5.570107376490334,2.881553370174734,False
18229,4.532799593585247,0.9908047170706269,380.94778390865633,954.534177144099,0.018114506825804712,train,17.290915867340665,-1.5418168265318668,False,6.710693943051302,-3.2525107695831688,False
18230,1.9926679701677943,0.9676089659193264,602.5423504860086,661.5358878115293,0.08156783431768418,train,53.96004969221293,5.792009938442586,False,6.0961652872566265,4.6958446511859595,False
18231,7.601572597212629,0.9913090237160839,275.6177953977724,1156.6818119046645,0.01811450608074665,train,20.9527197152361,-0.8094560569527802,False,7.151945046683588,-2.9614011036363683,False
18232,3.499426560415431,0.9415290509452615,293.9526720744794,552.3277945849877,0.28706775307655336,train,158.55549895324054,26.71109979064811,True,6.5039499576374595,25.20714983301065,True
18233,0.5643579641810553,1.0,434.4814601229518,134.70954644528524,0.7379132986068726,test,99.40396577127615,14.88079315425523,True,5.44747549328831,14.433317660966921,True
18234,0.27089238061604354,1.0,434.4814601229518,65.26824834378343,0.8607261538505554,train,56.17808836550759,6.235617673101519,False,5.2397193156216035,5.995898357479915,False
18235,1.1762519163755984,1.0,434.4814601229518,277.1869118215254,0.42191084027290343,train,116.94816287927098,18.389632575854197,True,5.777604092686019,17.612028483168178,True
18236,2.0567911869072444,0.9780819346496551,206.21566087793008,234.14060029123812,0.23507936745882035,test,55.04162421289274,6.008324842578549,False,6.117365734035708,4.890959108542841,False
18238,0.2953333483431762,1.0,434.4814601229518,71.09231458608183,0.8071539163589477,train,57.38244014117829,6.476488028235659,False,5.2587680738747675,6.217719954360891,False
18239,3.1955727921320403,0.9582383669194426,317.45428825108934,556.0544007323732,0.09635044410824775,train,53.57608845890972,5.715217691781945,False,6.434029872226825,4.28118781955512,False
18241,1.6264651012864877,0.9661583786802713,274.6258596639309,246.78829453188993,0.2360052913427353,train,58.24334335097545,6.648668670195091,False,5.96563887416826,5.6830297960268314,False
18242,1.7223047026472402,0.9759788995434642,351.67993715611743,335.11984388802176,0.15285024046897888,test,51.22314872421079,5.2446297448421575,False,6.001478838687097,4.24315090615506,False
18243,0.39549167078187303,1.0,434.4814601229518,94.87453510031064,0.6813801646232605,train,64.64562634520496,7.929125269040993,False,5.333246805350038,7.595878463690955,False
18244,0.605206812682133,0.7798378994328516,296.17455870803616,99.01334574456578,0.6675609827041626,train,66.09744638606935,8.21948927721387,False,5.47325260353452,7.746236673679351,False
18245,4.268230365525936,0.9783915047623531,396.80513784588345,934.4425715128875,0.005940594151616097,test,5.551144075350566,-3.889771184929887,False,6.661694512143987,-5.551465697073874,False
18246,0.5735877049922284,0.9432990160982986,269.1675676713678,85.53159249624198,0.6423507690429687,train,54.941284217430855,5.988256843486171,False,5.453358174762892,5.5348986687232795,False
18247,0.787945921446725,0.8431413419968146,337.4936967054289,147.20095596706443,0.48857060074806213,train,71.91805948751771,9.383611897503542,False,5.581067431018044,8.802544466485497,False
18248,1.7146249558426925,1.0,434.4814601229518,401.0245178721225,0.4314875602722168,train,173.03709082598414,29.607418165196826,True,5.99865380603283,28.608764359163995,True
18250,0.6081799783207076,1.0,434.4814601229518,145.0014322984572,0.7030795097351075,train,101.94753593128766,15.389507186257532,True,5.475103091309796,14.914404094947736,True
18251,1.0598312119348068,0.527842252081875,3018.5486539725525,1770.2881086127209,0.5615399658679963,test,994.0875240869069,193.8175048173814,True,5.722624043490578,193.09488077389082,True
18252,0.46930615761282946,0.33625866034799984,173.9424891431896,45.20994073782848,0.7656313896179199,test,34.614149751647425,1.9228299503294854,False,5.3847902877388885,1.538039662590597,False
18253,0.22403808748353854,1.0,434.4814601229518,54.078092614076205,0.8850211501121521,test,47.860255721181204,4.572051144236241,False,5.202155300831118,4.369895843405123,False
18254,0.2534182937623258,1.0,434.4814601229518,61.09891107052697,0.8163737654685974,test,49.87954809667707,4.975909619335415,False,5.225874454012543,4.750035165322871,False
18255,0.346599191335169,1.0,434.4814601229518,83.28142942991195,0.7681230545043946,train,63.97038595719615,7.79407719143923,False,5.297582296605448,7.496494894833782,False
18256,0.4349513177684019,1.0,434.4814601229518,104.21014420454426,0.7656313896179199,train,79.78655751960905,10.95731150392181,False,5.361130923736054,10.596180580185756,False
18257,2.1656912580246095,0.9752463849764919,434.705465868994,520.2563896854824,0.031157984957098962,train,16.210140763654877,-1.7579718472690242,False,6.152371438707615,-2.910343285976639,False
18258,0.5483297371877783,0.2966235771797886,303.40709430532803,91.81448296841165,0.6925609827041626,train,63.58712855107777,7.717425710215554,False,5.437176761003678,7.2802489492118765,False
18259,1.2125813338653084,0.8831369372104175,407.2802171379125,273.54374102255423,0.348560106754303,train,95.34643557279291,14.069287114558584,True,5.794159858293342,13.275127256265243,False
18260,6.060944879074661,0.985096121483185,460.30078778439696,1541.3685594696524,0.0,train,0.0,-5.0,False,6.954578878112954,-6.954578878112954,False
18262,0.5460793595386396,0.8853475836564466,263.5103655416476,79.7060346325075,0.5882226228713989,train,46.88489275021212,4.376978550042423,False,5.43572228102025,3.9412562690221735,False
18263,0.8697693397413027,1.0,434.4814601229518,206.12180185989308,0.4655351758003235,train,95.95694926512478,14.191389853024955,True,5.6258150755266145,13.565574777498341,False
18264,0.3084782636933827,1.0,434.4814601229518,74.22110317972789,0.7319949269294739,train,54.32947099866986,5.865894199733972,False,5.268864831228677,5.597029368505296,False
18266,0.37059475794999625,1.0,434.4814601229518,88.97482186685458,0.7379132986068726,train,65.65570429672957,8.131140859345914,False,5.315244775523426,7.815896083822488,False
18267,0.21195459675767545,1.0,434.4814601229518,51.18653123165743,0.9135925769805908,train,46.76363497462741,4.352726994925481,False,5.192234425524367,4.160492569401114,False
18268,0.2498733405770556,0.18109311488442018,280.815780197758,38.866837650005365,0.72016841173172,train,27.99066873943898,0.5981337478877968,False,5.223042218641872,0.3750915292459247,False
18269,0.47155914159509343,1.0,434.4814601229518,112.85550666994108,0.7758354663848877,train,87.55730465137654,12.511460930275309,False,5.386322479249755,12.125138451025553,False
18270,0.8740529927602333,0.9225367306438488,170.00255352792814,81.85494436460492,0.597990345954895,train,48.948466498708775,4.7896932997417565,False,5.628103461303416,4.16158983843834,False
18271,0.357995156464314,0.7340096646766834,478.5660349077041,95.1308960589494,0.7586926102638245,test,72.1751078477009,9.435021569540181,False,5.306009462461745,9.129012107078436,False
18272,1.5377634633151567,0.9641991559146582,414.32800567834323,352.26727891179314,0.154016175866127,test,54.25485918076075,5.85097183615215,False,5.9312831668856125,4.919688669266537,False
18273,0.5927965773271613,0.937422855646776,120.03060138206044,39.40129919214946,0.6458616375923156,train,25.447787619506432,0.0895575239012869,False,5.465491324925235,-0.37593380102394836,False
18275,0.3809388528733502,0.7810472869536264,380.92600568619054,80.57426743878351,0.7821452617645264,train,63.02078149739228,7.604156299478456,False,5.322763596019908,7.281392703458548,False
18276,1.1686753765790294,0.8484041595193474,283.91074046467236,183.77402468805812,0.40079365372657777,test,73.65546281476512,9.731092562953023,False,5.774116555627227,8.956976007325796,False
18277,0.9336786262808954,0.7343500753098781,372.9934398774996,192.01149173335904,0.5019855558872223,train,96.38699541450502,14.277399082901006,True,5.659424212737681,13.617974870163325,False
18278,0.40924080914323396,1.0,434.4814601229518,98.1294317994375,0.7110795021057129,train,69.77782750586053,8.955565501172106,False,5.343051126151101,8.612514375021005,False
18279,0.2924018025233568,1.0,434.4814601229518,70.39420802566852,0.8181681036949158,test,57.594295691466634,6.518859138293328,False,5.256502349677352,6.262356788615976,False
18280,0.9778179801153659,0.9082532042220426,226.28761529681813,121.65942063927858,0.4753188967704773,train,57.82702159999733,6.565404319999466,False,5.681994206779852,5.883410113219614,False
18281,0.25561666996876076,1.0,434.4814601229518,61.623700973189976,0.8850211501121521,train,54.53827870945994,5.907655741891988,False,5.227626822393835,5.680028919498153,False
18283,3.1659634482258574,0.9814074595182615,122.72222702970909,214.55221699633339,0.14231883808970452,train,30.534822232488324,1.1069644464976651,False,6.426947568970683,-0.3199831224730181,False
18284,0.37412721253297265,1.0,434.4814601229518,89.8123524369471,0.7030795097351075,train,63.145224719525444,7.62904494390509,False,5.317818775055118,7.311226168849972,False
18285,0.21662801983579527,1.0,434.4814601229518,52.305160707111895,0.8850211501121521,train,46.29117348580912,4.258234697161823,False,5.196083113903263,4.062151583258561,False
18286,0.42935859160853357,0.8688926344193363,761.5737205797408,181.54078129114282,0.622990345954895,train,113.098154141491,17.6196308282982,True,5.357225806312165,17.262405021986034,True
18287,1.405875041750224,0.9662166808112261,647.5038693986842,502.6510933288088,0.17688405364751816,train,88.91096295835668,12.782192591671336,False,5.877913680106598,11.904278911564738,False
